0.8796016573905945,1.060166835784912,8.624783163213579e-07,0.7889066934585571,1.0352697372436523,-0.06085829436779022,0.7152273058891296,0.9708583354949951,-0.10541904717683792,0.6375342607498169,0.916898787021637,-0.13791832327842712,0.5711367130279541,0.8728770613670349,-0.17081674933433533,0.7967090010643005,0.7909756302833557,-0.10009858757257462,0.7545799612998962,0.6538230180740356,-0.13557662069797516,0.730384349822998,0.5662969946861267,-0.16059426963329315,0.7167242169380188,0.4914625883102417,-0.1767767369747162,0.8762524127960205,0.7641481161117554,-0.08459468930959702,0.877673864364624,0.6058082580566406,-0.11322709918022156,0.8800373673439026,0.5029255747795105,-0.13321584463119507,0.8827311992645264,0.42015931010246277,-0.14804182946681976,0.9339895248413086,0.7730608582496643,-0.07012948393821716,0.9440391063690186,0.6276643872261047,-0.0981561690568924,0.9512252807617188,0.5259480476379395,-0.11402960121631622,0.9543702602386475,0.4463368058204651,-0.12352989614009857,0.9672549366950989,0.7996470928192139,-0.057799749076366425,0.9779192209243774,0.683326244354248,-0.07937081903219223,0.987394392490387,0.6087266206741333,-0.08197061717510223,0.9941729307174683,0.547743022441864,-0.08166228979825974,5
0.8909236788749695,1.0282682180404663,8.027699891499651e-07,0.7900540828704834,0.999016523361206,-0.050776008516550064,0.703324556350708,0.9290004968643188,-0.08727303147315979,0.6203114986419678,0.8735409379005432,-0.11389777809381485,0.5535686612129211,0.8309105634689331,-0.14043031632900238,0.7860683798789978,0.7427371144294739,-0.07979898899793625,0.7417058348655701,0.5981919765472412,-0.10680445283651352,0.7147548198699951,0.5106306076049805,-0.125777930021286,0.6981629729270935,0.4403568208217621,-0.13854147493839264,0.8637906312942505,0.7159510254859924,-0.06831822544336319,0.8592255711555481,0.5552048683166504,-0.08620098978281021,0.8609687089920044,0.45663008093833923,-0.09955593943595886,0.866694450378418,0.38002222776412964,-0.10985291749238968,0.9226391315460205,0.7298412322998047,-0.05842924118041992,0.929517388343811,0.5801418423652649,-0.07883228361606598,0.9384434223175049,0.48385176062583923,-0.09779945015907288,0.9471547603607178,0.40687328577041626,-0.11124035716056824,0.9613232612609863,0.7652132511138916,-0.05006933957338333,0.956855058670044,0.6778098344802856,-0.07217259705066681,0.953972339630127,0.6305006742477417,-0.07971419394016266,0.9530534744262695,0.5944114923477173,-0.08272901177406311,5
0.8811509013175964,0.9781482815742493,7.650029942851688e-07,0.7740449905395508,0.9591657519340515,-0.047457024455070496,0.6858543753623962,0.8908653259277344,-0.07806052267551422,0.6054129004478455,0.8335443735122681,-0.0997941792011261,0.5433895587921143,0.792165219783783,-0.12106051295995712,0.769226610660553,0.6905824542045593,-0.06377048790454865,0.7251091599464417,0.5501292943954468,-0.08593641966581345,0.6971430778503418,0.46508097648620605,-0.10322429984807968,0.6798199415206909,0.39814311265945435,-0.11501173675060272,0.8442003130912781,0.6623984575271606,-0.052975911647081375,0.835139811038971,0.5093979239463806,-0.06288449466228485,0.8310528993606567,0.4138801097869873,-0.07345150411128998,0.8330314755439758,0.33868408203125,-0.08269432187080383,0.9046015739440918,0.6731123924255371,-0.04492645338177681,0.9088689684867859,0.527679443359375,-0.060339417308568954,0.9114111065864563,0.4369543492794037,-0.07755543291568756,0.9149789810180664,0.35859012603759766,-0.09067773073911667,0.9478139281272888,0.7074281573295593,-0.03883085027337074,0.9623855352401733,0.619548499584198,-0.058909833431243896,0.9757844805717468,0.5719985961914062,-0.06634537875652313,0.9895016551017761,0.5287723541259766,-0.06950797885656357,5
0.8641442656517029,0.9852263927459717,6.356397648232814e-07,0.7677541375160217,0.9444968104362488,-0.04165351018309593,0.6757972836494446,0.8601260185241699,-0.06495324522256851,0.6013456583023071,0.8056371212005615,-0.08315005898475647,0.5406705141067505,0.7740845680236816,-0.10181543231010437,0.7557854652404785,0.6572002172470093,-0.04185694828629494,0.7163347005844116,0.525516927242279,-0.06638395041227341,0.6898263692855835,0.44550877809524536,-0.0886659175157547,0.6691341996192932,0.38025060296058655,-0.1057249903678894,0.826036810874939,0.6344510316848755,-0.04262198135256767,0.826215386390686,0.4850091338157654,-0.05710950493812561,0.827102780342102,0.39606335759162903,-0.07399477809667587,0.8299212455749512,0.32606399059295654,-0.08833244442939758,0.8879756331443787,0.6489431262016296,-0.048511918634176254,0.8986958861351013,0.502723753452301,-0.06948081403970718,0.9060859680175781,0.41591358184814453,-0.08713118731975555,0.9106246829032898,0.34149906039237976,-0.10115654766559601,0.9390613436698914,0.6914454698562622,-0.05748654901981354,0.9606127142906189,0.59843510389328,-0.0814148485660553,0.9772312641143799,0.5448297262191772,-0.08909698575735092,0.9898383617401123,0.499599814414978,-0.09379611164331436,5
0.8636863827705383,0.9691463708877563,6.494523177025258e-07,0.7637559771537781,0.9271184206008911,-0.034104712307453156,0.6700848937034607,0.8401290774345398,-0.05283331125974655,0.5958926677703857,0.7869125008583069,-0.06827084720134735,0.5346801280975342,0.7587604522705078,-0.08424314856529236,0.7475870251655579,0.6383751630783081,-0.030615003779530525,0.7055593729019165,0.5057350397109985,-0.05119764432311058,0.6806272268295288,0.4251348078250885,-0.07059743255376816,0.6616387367248535,0.36033064126968384,-0.08576705306768417,0.8162413239479065,0.6156532764434814,-0.034860629588365555,0.8126767873764038,0.4625118374824524,-0.047423526644706726,0.8130296468734741,0.37202373147010803,-0.06373906135559082,0.8147390484809875,0.30106106400489807,-0.07746835798025131,0.8782992959022522,0.6276330947875977,-0.04407026991248131,0.8889397382736206,0.48012590408325195,-0.0635184571146965,0.896882951259613,0.3930549919605255,-0.08223357796669006,0.9003821611404419,0.3193492889404297,-0.09689471870660782,0.9313322305679321,0.6663346886634827,-0.055866073817014694,0.9600847959518433,0.5687588453292847,-0.07745819538831711,0.9805043935775757,0.5136290192604065,-0.08559605479240417,0.9937323927879333,0.4681388735771179,-0.09092915058135986,5
0.8636218905448914,0.9601186513900757,7.158608923418797e-07,0.760237455368042,0.917887270450592,-0.030761094763875008,0.6656176447868347,0.8289729952812195,-0.047325242310762405,0.5904299020767212,0.7737937569618225,-0.06171044334769249,0.5268982648849487,0.7463199496269226,-0.07725037634372711,0.7401117086410522,0.6223946809768677,-0.026861850172281265,0.69706130027771,0.4895126223564148,-0.04663275182247162,0.6717110872268677,0.40736985206604004,-0.0655549019575119,0.6530076265335083,0.3417879045009613,-0.08091598749160767,0.8096778988838196,0.6006712913513184,-0.03397700563073158,0.8051797747612,0.4411351680755615,-0.046214509755373,0.8037038445472717,0.34458234906196594,-0.06372125446796417,0.8032417297363281,0.27016016840934753,-0.07868023961782455,0.874073326587677,0.6143689155578613,-0.045987941324710846,0.8842020034790039,0.46258196234703064,-0.06712915003299713,0.8910373449325562,0.37398049235343933,-0.08960647135972977,0.893125593662262,0.30024054646492004,-0.1072395071387291,0.93094801902771,0.6563348174095154,-0.060177870094776154,0.9705063700675964,0.5617902278900146,-0.0853462815284729,0.9981991648674011,0.5092911124229431,-0.09766046702861786,1.0181022882461548,0.4657723903656006,-0.10603749006986618,5
0.8583628535270691,0.9571073055267334,7.04944739027269e-07,0.7567195892333984,0.9112323522567749,-0.03495658561587334,0.6613737940788269,0.8242751359939575,-0.05284116417169571,0.586284875869751,0.7690885663032532,-0.068471260368824,0.5224775075912476,0.7394668459892273,-0.0850449651479721,0.7337218523025513,0.6122077107429504,-0.02717483416199684,0.68904048204422,0.48047369718551636,-0.04913060739636421,0.6628227233886719,0.39737242460250854,-0.07013420015573502,0.6442577838897705,0.33038559556007385,-0.08718273788690567,0.8028854131698608,0.5881438255310059,-0.03376636281609535,0.7959876656532288,0.4304414689540863,-0.047574616968631744,0.7929638028144836,0.3338029682636261,-0.06612122058868408,0.7920650243759155,0.2597624361515045,-0.08193599432706833,0.868798017501831,0.6016739010810852,-0.046262625604867935,0.8774374127388,0.45192205905914307,-0.06878506392240524,0.8817218542098999,0.3628808259963989,-0.09186368435621262,0.881737232208252,0.28721004724502563,-0.11019982397556305,0.9292627573013306,0.6457825303077698,-0.06166429445147514,0.9694190621376038,0.5554065704345703,-0.08845313638448715,0.9952954649925232,0.5033339262008667,-0.10205493867397308,1.0139837265014648,0.45826733112335205,-0.1114959865808487,5
0.8548480868339539,0.953641951084137,7.373579933300789e-07,0.7537487745285034,0.9087234735488892,-0.0352650061249733,0.6590740084648132,0.8218074440956116,-0.053206026554107666,0.5843685865402222,0.7657387852668762,-0.06907441467046738,0.5192536115646362,0.7355428338050842,-0.08569886535406113,0.7277626991271973,0.6030175685882568,-0.026085255667567253,0.682795524597168,0.4724898934364319,-0.0475032702088356,0.6568226218223572,0.3878750503063202,-0.06788664311170578,0.6391481161117554,0.3198666572570801,-0.08455246686935425,0.7968509197235107,0.5789172649383545,-0.03267291560769081,0.7893285751342773,0.4220934808254242,-0.046851933002471924,0.7876948118209839,0.32452115416526794,-0.06497478485107422,0.788289487361908,0.25125911831855774,-0.0803467184305191,0.8634247183799744,0.5926908850669861,-0.04550353065133095,0.870980978012085,0.4448641538619995,-0.06984645128250122,0.8738152384757996,0.35527321696281433,-0.09432820230722427,0.872916042804718,0.27934637665748596,-0.11325075477361679,0.9257233142852783,0.6372670531272888,-0.06118990108370781,0.9726629257202148,0.5434685945510864,-0.08971287310123444,1.0027954578399658,0.48732948303222656,-0.10565904527902603,1.0251240730285645,0.4379456043243408,-0.11682123690843582,5
0.8541222810745239,0.9565185308456421,7.097602860994812e-07,0.7511422634124756,0.9088796377182007,-0.03609032183885574,0.6555807590484619,0.8209635019302368,-0.05430803447961807,0.5812331438064575,0.7645772099494934,-0.07066550105810165,0.5168778896331787,0.7332967519760132,-0.08769164234399796,0.7253090143203735,0.6034976243972778,-0.024920912459492683,0.6790956854820251,0.4729585647583008,-0.047826290130615234,0.6522842645645142,0.38777032494544983,-0.06942513585090637,0.6338837146759033,0.3190806210041046,-0.08682431280612946,0.794262170791626,0.5787484645843506,-0.03182443976402283,0.7849665880203247,0.4209716320037842,-0.04795944318175316,0.7825228571891785,0.32095208764076233,-0.0671924576163292,0.7825581431388855,0.24448946118354797,-0.08309035003185272,0.8606932163238525,0.5917523503303528,-0.045358750969171524,0.8679976463317871,0.441417932510376,-0.0709628164768219,0.8720195889472961,0.3500383198261261,-0.09464797377586365,0.8721376061439514,0.2722541093826294,-0.11248105019330978,0.9237234592437744,0.6354924440383911,-0.06200630962848663,0.9677705764770508,0.5376119017601013,-0.09071136265993118,0.9960298538208008,0.4772641956806183,-0.10571181029081345,1.0166130065917969,0.42359280586242676,-0.11598192900419235,5
0.8534448146820068,0.9554568529129028,7.133502322176355e-07,0.7498231530189514,0.9105786085128784,-0.035577256232500076,0.6541134119033813,0.8224533796310425,-0.053823038935661316,0.5781035423278809,0.7666013836860657,-0.07043660432100296,0.5111017227172852,0.7368373274803162,-0.08777304738759995,0.7226644158363342,0.6030535697937012,-0.024687666445970535,0.6768964529037476,0.47195589542388916,-0.04784479737281799,0.6498279571533203,0.3862261474132538,-0.06966166943311691,0.6314711570739746,0.3164161145687103,-0.08738094568252563,0.7913186550140381,0.5779721736907959,-0.031839702278375626,0.7820016741752625,0.4207373261451721,-0.047711629420518875,0.7810288667678833,0.3212326169013977,-0.0665075033903122,0.7830615639686584,0.24469807744026184,-0.08233938366174698,0.858405590057373,0.59101802110672,-0.04558563604950905,0.8655424118041992,0.44097211956977844,-0.07065591216087341,0.8702710270881653,0.35068875551223755,-0.0932503491640091,0.871032178401947,0.27345332503318787,-0.11052733659744263,0.9227125644683838,0.6350158452987671,-0.06252795457839966,0.9668266773223877,0.5365654230117798,-0.0906696766614914,0.9947296977043152,0.47502127289772034,-0.1051667258143425,1.0149251222610474,0.4199028015136719,-0.11523465067148209,5
0.8515273332595825,0.9534285068511963,7.028118602647737e-07,0.7471156120300293,0.9100781679153442,-0.035114482045173645,0.6501966118812561,0.8236212730407715,-0.05283301696181297,0.5747306942939758,0.7680202722549438,-0.0690622553229332,0.5083197951316833,0.7403396368026733,-0.08615154027938843,0.7194973826408386,0.602768063545227,-0.024336330592632294,0.6729823350906372,0.4722186326980591,-0.047055307775735855,0.6461462378501892,0.38759708404541016,-0.06856130808591843,0.6279120445251465,0.3188105523586273,-0.08614230155944824,0.7886616587638855,0.5769226551055908,-0.031580850481987,0.7789688110351562,0.4205384850502014,-0.047445252537727356,0.7771103978157043,0.3216390311717987,-0.06653641164302826,0.7780264616012573,0.24462810158729553,-0.08273687958717346,0.8560436964035034,0.5891410112380981,-0.045339133590459824,0.86445552110672,0.43778592348098755,-0.07091429084539413,0.868013858795166,0.34752771258354187,-0.09431204944849014,0.8674253225326538,0.27068212628364563,-0.1122097447514534,0.9205871820449829,0.6329076886177063,-0.06216507405042648,0.9659243822097778,0.5354481339454651,-0.09111190587282181,0.9934781789779663,0.4736887216567993,-0.10639459639787674,1.013316035270691,0.4185277819633484,-0.1170194149017334,5
0.8502919673919678,0.9599708318710327,6.987102096900344e-07,0.7447960376739502,0.9138525128364563,-0.03483729436993599,0.648149311542511,0.8265751600265503,-0.05299367383122444,0.5726461410522461,0.7716637849807739,-0.06989754736423492,0.5058071613311768,0.7450546026229858,-0.08783843368291855,0.7177690863609314,0.6068233251571655,-0.024759555235505104,0.6707518696784973,0.474465548992157,-0.04882324859499931,0.6434239745140076,0.38879984617233276,-0.07136335968971252,0.6246293783187866,0.31892719864845276,-0.08939073234796524,0.7870469689369202,0.5809345841407776,-0.03254740312695503,0.7767358422279358,0.4231717586517334,-0.049654677510261536,0.7741350531578064,0.3229779303073883,-0.06945616751909256,0.7740173935890198,0.2445572018623352,-0.0860462486743927,0.8548070788383484,0.5927374958992004,-0.04686395451426506,0.8629117608070374,0.4394693970680237,-0.07284156233072281,0.8659883141517639,0.3482791483402252,-0.09585489332675934,0.8644700050354004,0.27075880765914917,-0.11336049437522888,0.9200273752212524,0.6359039545059204,-0.06430142372846603,0.9652260541915894,0.533653736114502,-0.09253797680139542,0.9927148818969727,0.4690834879875183,-0.10690832883119583,1.0123660564422607,0.41167789697647095,-0.11697474122047424,5
0.8499919772148132,0.9614520072937012,7.031503628240898e-07,0.7435827851295471,0.9180328845977783,-0.03504940867424011,0.6456180214881897,0.8306352496147156,-0.0531616248190403,0.5702938437461853,0.7743160724639893,-0.0700066089630127,0.5042665004730225,0.7473524212837219,-0.08805414289236069,0.7157222032546997,0.6100733876228333,-0.02667737379670143,0.6691927313804626,0.4775905907154083,-0.05102500319480896,0.642078161239624,0.39127275347709656,-0.07353080064058304,0.623488187789917,0.32077938318252563,-0.09172995388507843,0.7856143712997437,0.5835076570510864,-0.03493983671069145,0.7749852538108826,0.4253971576690674,-0.05272539705038071,0.772426962852478,0.3241897225379944,-0.07305202633142471,0.7725481390953064,0.24448680877685547,-0.09017946571111679,0.8540495038032532,0.5955914258956909,-0.049632757902145386,0.8619767427444458,0.442044734954834,-0.0772203654050827,0.8655357360839844,0.34926465153694153,-0.10184817761182785,0.864751935005188,0.269804984331131,-0.12063278257846832,0.9198538661003113,0.6398834586143494,-0.06728391349315643,0.9672101736068726,0.5382930636405945,-0.09792105108499527,0.9977383613586426,0.47478389739990234,-0.11381829530000687,1.020391583442688,0.41842523217201233,-0.12494365870952606,5
0.8466193675994873,0.9670383930206299,6.84123392602487e-07,0.7407535910606384,0.9231843948364258,-0.03506631404161453,0.6435837149620056,0.8345310091972351,-0.052590470761060715,0.5685539245605469,0.777390718460083,-0.06888290494680405,0.5026837587356567,0.7483243346214294,-0.0863652303814888,0.7143406271934509,0.6138659715652466,-0.025216614827513695,0.6686170101165771,0.48062825202941895,-0.049192991107702255,0.6416604518890381,0.3945540189743042,-0.07175308465957642,0.6228170394897461,0.32449889183044434,-0.08997342735528946,0.783968985080719,0.5874703526496887,-0.03338400274515152,0.7737733125686646,0.4281653165817261,-0.05062602832913399,0.770886242389679,0.32697203755378723,-0.07088834792375565,0.7704068422317505,0.24780476093292236,-0.0878853127360344,0.8520483374595642,0.5998563766479492,-0.048038627952337265,0.8601632118225098,0.4442692995071411,-0.07517854869365692,0.8638555407524109,0.35105904936790466,-0.0995306521654129,0.863098680973053,0.27115383744239807,-0.11817489564418793,0.9176602363586426,0.6450473070144653,-0.0657074972987175,0.9656714797019958,0.5447326898574829,-0.09642832726240158,0.9964808821678162,0.4826236665248871,-0.11217927187681198,1.019579529762268,0.4279310405254364,-0.12304653972387314,5
0.8460128307342529,0.9687577486038208,6.771273319827742e-07,0.7385837435722351,0.9260333776473999,-0.032862044870853424,0.641308605670929,0.8370683789253235,-0.049160782247781754,0.5669293403625488,0.7800543308258057,-0.06466780602931976,0.50179123878479,0.751666784286499,-0.08145258575677872,0.7125123143196106,0.6168700456619263,-0.02295595407485962,0.6672741770744324,0.4839348793029785,-0.04557552561163902,0.640727698802948,0.39826658368110657,-0.06711932271718979,0.622660756111145,0.3286826014518738,-0.08455133438110352,0.7828408479690552,0.5899333357810974,-0.03179340064525604,0.7724326848983765,0.4310215711593628,-0.047470033168792725,0.7699167728424072,0.32960784435272217,-0.0667339637875557,0.7699263095855713,0.25108951330184937,-0.08316414058208466,0.851855456829071,0.6022018194198608,-0.0469588078558445,0.8604308366775513,0.4466123580932617,-0.0735064297914505,0.8651425242424011,0.35440224409103394,-0.09752924740314484,0.8648398518562317,0.27661198377609253,-0.11585159599781036,0.9183157682418823,0.6474440693855286,-0.06488028168678284,0.9681879281997681,0.5436635613441467,-0.09577024728059769,1.0011789798736572,0.4827067255973816,-0.1112247034907341,1.0256390571594238,0.43046483397483826,-0.12168142944574356,5
0.8446491956710815,0.9731585383415222,6.418994757950713e-07,0.7371451258659363,0.9292557239532471,-0.03244131803512573,0.639663815498352,0.838919460773468,-0.047607652842998505,0.5648949146270752,0.7819938659667969,-0.062228161841630936,0.49888893961906433,0.7562158703804016,-0.07817351073026657,0.7114359736442566,0.620567262172699,-0.019754664972424507,0.6648322343826294,0.48948031663894653,-0.04182778671383858,0.6367672681808472,0.4059605598449707,-0.0631236732006073,0.61601722240448,0.3380786180496216,-0.08051738888025284,0.7821099162101746,0.5935547947883606,-0.028920739889144897,0.7696090936660767,0.4355182647705078,-0.04454962909221649,0.7656089663505554,0.33474820852279663,-0.06395573914051056,0.7635395526885986,0.25649330019950867,-0.08018352836370468,0.8507758975028992,0.606156051158905,-0.04461301490664482,0.8569286465644836,0.4520190358161926,-0.07137687504291534,0.8605288863182068,0.3591180443763733,-0.09545896202325821,0.8591504693031311,0.27891838550567627,-0.1135699525475502,0.9171129465103149,0.6514946818351746,-0.06311258673667908,0.9657816886901855,0.55117267370224,-0.09406501799821854,0.9972494840621948,0.48967212438583374,-0.10976038873195648,1.020479440689087,0.43510645627975464,-0.12034574151039124,5
0.8465760946273804,0.9726941585540771,6.67601909754012e-07,0.7388103604316711,0.9328181743621826,-0.033924996852874756,0.6404242515563965,0.8430504202842712,-0.049852244555950165,0.5642526745796204,0.7852607369422913,-0.06494993716478348,0.49648720026016235,0.7590388059616089,-0.08142663538455963,0.7093080878257751,0.6253620386123657,-0.022903885692358017,0.6603867411613464,0.4946507215499878,-0.0451398529112339,0.6305922269821167,0.4094260036945343,-0.06620678305625916,0.6091943979263306,0.33982396125793457,-0.08347523212432861,0.7803094983100891,0.5957210659980774,-0.03153492510318756,0.7668246626853943,0.43756306171417236,-0.04697111248970032,0.7622753977775574,0.33514803647994995,-0.06628657877445221,0.7604854702949524,0.25578710436820984,-0.08288397639989853,0.8499686121940613,0.6066405177116394,-0.04666450619697571,0.8560349941253662,0.4536271095275879,-0.0747123509645462,0.8592909574508667,0.3610064387321472,-0.10057522356510162,0.8577007055282593,0.28194335103034973,-0.12011457979679108,0.9173769354820251,0.6507745385169983,-0.06450815498828888,0.9698880910873413,0.5489534139633179,-0.09781642258167267,1.0057682991027832,0.4899691939353943,-0.11519274860620499,1.032545804977417,0.43925940990448,-0.1269325166940689,5
0.8446321487426758,0.9744909405708313,6.57554494409851e-07,0.7387999296188354,0.9352532029151917,-0.034690067172050476,0.6398125290870667,0.8455278277397156,-0.05060325562953949,0.5639329552650452,0.7886191606521606,-0.06564772129058838,0.4960554540157318,0.7649012804031372,-0.08226096630096436,0.7087068557739258,0.6262467503547668,-0.024776242673397064,0.6573305130004883,0.49789440631866455,-0.047412898391485214,0.6262108087539673,0.41285982728004456,-0.06840933114290237,0.6039751172065735,0.3429321348667145,-0.08572869002819061,0.7799983024597168,0.5955935716629028,-0.03349373862147331,0.7650017738342285,0.43923813104629517,-0.04987119138240814,0.7600367665290833,0.3371874988079071,-0.06924991309642792,0.7582056522369385,0.25756514072418213,-0.0858113244175911,0.8498663306236267,0.6066394448280334,-0.04872623831033707,0.8549155592918396,0.4555591344833374,-0.07899580150842667,0.8578437566757202,0.3625985085964203,-0.10568372160196304,0.8562365770339966,0.2829326391220093,-0.12547974288463593,0.9180145859718323,0.6517691612243652,-0.0666210800409317,0.9732601642608643,0.5476586818695068,-0.10250107198953629,1.0123133659362793,0.4885765016078949,-0.12104238569736481,1.0415459871292114,0.43795302510261536,-0.13337646424770355,5
0.844510555267334,0.9804962873458862,6.491459885182849e-07,0.7381347417831421,0.9365214109420776,-0.03571011498570442,0.6395850777626038,0.8468590974807739,-0.05270826816558838,0.5623611807823181,0.790642261505127,-0.06883459538221359,0.493381530046463,0.765622079372406,-0.08620404452085495,0.709905207157135,0.6300079226493835,-0.02361379936337471,0.6549509167671204,0.5018807053565979,-0.0477764755487442,0.6209568381309509,0.4162660539150238,-0.07022203505039215,0.5966179370880127,0.3451101779937744,-0.08828826993703842,0.7799636721611023,0.5990118980407715,-0.03191065415740013,0.7637583017349243,0.4408108592033386,-0.048717811703681946,0.757941484451294,0.33873075246810913,-0.06781423091888428,0.7557975649833679,0.25922873616218567,-0.08363610506057739,0.8484846353530884,0.6101723313331604,-0.04703960567712784,0.8511090278625488,0.45560508966445923,-0.0753260925412178,0.8528034687042236,0.3613221049308777,-0.0987107902765274,0.8507360816001892,0.2797209620475769,-0.11602579802274704,0.915564775466919,0.6558263897895813,-0.06536825746297836,0.9656099081039429,0.5535070896148682,-0.09720872342586517,0.998917281627655,0.4897211790084839,-0.11252181231975555,1.0236321687698364,0.4329177737236023,-0.12265598773956299,5
0.8459135890007019,0.9725627899169922,6.748537089151796e-07,0.7395455241203308,0.93602454662323,-0.03763614967465401,0.6401163935661316,0.8493788242340088,-0.05535155534744263,0.5625433921813965,0.7937517166137695,-0.0717146098613739,0.4932284951210022,0.7684997320175171,-0.08915523439645767,0.7059701681137085,0.6277086138725281,-0.026227911934256554,0.6503332853317261,0.5024163126945496,-0.050392501056194305,0.616555392742157,0.41901203989982605,-0.0725080817937851,0.5924638509750366,0.34934115409851074,-0.09038903564214706,0.7762219309806824,0.5959970951080322,-0.03338510915637016,0.7606189846992493,0.44137802720069885,-0.05045441910624504,0.7564024329185486,0.34091025590896606,-0.06941432505846024,0.7552642226219177,0.2620998024940491,-0.0851728543639183,0.845551609992981,0.606608510017395,-0.04747859388589859,0.8488156795501709,0.4558272063732147,-0.07736916840076447,0.8516008853912354,0.3644990921020508,-0.10199519246816635,0.8499429225921631,0.28562843799591064,-0.11987915635108948,0.9136285185813904,0.6513258814811707,-0.06476061791181564,0.965474545955658,0.5509433746337891,-0.09937009960412979,1.0003950595855713,0.4904611110687256,-0.11668974161148071,1.0260045528411865,0.4370572566986084,-0.12783075869083405,5
0.8463773727416992,0.9769315719604492,6.703869530610973e-07,0.7391939163208008,0.9366428256034851,-0.03560050204396248,0.6386099457740784,0.8488438129425049,-0.05131739750504494,0.561059832572937,0.7942825555801392,-0.06599579751491547,0.4921467900276184,0.7699920535087585,-0.08167765289545059,0.7038352489471436,0.6277952790260315,-0.02220764197409153,0.646942138671875,0.5016419887542725,-0.04483887553215027,0.6133252382278442,0.4185243248939514,-0.06585722416639328,0.5891544818878174,0.34955495595932007,-0.08309553563594818,0.775178849697113,0.5952223539352417,-0.030125079676508904,0.7576098442077637,0.4399750828742981,-0.04629681259393692,0.752174437046051,0.33881115913391113,-0.06536528468132019,0.7499908208847046,0.25932905077934265,-0.08110032975673676,0.8455305099487305,0.6053630113601685,-0.044924210757017136,0.8461232781410217,0.45447197556495667,-0.07466363906860352,0.8471874594688416,0.3632083237171173,-0.10015488415956497,0.8442569971084595,0.2839125394821167,-0.11859729886054993,0.9147830605506897,0.6501969695091248,-0.06261572241783142,0.9661654233932495,0.5513514280319214,-0.09781985729932785,1.0007654428482056,0.49147483706474304,-0.11589901149272919,1.0263358354568481,0.4380253553390503,-0.12746120989322662,5
0.8459407687187195,0.9764325618743896,6.841973458904249e-07,0.7401363849639893,0.9365062713623047,-0.03619810938835144,0.6385973691940308,0.8486178517341614,-0.05248555913567543,0.5595270395278931,0.794573962688446,-0.067786805331707,0.48993125557899475,0.7701893448829651,-0.08402911573648453,0.7027888894081116,0.6292123198509216,-0.023287653923034668,0.6443588733673096,0.5025617480278015,-0.04663456603884697,0.6099653244018555,0.4184125065803528,-0.0677143931388855,0.5860505104064941,0.3487517237663269,-0.08481854200363159,0.7740194797515869,0.5965440273284912,-0.031049903482198715,0.7555781006813049,0.44020000100135803,-0.0483429878950119,0.7499427795410156,0.337723046541214,-0.06763512641191483,0.7478826642036438,0.2569064795970917,-0.08342121541500092,0.8442710041999817,0.6055470705032349,-0.04578128829598427,0.844927191734314,0.4540756642818451,-0.07658643275499344,0.8458061218261719,0.3613128662109375,-0.10237682610750198,0.8426029682159424,0.28135502338409424,-0.12079449743032455,0.9133179187774658,0.648729145526886,-0.06342139840126038,0.9652856588363647,0.5470154881477356,-0.09884382039308548,1.0004631280899048,0.48434656858444214,-0.11711116880178452,1.0259703397750854,0.42865264415740967,-0.12889255583286285,5
0.8438423871994019,0.9761292934417725,6.828458936070092e-07,0.7382701635360718,0.9355668425559998,-0.03597310930490494,0.6368947625160217,0.8477610349655151,-0.05233100429177284,0.5575281977653503,0.7940977811813354,-0.06777559965848923,0.48788681626319885,0.7712393999099731,-0.08415684103965759,0.7013612985610962,0.627375066280365,-0.022710880264639854,0.6444627642631531,0.500993013381958,-0.0465221144258976,0.6101686358451843,0.41777485609054565,-0.06817638128995895,0.5853750705718994,0.34883913397789,-0.08568774908781052,0.7724093198776245,0.5949268937110901,-0.030648523941636086,0.7547323107719421,0.43760520219802856,-0.04827931523323059,0.7493597269058228,0.3356984853744507,-0.06763201951980591,0.7472075819969177,0.2562594413757324,-0.0833524614572525,0.8423786163330078,0.6043708324432373,-0.04561583325266838,0.8431158065795898,0.45221972465515137,-0.07550233602523804,0.8437588214874268,0.3596714735031128,-0.10025661438703537,0.8403444290161133,0.27970612049102783,-0.11804314702749252,0.9112604260444641,0.6478633880615234,-0.06363613158464432,0.9616973996162415,0.5466643571853638,-0.09730304032564163,0.9942409992218018,0.48136061429977417,-0.11467543244361877,1.0176011323928833,0.4225466251373291,-0.12609058618545532,5
0.8430525064468384,0.9724718332290649,6.764531121916662e-07,0.7360055446624756,0.9309815764427185,-0.0359409861266613,0.6352922916412354,0.8449796438217163,-0.052100930362939835,0.5561161041259766,0.7927464246749878,-0.06721127778291702,0.48592478036880493,0.769660472869873,-0.08321098983287811,0.700261116027832,0.6246000528335571,-0.021770421415567398,0.643300473690033,0.4978862702846527,-0.04531396925449371,0.6097860336303711,0.4149629771709442,-0.06695886701345444,0.58526611328125,0.34596142172813416,-0.08457906544208527,0.7717359662055969,0.5916523933410645,-0.02950676716864109,0.7545632123947144,0.43511757254600525,-0.04701390117406845,0.7490413784980774,0.3347693085670471,-0.06694405525922775,0.7461432814598083,0.25621625781059265,-0.08305524289608002,0.8417492508888245,0.600868284702301,-0.04423970356583595,0.8432987928390503,0.4498012065887451,-0.07389535754919052,0.8437665700912476,0.3572595715522766,-0.09905470162630081,0.8396702408790588,0.2765468657016754,-0.11711534857749939,0.9103846549987793,0.6445002555847168,-0.0619843527674675,0.9600350856781006,0.5457256436347961,-0.09554968029260635,0.990865170955658,0.4801451563835144,-0.11314500868320465,1.0124722719192505,0.41998881101608276,-0.12468692660331726,5
0.8404428958892822,0.9691451787948608,6.766257456547464e-07,0.7346280813217163,0.9259002208709717,-0.03429213538765907,0.634025514125824,0.8394178152084351,-0.04990147799253464,0.5542799234390259,0.788149893283844,-0.06473584473133087,0.4845105707645416,0.7665984630584717,-0.08041980117559433,0.6985911726951599,0.6212791204452515,-0.020934708416461945,0.6438637971878052,0.4939752221107483,-0.04341024160385132,0.6114178895950317,0.4115716814994812,-0.06372002512216568,0.5872436761856079,0.34432530403137207,-0.08032422512769699,0.770289957523346,0.5887455344200134,-0.02908695675432682,0.7544003129005432,0.43091803789138794,-0.045464590191841125,0.7497639060020447,0.3315366506576538,-0.06372437626123428,0.7472438216209412,0.2557276785373688,-0.0785219818353653,0.8409640789031982,0.5975133180618286,-0.044120293110609055,0.8433375954627991,0.44544556736946106,-0.07297053933143616,0.8443611264228821,0.35368257761001587,-0.0975814238190651,0.8405793905258179,0.27476850152015686,-0.11527683585882187,0.9099082350730896,0.6405574083328247,-0.06200288608670235,0.9613221287727356,0.5425222516059875,-0.0953357145190239,0.9926670789718628,0.47866004705429077,-0.11307777464389801,1.0143723487854004,0.42068690061569214,-0.12472223490476608,5
0.8389352560043335,0.9621388912200928,6.62797731365572e-07,0.7352420687675476,0.9190528392791748,-0.034526895731687546,0.6345034241676331,0.832211434841156,-0.05077856034040451,0.5538208484649658,0.7817457318305969,-0.06622971594333649,0.48388874530792236,0.7626231908798218,-0.08265563100576401,0.6982385516166687,0.617133617401123,-0.023989979177713394,0.643649160861969,0.4890499413013458,-0.04767189547419548,0.6108693480491638,0.4057169556617737,-0.068451888859272,0.586484968662262,0.33810779452323914,-0.08531003445386887,0.7699725031852722,0.584362268447876,-0.03231383487582207,0.7541322708129883,0.4276525378227234,-0.04995492845773697,0.7495341897010803,0.32878533005714417,-0.06845958530902863,0.7471235990524292,0.25337740778923035,-0.08343059569597244,0.840794563293457,0.5927035212516785,-0.047297317534685135,0.8438280820846558,0.4400327205657959,-0.07679595053195953,0.844868004322052,0.3483349680900574,-0.10076004266738892,0.8408724665641785,0.2695789039134979,-0.11798945814371109,0.9097763895988464,0.6355924606323242,-0.06515110284090042,0.9615970849990845,0.5362610220909119,-0.09877288341522217,0.9932236671447754,0.4691527485847473,-0.1163407489657402,1.015423059463501,0.40824979543685913,-0.12785866856575012,5
0.8405402898788452,0.9561182260513306,6.697682124467974e-07,0.736823558807373,0.9131987690925598,-0.03449177369475365,0.6362946629524231,0.8259477019309998,-0.050416868180036545,0.5555797815322876,0.7734338045120239,-0.06554656475782394,0.4859094023704529,0.7522821426391602,-0.08155201375484467,0.6993393898010254,0.6093946099281311,-0.02301066555082798,0.6438505053520203,0.4814510941505432,-0.04603790119290352,0.6102645397186279,0.39730924367904663,-0.06632961332798004,0.58550626039505,0.3295370936393738,-0.08275365829467773,0.7708710432052612,0.5766627192497253,-0.030860355123877525,0.7554236054420471,0.41991251707077026,-0.04760044068098068,0.7518782019615173,0.32114177942276,-0.06535850465297699,0.7510209083557129,0.2468903362751007,-0.07961252331733704,0.8416417241096497,0.5855219960212708,-0.04538656026124954,0.844258189201355,0.4340094327926636,-0.07406932860612869,0.8459765911102295,0.34313806891441345,-0.09747636318206787,0.8431705236434937,0.2661336064338684,-0.11416349560022354,0.9106979966163635,0.6288408041000366,-0.06281387805938721,0.9612817764282227,0.5303182601928711,-0.09580562263727188,0.9925084114074707,0.4650314450263977,-0.11274164170026779,1.014864444732666,0.40638405084609985,-0.1236022412776947,5
0.8415359854698181,0.9513643383979797,6.931383040864603e-07,0.73518967628479,0.9072145223617554,-0.0351286344230175,0.6351991891860962,0.8197261095046997,-0.05185399949550629,0.5565178394317627,0.7624715566635132,-0.06753113865852356,0.4876748025417328,0.7382814884185791,-0.08378510177135468,0.6987924575805664,0.5999889969825745,-0.02292192168533802,0.6431291699409485,0.4706079065799713,-0.045699719339609146,0.610008955001831,0.3852527439594269,-0.06607843935489655,0.5865436792373657,0.3167942762374878,-0.08255045115947723,0.7718381881713867,0.569064199924469,-0.030097780749201775,0.7557963132858276,0.41174328327178955,-0.046883173286914825,0.7528915405273438,0.3129037618637085,-0.06517066061496735,0.7535768151283264,0.2386775016784668,-0.07978758215904236,0.8433840274810791,0.5790423154830933,-0.043943289667367935,0.8457078337669373,0.42741483449935913,-0.07184509932994843,0.847446620464325,0.3368679881095886,-0.09532102197408676,0.84510338306427,0.2606964409351349,-0.11221808195114136,0.9125726222991943,0.6223663687705994,-0.06073863431811333,0.9615887999534607,0.5240048766136169,-0.09250213205814362,0.9913212060928345,0.4585503339767456,-0.10925612598657608,1.01302170753479,0.39958709478378296,-0.12006930261850357,5
0.8390475511550903,0.9413498640060425,7.427062769238546e-07,0.7299069762229919,0.8955479264259338,-0.03645609691739082,0.6308072209358215,0.8090391159057617,-0.05482538044452667,0.5529691576957703,0.751701295375824,-0.07176274061203003,0.4856613278388977,0.7212443351745605,-0.08900072425603867,0.6974992156028748,0.5906332731246948,-0.02564406581223011,0.6411828994750977,0.4592221975326538,-0.048306550830602646,0.6084300875663757,0.3728260099887848,-0.06825900822877884,0.5860111117362976,0.30392318964004517,-0.08413717150688171,0.7712226510047913,0.5607411861419678,-0.03188878670334816,0.7554392218589783,0.40096545219421387,-0.04830290377140045,0.7530465126037598,0.3009844124317169,-0.06638730317354202,0.7552563548088074,0.22675299644470215,-0.08079631626605988,0.842374324798584,0.5711718797683716,-0.044695209711790085,0.8453528881072998,0.41691893339157104,-0.072113536298275,0.8482329845428467,0.3259792625904083,-0.0953664779663086,0.8480203747749329,0.2510985732078552,-0.1120486930012703,0.910249650478363,0.6143518090248108,-0.06046042591333389,0.9591196775436401,0.5151839256286621,-0.09153688699007034,0.9890798330307007,0.44944578409194946,-0.10782615840435028,1.0115952491760254,0.3912907838821411,-0.11817020922899246,5
0.8264238238334656,0.9324461817741394,7.690221082157223e-07,0.7181941270828247,0.8879104852676392,-0.040315285325050354,0.6202353239059448,0.799122154712677,-0.06026322394609451,0.5438965559005737,0.7399813532829285,-0.07803472876548767,0.47722697257995605,0.7069902420043945,-0.09617903083562851,0.6910428404808044,0.5791637897491455,-0.029967673122882843,0.638253927230835,0.44959959387779236,-0.05360424891114235,0.607578456401825,0.3633488416671753,-0.07419005036354065,0.5867584943771362,0.29437631368637085,-0.09072887152433395,0.7661887407302856,0.5494228005409241,-0.03504284843802452,0.7551435232162476,0.3864254951477051,-0.052214812487363815,0.7526589632034302,0.2871035933494568,-0.07061129063367844,0.7538983821868896,0.2130400836467743,-0.08520639687776566,0.8376606702804565,0.5612571835517883,-0.046881288290023804,0.8431095480918884,0.40348681807518005,-0.07541216164827347,0.8460042476654053,0.3125879168510437,-0.0986182689666748,0.8457751274108887,0.23676028847694397,-0.11516247689723969,0.9054059386253357,0.6070359349250793,-0.06196451559662819,0.9561259746551514,0.5080117583274841,-0.09416383504867554,0.9867552518844604,0.44247251749038696,-0.11062674224376678,1.0089929103851318,0.3835209310054779,-0.1209922805428505,5
0.8128414154052734,0.9214911460876465,7.516189270972973e-07,0.7026407122612,0.8781967163085938,-0.04155171662569046,0.6049802303314209,0.7899820804595947,-0.062146324664354324,0.5299913287162781,0.7296872138977051,-0.08076220750808716,0.4631655812263489,0.6963592767715454,-0.0999387875199318,0.6816798448562622,0.5717900395393372,-0.031003519892692566,0.6320819854736328,0.4418894648551941,-0.05603360757231712,0.6027411818504333,0.3546913266181946,-0.07812190055847168,0.5817087888717651,0.2844991087913513,-0.09597677737474442,0.7565316557884216,0.5422439575195312,-0.03674401342868805,0.7485838532447815,0.37989023327827454,-0.056398071348667145,0.7475959658622742,0.28089359402656555,-0.07647714763879776,0.7493415474891663,0.20639240741729736,-0.09225403517484665,0.8266902565956116,0.5543956160545349,-0.04949449747800827,0.8347958326339722,0.39702901244163513,-0.08018747717142105,0.8376227617263794,0.3037185072898865,-0.10487357527017593,0.8377931118011475,0.22460269927978516,-0.1224357932806015,0.893967866897583,0.6008736491203308,-0.06569217890501022,0.9500837326049805,0.5015163421630859,-0.09909804910421371,0.9833706617355347,0.43296170234680176,-0.11681590974330902,1.007917881011963,0.3708457052707672,-0.12846341729164124,5
0.7951370477676392,0.9183385372161865,7.850007364140765e-07,0.6847870349884033,0.8762473464012146,-0.043213386088609695,0.5879687070846558,0.789925217628479,-0.06522505730390549,0.5153520703315735,0.7293230295181274,-0.08527684956789017,0.45111820101737976,0.6950247287750244,-0.10597147047519684,0.667141318321228,0.5722528696060181,-0.035427019000053406,0.6168577671051025,0.4382129907608032,-0.06314270198345184,0.5886516571044922,0.34946978092193604,-0.08695561438798904,0.5688655972480774,0.2753293216228485,-0.10559729486703873,0.7413015365600586,0.5417743921279907,-0.04108352214097977,0.7349178194999695,0.3780621886253357,-0.06251843273639679,0.7339681386947632,0.27437251806259155,-0.08363135159015656,0.7352557182312012,0.1920616626739502,-0.10060480237007141,0.8092929124832153,0.5510541200637817,-0.053844206035137177,0.8200886845588684,0.3948732316493988,-0.0865868330001831,0.8235695958137512,0.300156831741333,-0.1121143028140068,0.8245629072189331,0.2196761965751648,-0.13016995787620544,0.8739447593688965,0.594048261642456,-0.07032392919063568,0.934987485408783,0.4942191541194916,-0.10512247681617737,0.9727424383163452,0.42383426427841187,-0.12352786213159561,1.002042531967163,0.3613394498825073,-0.1356077492237091,5
0.7833832502365112,0.9223766326904297,7.469857905562094e-07,0.6715023517608643,0.8800699710845947,-0.0463099479675293,0.5744571685791016,0.7901714444160461,-0.06865601986646652,0.49971604347229004,0.7284236550331116,-0.08855084329843521,0.4349946081638336,0.6912733316421509,-0.1090516597032547,0.6563897132873535,0.5712722539901733,-0.03462276607751846,0.6064890027046204,0.4384637475013733,-0.06306272745132446,0.5772148370742798,0.34967565536499023,-0.08813678473234177,0.5548330545425415,0.2739865779876709,-0.10800906270742416,0.7278371453285217,0.5402922630310059,-0.03879333660006523,0.724128782749176,0.37905001640319824,-0.06085162237286568,0.7215923070907593,0.27970126271247864,-0.0823846086859703,0.7194277048110962,0.1990458071231842,-0.09952029585838318,0.792398989200592,0.5487802028656006,-0.050634097307920456,0.8058911561965942,0.39371639490127563,-0.08378782868385315,0.8085747361183167,0.29866528511047363,-0.10894638299942017,0.8080823421478271,0.21509116888046265,-0.1267482489347458,0.8528592586517334,0.5904961824417114,-0.06677356362342834,0.9153745770454407,0.4951569437980652,-0.10306127369403839,0.95276939868927,0.42463117837905884,-0.12243449687957764,0.9815245866775513,0.3597465753555298,-0.13498932123184204,5
0.7717533707618713,0.9270026683807373,7.859981678848271e-07,0.6599762439727783,0.8805980682373047,-0.04370570182800293,0.5604323744773865,0.7869668006896973,-0.06527265906333923,0.48629504442214966,0.723835825920105,-0.08491130918264389,0.42286932468414307,0.6852709054946899,-0.10495965927839279,0.6417545080184937,0.5688323974609375,-0.0325724259018898,0.592201292514801,0.4358585774898529,-0.06043078750371933,0.5631486177444458,0.34549060463905334,-0.08370085060596466,0.5422361493110657,0.26986831426620483,-0.1019488126039505,0.7117843627929688,0.5396817922592163,-0.03763348609209061,0.7120123505592346,0.37655186653137207,-0.06004607304930687,0.7110820412635803,0.2788490653038025,-0.07944714277982712,0.7104054689407349,0.20005977153778076,-0.09378110617399216,0.7754772305488586,0.5480276346206665,-0.05032519996166229,0.789297878742218,0.3919263482093811,-0.08371566981077194,0.7923459410667419,0.298642635345459,-0.10660770535469055,0.792934238910675,0.216934472322464,-0.1218518540263176,0.8350695967674255,0.5885497331619263,-0.06713054329156876,0.8970066905021667,0.49262601137161255,-0.10389138758182526,0.9363406896591187,0.423042893409729,-0.12261833250522614,0.9679323434829712,0.3589847683906555,-0.13380417227745056,5
0.7578799724578857,0.9239521026611328,8.238692998929764e-07,0.6461030840873718,0.8779901266098022,-0.044652145355939865,0.5481195449829102,0.7850663065910339,-0.06610313057899475,0.47489064931869507,0.720981240272522,-0.0854354053735733,0.4127095639705658,0.6811971664428711,-0.10467757284641266,0.6309705376625061,0.5639351010322571,-0.030309563502669334,0.5787845849990845,0.43377524614334106,-0.05556479096412659,0.5495010614395142,0.345634788274765,-0.07686920464038849,0.5285956263542175,0.2714942395687103,-0.09420005977153778,0.6992493867874146,0.5358975529670715,-0.034479204565286636,0.698173999786377,0.3724418878555298,-0.05609311908483505,0.698927640914917,0.27581799030303955,-0.0744955986738205,0.7000352144241333,0.19761210680007935,-0.08782565593719482,0.762345552444458,0.5454092621803284,-0.04658772796392441,0.7744004726409912,0.3868322968482971,-0.08145079016685486,0.7781605124473572,0.2937261164188385,-0.10555282235145569,0.7798474431037903,0.21122345328330994,-0.1210547387599945,0.8225428462028503,0.5869020819664001,-0.06270456314086914,0.8858122825622559,0.4896906018257141,-0.10268794745206833,0.9262950420379639,0.4174591898918152,-0.12420167028903961,0.9591460227966309,0.3485714793205261,-0.13692472875118256,5
0.7496600151062012,0.9225918054580688,7.726819148956565e-07,0.6389987468719482,0.8766700029373169,-0.04024158790707588,0.5409296751022339,0.7819117307662964,-0.0582687109708786,0.46825355291366577,0.7170162200927734,-0.07485170662403107,0.4075305163860321,0.6774343848228455,-0.0915134847164154,0.6219251751899719,0.562966525554657,-0.024273542687296867,0.5709331631660461,0.42939090728759766,-0.04754689335823059,0.5429825782775879,0.34036633372306824,-0.06781310588121414,0.5222147703170776,0.26654502749443054,-0.08453838527202606,0.6903985738754272,0.5342251658439636,-0.02999226003885269,0.6879686713218689,0.37044939398765564,-0.05059308186173439,0.6881961822509766,0.2722226679325104,-0.06979352235794067,0.6880212426185608,0.19533216953277588,-0.08390577882528305,0.7538925409317017,0.5428876280784607,-0.04336143285036087,0.7651678919792175,0.3849487900733948,-0.07721912115812302,0.7685176134109497,0.2896881401538849,-0.10333415120840073,0.7693169116973877,0.2057655155658722,-0.12057556211948395,0.8146200776100159,0.5836477279663086,-0.06026493012905121,0.8784839510917664,0.4858207404613495,-0.09941211342811584,0.9190101623535156,0.41305994987487793,-0.1218956708908081,0.9520663022994995,0.3437960743904114,-0.13574795424938202,5
0.7439140677452087,0.9201387763023376,7.724651140961214e-07,0.6343203186988831,0.8738846778869629,-0.03929654881358147,0.536997377872467,0.7798554301261902,-0.05780775472521782,0.4643896818161011,0.7159811854362488,-0.07520792633295059,0.4033973813056946,0.6769086122512817,-0.09282122552394867,0.6146566271781921,0.5616846084594727,-0.02461664006114006,0.5646170973777771,0.4298248291015625,-0.04899727180600166,0.537467360496521,0.34177136421203613,-0.06992629170417786,0.5177751183509827,0.26853829622268677,-0.08693104237318039,0.6835406422615051,0.5321093797683716,-0.03143051639199257,0.6810530424118042,0.36784788966178894,-0.05335315689444542,0.6818526983261108,0.26885780692100525,-0.07343114912509918,0.6824783682823181,0.1911398470401764,-0.08799818903207779,0.7476083040237427,0.5406306982040405,-0.04574832320213318,0.7593665719032288,0.3835030794143677,-0.08063309639692307,0.7629218697547913,0.28710484504699707,-0.10746552050113678,0.7637261748313904,0.20237311720848083,-0.1250448226928711,0.8087096214294434,0.5822402238845825,-0.06341364234685898,0.872077226638794,0.48372265696525574,-0.10261285305023193,0.9119073152542114,0.41028839349746704,-0.12490899115800858,0.9442620277404785,0.34071749448776245,-0.13869279623031616,5
0.7376021146774292,0.9140744805335999,7.722946406829578e-07,0.6275365352630615,0.8687368631362915,-0.03916636109352112,0.5297257900238037,0.775123119354248,-0.05770847573876381,0.4575418531894684,0.7115074396133423,-0.07514326274394989,0.39648038148880005,0.673063337802887,-0.09300602972507477,0.6097962260246277,0.5584461688995361,-0.026007384061813354,0.5587179064750671,0.42770862579345703,-0.050952304154634476,0.5313457250595093,0.3394632041454315,-0.07250403612852097,0.5122430324554443,0.2654595375061035,-0.09003481268882751,0.6783683896064758,0.5297228693962097,-0.03308245539665222,0.6746385097503662,0.3653731346130371,-0.05562511086463928,0.6755762696266174,0.26557815074920654,-0.07668865472078323,0.6771363019943237,0.1868811547756195,-0.09216110408306122,0.741928219795227,0.5391085147857666,-0.04750264436006546,0.7532916069030762,0.38286957144737244,-0.08266089856624603,0.7572034597396851,0.28690478205680847,-0.110268734395504,0.7585570812225342,0.2028672993183136,-0.12853610515594482,0.802657961845398,0.5811594128608704,-0.06520422548055649,0.8653403520584106,0.4822603762149811,-0.10430283844470978,0.9048381447792053,0.4086446166038513,-0.12690803408622742,0.9367580413818359,0.3390413820743561,-0.14118114113807678,5
0.7296614646911621,0.907934308052063,7.50559706830245e-07,0.620398759841919,0.8634628653526306,-0.03672017157077789,0.5233888626098633,0.7701665759086609,-0.053909458220005035,0.4505200684070587,0.706667959690094,-0.07075831294059753,0.38815057277679443,0.6704446077346802,-0.08811239898204803,0.6056663990020752,0.5558605790138245,-0.021141568198800087,0.555466890335083,0.4252563714981079,-0.04423292726278305,0.5278615355491638,0.33777591586112976,-0.06449974328279495,0.507692813873291,0.2655549943447113,-0.08104884624481201,0.6724103689193726,0.5289279222488403,-0.028736917302012444,0.6686627268791199,0.36473292112350464,-0.04976636543869972,0.669139564037323,0.2657608985900879,-0.06959038227796555,0.6698483228683472,0.18773630261421204,-0.08399167656898499,0.7348414659500122,0.5371465682983398,-0.04365494102239609,0.7454699873924255,0.38168954849243164,-0.0776488333940506,0.7494097352027893,0.28481829166412354,-0.10420551151037216,0.7507199048995972,0.20003223419189453,-0.12155663967132568,0.7950035333633423,0.5764175057411194,-0.0617956817150116,0.8567646741867065,0.47803717851638794,-0.0995904803276062,0.895933985710144,0.40473148226737976,-0.12129253149032593,0.9278072118759155,0.3363874554634094,-0.13484226167201996,5
0.7214002013206482,0.8968751430511475,7.416227276735299e-07,0.6126859784126282,0.8558477759361267,-0.037642769515514374,0.5172848701477051,0.7672074437141418,-0.055841006338596344,0.44681236147880554,0.7048371434211731,-0.07312771677970886,0.38532382249832153,0.6666594743728638,-0.09090166538953781,0.596947193145752,0.5491079688072205,-0.024396803230047226,0.5473554134368896,0.4203818142414093,-0.04723668843507767,0.5202431678771973,0.33463969826698303,-0.06741125881671906,0.5010744333267212,0.2638092041015625,-0.0839667022228241,0.6643253564834595,0.5224000811576843,-0.031184470281004906,0.6609306931495667,0.36097514629364014,-0.051616374403238297,0.661941409111023,0.26370400190353394,-0.07166577130556107,0.6638754606246948,0.18717122077941895,-0.08675643056631088,0.7270210981369019,0.5309353470802307,-0.04507438465952873,0.7385053634643555,0.37968313694000244,-0.078258216381073,0.7427313327789307,0.2842768728733063,-0.10564228147268295,0.7449738383293152,0.20094528794288635,-0.12412575632333755,0.7876012921333313,0.569777250289917,-0.062096428126096725,0.8476127982139587,0.47344279289245605,-0.09888290613889694,0.885948121547699,0.4022754430770874,-0.12060102075338364,0.9172890186309814,0.3355250060558319,-0.13461484014987946,5
0.7143783569335938,0.8876482248306274,7.132738915061054e-07,0.606002926826477,0.848919689655304,-0.03872758895158768,0.5118957757949829,0.7620190978050232,-0.057201143354177475,0.4429095387458801,0.7007737755775452,-0.07425094395875931,0.3828217089176178,0.6626490950584412,-0.09200666844844818,0.5899462699890137,0.5455732941627502,-0.02746754139661789,0.5411659479141235,0.41696858406066895,-0.050814803689718246,0.5149145722389221,0.3318917751312256,-0.07139638066291809,0.4960739016532898,0.2609909474849701,-0.08804488927125931,0.658221423625946,0.5184314846992493,-0.033557672053575516,0.6550724506378174,0.35996925830841064,-0.053997017443180084,0.6552544832229614,0.2631310820579529,-0.07465153932571411,0.656078040599823,0.18623998761177063,-0.09044364839792252,0.7204872965812683,0.525983452796936,-0.0465882271528244,0.7330729961395264,0.3778039515018463,-0.08002384752035141,0.7365090847015381,0.2825104594230652,-0.1085105761885643,0.7377364635467529,0.19854232668876648,-0.12785246968269348,0.7792264223098755,0.5632134675979614,-0.06267193704843521,0.83796226978302,0.4680604040622711,-0.10018494725227356,0.8763995170593262,0.40019547939300537,-0.12238186597824097,0.9078763127326965,0.3364318609237671,-0.13659434020519257,5
0.707607090473175,0.8808906078338623,7.177145562309306e-07,0.600227415561676,0.8413811922073364,-0.036759309470653534,0.5073431730270386,0.75567626953125,-0.054668135941028595,0.4403170943260193,0.6956360936164856,-0.0714101642370224,0.38104990124702454,0.6596323251724243,-0.08897636830806732,0.5828582048416138,0.539688766002655,-0.026268433779478073,0.536449134349823,0.4133441150188446,-0.04903307557106018,0.511193037033081,0.32920414209365845,-0.06907220929861069,0.49318742752075195,0.25950467586517334,-0.08526423573493958,0.6515381932258606,0.5138276815414429,-0.033295318484306335,0.6494173407554626,0.3566265106201172,-0.05368063226342201,0.6498569846153259,0.26064813137054443,-0.07401532679796219,0.6503574848175049,0.18574729561805725,-0.08935926109552383,0.7144104242324829,0.5226944088935852,-0.04702819511294365,0.7282056212425232,0.3776375353336334,-0.07979491353034973,0.7317027449607849,0.2853918671607971,-0.10699961334466934,0.7322903275489807,0.20480552315711975,-0.12515580654144287,0.7729426622390747,0.5606561899185181,-0.06366658955812454,0.8298090100288391,0.46381598711013794,-0.09971558302640915,0.8666657209396362,0.3958027958869934,-0.12050540000200272,0.8963207006454468,0.3324039578437805,-0.13365434110164642,5
0.703879177570343,0.8799105882644653,6.784011929994449e-07,0.5970816016197205,0.8399040699005127,-0.03650592267513275,0.5056605339050293,0.7534868717193604,-0.054683536291122437,0.4401565194129944,0.6931547522544861,-0.07164735347032547,0.3816533386707306,0.6576161980628967,-0.08972514420747757,0.5814246535301208,0.5394079685211182,-0.028309881687164307,0.5340489745140076,0.4128991663455963,-0.05215926840901375,0.5083876252174377,0.3290008306503296,-0.07290348410606384,0.49007368087768555,0.25944003462791443,-0.08941735327243805,0.6481344103813171,0.5142725706100464,-0.03551273047924042,0.6458764672279358,0.35853028297424316,-0.057379838079214096,0.6468775868415833,0.264876127243042,-0.07867119461297989,0.6479058861732483,0.19154563546180725,-0.09437539428472519,0.7086839079856873,0.5231650471687317,-0.04914972558617592,0.7244526743888855,0.37722915410995483,-0.08239486068487167,0.7291193008422852,0.28435593843460083,-0.11019014567136765,0.7304314374923706,0.20321917533874512,-0.12876220047473907,0.7645525932312012,0.5611371397972107,-0.06562067568302155,0.8210734724998474,0.4643089473247528,-0.10206905752420425,0.857813835144043,0.396701455116272,-0.12313460558652878,0.8873472213745117,0.3340337872505188,-0.13638822734355927,5
0.6976978778839111,0.8734766244888306,6.748244345544663e-07,0.5937579870223999,0.8331712484359741,-0.035665903240442276,0.5043936967849731,0.7491251230239868,-0.05408428981900215,0.43923598527908325,0.6885038614273071,-0.07143784314393997,0.3810815215110779,0.653669536113739,-0.08990669250488281,0.5799490809440613,0.5390544533729553,-0.02903110347688198,0.5335783958435059,0.4146304726600647,-0.05318909138441086,0.5081148743629456,0.3323596715927124,-0.07380367815494537,0.490289568901062,0.26374322175979614,-0.09000090509653091,0.6459535360336304,0.5138170123100281,-0.03630195930600166,0.6445869207382202,0.3598892092704773,-0.058435648679733276,0.6454883813858032,0.2663610279560089,-0.07933199405670166,0.6467153429985046,0.19462093710899353,-0.09457936137914658,0.7062220573425293,0.5220832824707031,-0.04978097602725029,0.7245550155639648,0.3783050775527954,-0.08234447240829468,0.7297670245170593,0.2877117991447449,-0.10895271599292755,0.7316259145736694,0.2106577455997467,-0.12649942934513092,0.7614599466323853,0.5589448809623718,-0.06605029106140137,0.8182230591773987,0.4627029299736023,-0.10137494653463364,0.8544290065765381,0.39489322900772095,-0.12158236652612686,0.8837468028068542,0.3327736258506775,-0.13409174978733063,5
0.6954993009567261,0.8712027072906494,6.697923708998132e-07,0.5917866230010986,0.8313190937042236,-0.03534139320254326,0.5025719404220581,0.7467097043991089,-0.053382158279418945,0.4366316497325897,0.6877679228782654,-0.07026797533035278,0.3779140114784241,0.6553808450698853,-0.08841365575790405,0.5779606699943542,0.5386528968811035,-0.029739033430814743,0.532004714012146,0.41324490308761597,-0.053300634026527405,0.5066192746162415,0.3303937315940857,-0.07291403412818909,0.4882832169532776,0.2623808979988098,-0.08840441703796387,0.6436483860015869,0.5146780014038086,-0.03699786216020584,0.6424756050109863,0.36079269647598267,-0.058980319648981094,0.6438922882080078,0.2686709761619568,-0.07930003851652145,0.6454079151153564,0.19886794686317444,-0.09396873414516449,0.703367292881012,0.5239329934120178,-0.0503356009721756,0.7213332056999207,0.37974125146865845,-0.08277443796396255,0.7263906002044678,0.2895052433013916,-0.10910991579294205,0.7281676530838013,0.21273744106292725,-0.12644287943840027,0.7578521966934204,0.5608987808227539,-0.06638264656066895,0.8136519193649292,0.46424412727355957,-0.10165786743164062,0.8492730855941772,0.3969569206237793,-0.12187542021274567,0.8779683113098145,0.33565545082092285,-0.13443239033222198,5
0.6938143372535706,0.8692082166671753,6.54458176541084e-07,0.5900864601135254,0.8285990953445435,-0.03623751178383827,0.5016173720359802,0.7444923520088196,-0.05452236160635948,0.4354252815246582,0.6866624355316162,-0.0714370384812355,0.3767085075378418,0.6552010178565979,-0.0894838497042656,0.5747986435890198,0.5431292057037354,-0.03066268190741539,0.529434859752655,0.41843295097351074,-0.054695773869752884,0.5041332840919495,0.336123526096344,-0.07455189526081085,0.485561728477478,0.26809361577033997,-0.09007587283849716,0.6403114795684814,0.5176487565040588,-0.037046879529953,0.6402341723442078,0.36500218510627747,-0.05857580527663231,0.6411511898040771,0.27528756856918335,-0.07808895409107208,0.6418034434318542,0.20691776275634766,-0.09210708737373352,0.6996345520019531,0.5250726938247681,-0.04947655647993088,0.7189540266990662,0.3798082172870636,-0.08037670701742172,0.7246052026748657,0.2903595566749573,-0.10455663502216339,0.7267135381698608,0.21356725692749023,-0.12057539820671082,0.753577470779419,0.5602443814277649,-0.06487685441970825,0.8091949224472046,0.466345876455307,-0.09835788607597351,0.8439211845397949,0.3998931050300598,-0.11675126850605011,0.8716291785240173,0.33864036202430725,-0.1279958337545395,5
0.6925080418586731,0.8732486367225647,6.32584033155581e-07,0.5877633690834045,0.8319240808486938,-0.034688908606767654,0.49850815534591675,0.748660147190094,-0.052172936499118805,0.4334409236907959,0.6909368634223938,-0.06841340661048889,0.3771122694015503,0.6575682163238525,-0.08567321300506592,0.5718927383422852,0.5472745895385742,-0.02741447649896145,0.5274422764778137,0.42315906286239624,-0.050065722316503525,0.5022492408752441,0.34183764457702637,-0.06942479312419891,0.4840334951877594,0.27471864223480225,-0.08469504863023758,0.6359255909919739,0.5233889222145081,-0.03378169611096382,0.6355433464050293,0.3735666871070862,-0.053216949105262756,0.6370227336883545,0.2850123643875122,-0.07197614014148712,0.6392054557800293,0.21675992012023926,-0.08607271313667297,0.6938536167144775,0.5309187173843384,-0.046229369938373566,0.713196337223053,0.38841497898101807,-0.07529906928539276,0.7203571796417236,0.29923349618911743,-0.09945207834243774,0.7245194911956787,0.22282367944717407,-0.11600396037101746,0.7467499375343323,0.5651435852050781,-0.061562053859233856,0.8003793954849243,0.4712793827056885,-0.09347764402627945,0.8345916867256165,0.4067632853984833,-0.11140129715204239,0.8620192408561707,0.34780430793762207,-0.1226791962981224,5
0.6846058964729309,0.8756197690963745,6.421923330890422e-07,0.5822529792785645,0.8321621417999268,-0.03113858588039875,0.49429792165756226,0.7485830187797546,-0.046643082052469254,0.43025779724121094,0.6921007037162781,-0.06129401549696922,0.3744339048862457,0.6616634130477905,-0.07731213420629501,0.5677126049995422,0.5486071109771729,-0.024532310664653778,0.5222802758216858,0.42780858278274536,-0.04566527158021927,0.49627214670181274,0.3475503921508789,-0.06406953185796738,0.4777641296386719,0.28085798025131226,-0.07896831631660461,0.6321768760681152,0.5253473520278931,-0.03213096782565117,0.6324818730354309,0.37637394666671753,-0.05052945017814636,0.6349318623542786,0.28754085302352905,-0.06911752372980118,0.6385278701782227,0.21889013051986694,-0.0832887589931488,0.690234363079071,0.5341388583183289,-0.04538359120488167,0.7112471461296082,0.39505845308303833,-0.07303451746702194,0.720427393913269,0.30613306164741516,-0.09718530625104904,0.726787805557251,0.23051315546035767,-0.11395469307899475,0.7423972487449646,0.5693008899688721,-0.06116960570216179,0.7935585379600525,0.4750543534755707,-0.09115923941135406,0.8267226219177246,0.41080915927886963,-0.10822832584381104,0.8530299067497253,0.35297948122024536,-0.11932899057865143,5
0.6798943877220154,0.8738253116607666,6.499843721030629e-07,0.5783216953277588,0.8331860899925232,-0.03298815339803696,0.49051928520202637,0.7529855966567993,-0.04974289983510971,0.4269781708717346,0.69806969165802,-0.06535887718200684,0.3728945255279541,0.6644940376281738,-0.08204092085361481,0.5631547570228577,0.5513325929641724,-0.02626504749059677,0.5171446800231934,0.43091678619384766,-0.04811805486679077,0.49131596088409424,0.35148125886917114,-0.06719888746738434,0.4727417528629303,0.285664826631546,-0.08238715678453445,0.6265161037445068,0.5290379524230957,-0.033214788883924484,0.6256678104400635,0.38153064250946045,-0.05169776827096939,0.6269543766975403,0.2909824848175049,-0.0701909288764,0.629146158695221,0.22086751461029053,-0.08425533026456833,0.6844338774681091,0.5386832356452942,-0.046000175178050995,0.7033492922782898,0.402106374502182,-0.07356900721788406,0.7132319808006287,0.3136730194091797,-0.09693814814090729,0.7201730012893677,0.2377602756023407,-0.1130266860127449,0.737233579158783,0.5747209191322327,-0.06154896691441536,0.7860575318336487,0.48138806223869324,-0.09134127199649811,0.818655788898468,0.4181709885597229,-0.10742033272981644,0.8448304533958435,0.36102235317230225,-0.11758115887641907,5
0.6746197938919067,0.8734326362609863,6.444508926506387e-07,0.5737088918685913,0.8348733186721802,-0.033258434385061264,0.48614609241485596,0.7542504072189331,-0.05016060918569565,0.42219340801239014,0.6984513998031616,-0.06607790291309357,0.3669741749763489,0.6649723052978516,-0.08291395008563995,0.5597254633903503,0.5534310340881348,-0.025643428787589073,0.5128558278083801,0.43416595458984375,-0.0479397177696228,0.4868151545524597,0.3549766540527344,-0.06777399778366089,0.4684758186340332,0.2886873781681061,-0.08378108590841293,0.6210878491401672,0.5301328301429749,-0.03249474614858627,0.6185203194618225,0.3849458396434784,-0.051400065422058105,0.6206321716308594,0.2944874167442322,-0.07002861052751541,0.6245374083518982,0.22444140911102295,-0.08423890173435211,0.6785077452659607,0.5392658114433289,-0.04528350010514259,0.694618821144104,0.40150246024131775,-0.0729689672589302,0.7052793502807617,0.3141140043735504,-0.09533396363258362,0.7135933041572571,0.23893997073173523,-0.11077763885259628,0.7323899865150452,0.5757261514663696,-0.06101791933178902,0.7802010178565979,0.48315680027008057,-0.09112711250782013,0.812157392501831,0.41897544264793396,-0.10708700865507126,0.8380692601203918,0.36092299222946167,-0.11712078005075455,5
0.6700929999351501,0.8735803365707397,6.394193405867554e-07,0.5710963606834412,0.837374210357666,-0.03383754566311836,0.48428046703338623,0.7564660906791687,-0.05130823701620102,0.42035549879074097,0.7005733251571655,-0.06768746674060822,0.36413872241973877,0.6682673096656799,-0.0851370319724083,0.5557644963264465,0.557037353515625,-0.028445374220609665,0.5090280175209045,0.4374740719795227,-0.0514763705432415,0.48317670822143555,0.35817480087280273,-0.07140827924013138,0.46523517370224,0.2914285659790039,-0.08741255849599838,0.6168556809425354,0.5331965088844299,-0.03522343561053276,0.6139205098152161,0.3880988359451294,-0.054835669696331024,0.6149426102638245,0.2979929447174072,-0.07347852736711502,0.617600679397583,0.22770589590072632,-0.08775860071182251,0.6743195652961731,0.54156094789505,-0.04779750108718872,0.6892099380493164,0.40240639448165894,-0.07630820572376251,0.6970829367637634,0.3160083293914795,-0.09878886491060257,0.7025113701820374,0.24151888489723206,-0.11434908211231232,0.7283706665039062,0.5771227478981018,-0.06325504183769226,0.7759207487106323,0.4842666983604431,-0.09439967572689056,0.8075904846191406,0.42039304971694946,-0.1108274757862091,0.833091139793396,0.3623957931995392,-0.12115871161222458,5
0.6687169075012207,0.8744285106658936,6.34298828572355e-07,0.5692254900932312,0.8381471633911133,-0.03347983583807945,0.4826614260673523,0.7581056356430054,-0.050758685916662216,0.41926291584968567,0.7029781341552734,-0.06689605861902237,0.3637827932834625,0.67038893699646,-0.08398473262786865,0.5532712936401367,0.5569801926612854,-0.0279042087495327,0.5060442686080933,0.43851661682128906,-0.05095493793487549,0.4798494577407837,0.3596639633178711,-0.07075581699609756,0.46166011691093445,0.293134868144989,-0.08661395311355591,0.6147436499595642,0.5320543050765991,-0.03486991673707962,0.6112391352653503,0.38845062255859375,-0.05442001670598984,0.611674964427948,0.29918697476387024,-0.07267992943525314,0.6136137843132019,0.2298445701599121,-0.08642517775297165,0.6724749803543091,0.5407838225364685,-0.04766193404793739,0.6877352595329285,0.40238237380981445,-0.07631994783878326,0.6949958801269531,0.3167474567890167,-0.0983448326587677,0.6994162797927856,0.2426266372203827,-0.11333845555782318,0.7263038158416748,0.5776986479759216,-0.06327606737613678,0.7735366821289062,0.4865269660949707,-0.09485829621553421,0.8041082620620728,0.4236209988594055,-0.11106888204813004,0.8285103440284729,0.36588287353515625,-0.12091968208551407,5
0.6623417139053345,0.8749666213989258,6.355132882163161e-07,0.5640904903411865,0.8385123014450073,-0.033329885452985764,0.4768332839012146,0.7579460740089417,-0.05019550025463104,0.41360536217689514,0.7006960511207581,-0.06589867919683456,0.3582514524459839,0.6684247255325317,-0.08263495564460754,0.5490665435791016,0.5594955086708069,-0.02840346097946167,0.5026853084564209,0.4404871463775635,-0.05105702206492424,0.476833313703537,0.3617674708366394,-0.07053600996732712,0.45916661620140076,0.2954770028591156,-0.08631345629692078,0.6112469434738159,0.5346644520759583,-0.03539362549781799,0.6083524823188782,0.3902361989021301,-0.05476343631744385,0.6087089776992798,0.30037766695022583,-0.07320985198020935,0.6103051900863647,0.23026248812675476,-0.08735393732786179,0.6692354679107666,0.542901873588562,-0.04808342084288597,0.6857612133026123,0.40331077575683594,-0.07660471647977829,0.6935497522354126,0.3169703185558319,-0.09916991740465164,0.6982678771018982,0.2420714795589447,-0.11479558795690536,0.7225888967514038,0.5792974829673767,-0.0635405108332634,0.7706989049911499,0.48827627301216125,-0.09539639949798584,0.8016408085823059,0.42472928762435913,-0.1122642457485199,0.8263806700706482,0.36663591861724854,-0.1227911114692688,5
0.6642801761627197,0.8775762319564819,6.284090545705112e-07,0.5640445947647095,0.841845691204071,-0.032886166125535965,0.4765571057796478,0.7599015235900879,-0.048933204263448715,0.4125150442123413,0.7040734887123108,-0.06419191509485245,0.3566950559616089,0.6719167232513428,-0.08050800859928131,0.548448920249939,0.5613120794296265,-0.025057632476091385,0.5013909339904785,0.4433944821357727,-0.0471271350979805,0.47588735818862915,0.3648815155029297,-0.06657152622938156,0.45809412002563477,0.2985682487487793,-0.08235758543014526,0.6098868250846863,0.5354276299476624,-0.03210149332880974,0.6068003177642822,0.3911150097846985,-0.05068554729223251,0.607650637626648,0.3011636734008789,-0.06862669438123703,0.6095468997955322,0.23040708899497986,-0.08225612342357635,0.6674882173538208,0.5428367853164673,-0.04510142654180527,0.6835284233093262,0.40299755334854126,-0.07317821681499481,0.6919052600860596,0.3161489963531494,-0.09523672610521317,0.6969936490058899,0.24056971073150635,-0.11034649610519409,0.7209674119949341,0.5791362524032593,-0.06096874549984932,0.7686666250228882,0.48923277854919434,-0.09241211414337158,0.7997653484344482,0.42623192071914673,-0.10875433683395386,0.8244541883468628,0.36813750863075256,-0.11877680569887161,5
0.6601964235305786,0.8823692202568054,6.587605980712397e-07,0.560155987739563,0.8439843654632568,-0.03394998982548714,0.4736742377281189,0.7630259394645691,-0.051126692444086075,0.41003620624542236,0.7060878872871399,-0.06764663010835648,0.35459327697753906,0.6720834374427795,-0.08486129343509674,0.545742392539978,0.5640808343887329,-0.024810291826725006,0.499546617269516,0.44432079792022705,-0.048124998807907104,0.4740694761276245,0.36512279510498047,-0.06850557029247284,0.45675259828567505,0.29817044734954834,-0.08485053479671478,0.6067412495613098,0.5387605428695679,-0.03172871842980385,0.6033331751823425,0.39423632621765137,-0.051626481115818024,0.6040483713150024,0.3036690652370453,-0.07050667703151703,0.6065371036529541,0.23257315158843994,-0.08461902290582657,0.663936972618103,0.545663595199585,-0.044869210571050644,0.6784617900848389,0.40527188777923584,-0.07383687794208527,0.6861265301704407,0.31959831714630127,-0.09590812772512436,0.691089928150177,0.24509572982788086,-0.11076577007770538,0.7178409099578857,0.5811265110969543,-0.061073895543813705,0.7664589881896973,0.4914625585079193,-0.09296352416276932,0.7972191572189331,0.42782843112945557,-0.10965359210968018,0.8220638036727905,0.36919301748275757,-0.11972787231206894,5
0.6563673615455627,0.8844412565231323,6.477711735897174e-07,0.5573618412017822,0.8467287421226501,-0.032827168703079224,0.47095227241516113,0.7647334337234497,-0.04934573918581009,0.40726324915885925,0.707615852355957,-0.06533642113208771,0.35194480419158936,0.6746826767921448,-0.08224328607320786,0.5445964336395264,0.5663657784461975,-0.02506440132856369,0.49820032715797424,0.446857750415802,-0.048237405717372894,0.4730971157550812,0.3677799701690674,-0.06836767494678497,0.45628607273101807,0.30110231041908264,-0.0843227356672287,0.6054283976554871,0.5414388179779053,-0.03224334493279457,0.6018309593200684,0.3959958255290985,-0.051970791071653366,0.6019253730773926,0.30443698167800903,-0.07051088660955429,0.6037021279335022,0.23317307233810425,-0.08431011438369751,0.6625646948814392,0.5485471487045288,-0.04544326290488243,0.6769240498542786,0.40935808420181274,-0.07400573045015335,0.683195173740387,0.3237203061580658,-0.09604312479496002,0.6867791414260864,0.2502586841583252,-0.11082726716995239,0.7162082195281982,0.5840024948120117,-0.061594028025865555,0.7650395631790161,0.49369102716445923,-0.0929192304611206,0.7959886789321899,0.4298895001411438,-0.10939902812242508,0.8211020231246948,0.37182873487472534,-0.11935744434595108,5
0.6554281711578369,0.8864245414733887,6.528520657411718e-07,0.5575721263885498,0.8500735759735107,-0.034359145909547806,0.4718458652496338,0.7681621313095093,-0.05169996619224548,0.4080546498298645,0.7111735939979553,-0.06840205192565918,0.35284167528152466,0.6758518218994141,-0.08579789102077484,0.5437275767326355,0.5678335428237915,-0.025920992717146873,0.4969020187854767,0.4482016861438751,-0.049800727516412735,0.4716795086860657,0.36892345547676086,-0.07047214359045029,0.45495545864105225,0.30201849341392517,-0.08670805394649506,0.6045957803726196,0.5429174900054932,-0.032498426735401154,0.6005819439888,0.39740830659866333,-0.05243845656514168,0.6009518504142761,0.30532515048980713,-0.07115916907787323,0.6029129028320312,0.23313501477241516,-0.08515030890703201,0.6621249914169312,0.5500830411911011,-0.04531575366854668,0.6749621629714966,0.41189825534820557,-0.07392329722642899,0.6808799505233765,0.3267427086830139,-0.09602248668670654,0.6841137409210205,0.25331300497055054,-0.11079137027263641,0.7166489958763123,0.5857098698616028,-0.06128730997443199,0.7643084526062012,0.4949004352092743,-0.0922243669629097,0.7949556708335876,0.43096503615379333,-0.10860111564397812,0.8202760815620422,0.373066246509552,-0.11852259188890457,5
0.6546811461448669,0.8883401155471802,6.511421588584199e-07,0.5569059252738953,0.8520936369895935,-0.03407762944698334,0.47060996294021606,0.7686502933502197,-0.05110820010304451,0.4065507650375366,0.7100158333778381,-0.06755195558071136,0.35055088996887207,0.67572021484375,-0.08471240848302841,0.5431839823722839,0.5685896873474121,-0.025115370750427246,0.4962333142757416,0.44922304153442383,-0.04872327670454979,0.47073957324028015,0.3701797127723694,-0.0692213699221611,0.45380455255508423,0.30336666107177734,-0.08552731573581696,0.6038432717323303,0.543201744556427,-0.03185106813907623,0.5999484062194824,0.397675096988678,-0.0515526607632637,0.6003792881965637,0.3061336874961853,-0.07003232836723328,0.6022690534591675,0.23427048325538635,-0.0840095579624176,0.661112368106842,0.5501884818077087,-0.04490221291780472,0.673998236656189,0.4113246202468872,-0.07347971946001053,0.6792599558830261,0.32617610692977905,-0.09583534300327301,0.6817835569381714,0.2526065409183502,-0.11103353649377823,0.7154171466827393,0.585991621017456,-0.06110012158751488,0.7638751268386841,0.49555012583732605,-0.0924043208360672,0.7948449850082397,0.43124622106552124,-0.109555184841156,0.8202072381973267,0.3723681569099426,-0.120264433324337,5
0.6529199481010437,0.8884496688842773,6.513321295642527e-07,0.555698037147522,0.8516422510147095,-0.035149164497852325,0.4706256091594696,0.7686886191368103,-0.05326422303915024,0.40614792704582214,0.7113097906112671,-0.07061562687158585,0.34973829984664917,0.676369309425354,-0.08864135295152664,0.5432940721511841,0.5684855580329895,-0.027106737717986107,0.49572426080703735,0.4486778676509857,-0.0514727346599102,0.4702521562576294,0.36996960639953613,-0.07234982401132584,0.45329713821411133,0.3026946187019348,-0.08886916935443878,0.6044461131095886,0.5427727103233337,-0.03358560428023338,0.6001642346382141,0.39786893129348755,-0.053945474326610565,0.6010521650314331,0.30717793107032776,-0.07256342470645905,0.603348433971405,0.23548683524131775,-0.08654195815324783,0.6618202924728394,0.5497265458106995,-0.04641144722700119,0.6744114756584167,0.4113786816596985,-0.07559547573328018,0.6801093220710754,0.32664254307746887,-0.09771817177534103,0.6831031441688538,0.25291845202445984,-0.11262576282024384,0.715765118598938,0.585713267326355,-0.06249509006738663,0.7642508149147034,0.49604368209838867,-0.09451883286237717,0.7952956557273865,0.4319210350513458,-0.11178833991289139,0.8209052085876465,0.3727242350578308,-0.12239603698253632,5
0.6550663709640503,0.8892828226089478,6.589541499124607e-07,0.5572773814201355,0.8523566722869873,-0.035322658717632294,0.47162726521492004,0.7694605588912964,-0.053351499140262604,0.4069925546646118,0.7122907638549805,-0.07062682509422302,0.35061362385749817,0.6766515970230103,-0.0885038897395134,0.5438776612281799,0.5694894790649414,-0.02695602923631668,0.4954659044742584,0.44920802116394043,-0.051305852830410004,0.4699150621891022,0.36962443590164185,-0.07192054390907288,0.4529836177825928,0.3019459545612335,-0.08810898661613464,0.6047086119651794,0.5438405275344849,-0.033291369676589966,0.600200355052948,0.39797312021255493,-0.053533490747213364,0.600648045539856,0.3067672550678253,-0.0716419443488121,0.6022049188613892,0.23504406213760376,-0.08509912341833115,0.6620844006538391,0.5506628751754761,-0.04608849063515663,0.6737315654754639,0.4114457964897156,-0.07532564550638199,0.6779848337173462,0.32614666223526,-0.09707577526569366,0.6794127225875854,0.2523604929447174,-0.11152197420597076,0.7165576815605164,0.5861703753471375,-0.06218436732888222,0.765550434589386,0.49512821435928345,-0.09388964623212814,0.7968152165412903,0.43037405610084534,-0.11087491363286972,0.8222366571426392,0.37081074714660645,-0.12120910733938217,5
0.6590536236763,0.8896020650863647,6.490969894912269e-07,0.5605940818786621,0.8539848327636719,-0.03530871123075485,0.4738111197948456,0.7709943652153015,-0.05365867167711258,0.4077107906341553,0.7135551571846008,-0.07111211866140366,0.3498075604438782,0.6784399747848511,-0.0891769602894783,0.5446115136146545,0.5701909065246582,-0.028033027425408363,0.49644339084625244,0.4499579071998596,-0.05249250307679176,0.4709899425506592,0.37136757373809814,-0.07332514226436615,0.45386016368865967,0.30371731519699097,-0.08983278274536133,0.6057767271995544,0.5435919165611267,-0.03449121490120888,0.6015796065330505,0.39838266372680664,-0.05488179251551628,0.6020658612251282,0.30757054686546326,-0.07333926856517792,0.6036490201950073,0.23498967289924622,-0.08732173591852188,0.6632436513900757,0.5500669479370117,-0.04723375290632248,0.6757736802101135,0.4106752276420593,-0.07683494687080383,0.6800457239151001,0.32532641291618347,-0.09899213165044785,0.6811916828155518,0.25058335065841675,-0.11395172029733658,0.7176352143287659,0.5856958031654358,-0.0631459429860115,0.7666956186294556,0.49508365988731384,-0.09559757262468338,0.7977944612503052,0.43041032552719116,-0.1128617525100708,0.8227893114089966,0.37018224596977234,-0.12344677746295929,5
0.6616755723953247,0.8917968273162842,6.507145826617489e-07,0.5632888674736023,0.852328360080719,-0.03497156500816345,0.47696223855018616,0.7695735692977905,-0.05385438725352287,0.4102543592453003,0.712834358215332,-0.07181377708911896,0.35152554512023926,0.6785918474197388,-0.09058656543493271,0.5461195111274719,0.5714643597602844,-0.029564451426267624,0.4982747435569763,0.4504393935203552,-0.055180925875902176,0.4727656841278076,0.37161991000175476,-0.07686223089694977,0.45560508966445923,0.30393242835998535,-0.09374542534351349,0.6078570485115051,0.5444326400756836,-0.03646489232778549,0.6041078567504883,0.39758962392807007,-0.057507120072841644,0.6037086248397827,0.3061530888080597,-0.07655038684606552,0.6045926213264465,0.2336396872997284,-0.09078849107027054,0.6659375429153442,0.5514093637466431,-0.04942264407873154,0.6814957857131958,0.40924638509750366,-0.0789719969034195,0.6885361671447754,0.32207438349723816,-0.10116077214479446,0.6917733550071716,0.24627861380577087,-0.11609957367181778,0.7201696634292603,0.588374674320221,-0.06543128192424774,0.7691939473152161,0.49642276763916016,-0.09770949929952621,0.7998407483100891,0.4314780831336975,-0.1142750084400177,0.8241556286811829,0.37155091762542725,-0.1241818368434906,5
0.661966860294342,0.8929332494735718,6.580553986168525e-07,0.5630606412887573,0.8525053262710571,-0.035136088728904724,0.4759805500507355,0.7699497938156128,-0.05410255119204521,0.40966933965682983,0.7124086022377014,-0.07195860147476196,0.3518749475479126,0.6791121363639832,-0.09076669812202454,0.5469253063201904,0.572873592376709,-0.031330760568380356,0.5000898838043213,0.45113497972488403,-0.05741841346025467,0.47466331720352173,0.3717684745788574,-0.07951744645833969,0.45763319730758667,0.3030424118041992,-0.0967801958322525,0.6092485785484314,0.5464990139007568,-0.03840671479701996,0.6057523488998413,0.39903658628463745,-0.05979220196604729,0.6046227216720581,0.3056109547615051,-0.07930811494588852,0.6047056913375854,0.23062369227409363,-0.09419135749340057,0.6676503419876099,0.5540704131126404,-0.05143025517463684,0.683657169342041,0.4119003415107727,-0.08107731491327286,0.6899716258049011,0.32345348596572876,-0.10375247150659561,0.6924577951431274,0.2459743320941925,-0.11930208653211594,0.7218104600906372,0.5914415717124939,-0.06747030466794968,0.7713577747344971,0.49901291728019714,-0.09993806481361389,0.8017361164093018,0.4329160749912262,-0.11691177636384964,0.825768768787384,0.3715331554412842,-0.12731023132801056,5
0.661817729473114,0.8920720815658569,6.617211738557671e-07,0.5641391277313232,0.8511642813682556,-0.035767845809459686,0.4784904718399048,0.7707760334014893,-0.05580586940050125,0.4124017357826233,0.7155884504318237,-0.07469183206558228,0.35425326228141785,0.682454526424408,-0.09459372609853745,0.5491902232170105,0.5719706416130066,-0.03277735784649849,0.5021271705627441,0.4488450884819031,-0.05900432541966438,0.47686806321144104,0.3695858120918274,-0.08106934279203415,0.46005022525787354,0.3008996248245239,-0.0983123779296875,0.6113654375076294,0.5458371639251709,-0.03969639539718628,0.6074126362800598,0.39759308099746704,-0.06127054989337921,0.6063332557678223,0.3050897419452667,-0.08108542114496231,0.6065032482147217,0.23096445202827454,-0.09630727022886276,0.6698626279830933,0.5532666444778442,-0.05254416912794113,0.6860381364822388,0.411124050617218,-0.08212555944919586,0.6933723092079163,0.3225109577178955,-0.10527303814888,0.696751594543457,0.24505913257598877,-0.12134388089179993,0.7242512702941895,0.5899257063865662,-0.06844671815633774,0.7736194133758545,0.4968346357345581,-0.10043302923440933,0.8046459555625916,0.4314455986022949,-0.11734569817781448,0.8290326595306396,0.3711088299751282,-0.1279168277978897,5
0.6659795641899109,0.8928916454315186,6.571442554559326e-07,0.5671132206916809,0.8530954718589783,-0.03529403358697891,0.4802422523498535,0.7715284824371338,-0.05504205822944641,0.41343367099761963,0.7156531810760498,-0.07372434437274933,0.3548539876937866,0.6828482747077942,-0.0936095342040062,0.5514827966690063,0.5728165507316589,-0.032983504235744476,0.5044164061546326,0.44866710901260376,-0.059121228754520416,0.479358434677124,0.3682267963886261,-0.08105144649744034,0.4623798727989197,0.29867807030677795,-0.098334401845932,0.6137701272964478,0.5466815233230591,-0.04048936441540718,0.6102196574211121,0.3978983163833618,-0.06257914751768112,0.6097265481948853,0.304453045129776,-0.08306390047073364,0.6105149984359741,0.22890278697013855,-0.09878342598676682,0.6720333695411682,0.5547369718551636,-0.05379277095198631,0.6891157031059265,0.4102046489715576,-0.08433015644550323,0.6982485055923462,0.3194190263748169,-0.10867014527320862,0.7035698294639587,0.23993802070617676,-0.12552359700202942,0.7259531021118164,0.5924173593521118,-0.06996175646781921,0.7754076719284058,0.49757543206214905,-0.10289964079856873,0.8070634603500366,0.4311450123786926,-0.1205238550901413,0.8321946859359741,0.3702229857444763,-0.13165435194969177,5
0.66801917552948,0.8932346105575562,6.853948661955656e-07,0.5702224969863892,0.8522604703903198,-0.0366654172539711,0.48431918025016785,0.7715896964073181,-0.05811581388115883,0.4168224334716797,0.7157074213027954,-0.07821936160326004,0.3570830225944519,0.683118462562561,-0.09927999973297119,0.5540900826454163,0.5735601782798767,-0.03575577214360237,0.5069589614868164,0.4480201005935669,-0.06281154602766037,0.4816262125968933,0.3681483864784241,-0.08512434363365173,0.4642513394355774,0.2989036738872528,-0.1025448590517044,0.6156509518623352,0.5477950572967529,-0.04281466454267502,0.6125786304473877,0.3978801965713501,-0.0657418966293335,0.6120592355728149,0.3034045994281769,-0.08638231456279755,0.6127863526344299,0.2267911434173584,-0.10219765454530716,0.6737046837806702,0.5555561184883118,-0.055661797523498535,0.6906797289848328,0.41084933280944824,-0.08672378957271576,0.6993001699447632,0.32067641615867615,-0.11116349697113037,0.7042497992515564,0.2415749430656433,-0.12811601161956787,0.7277497053146362,0.5923839807510376,-0.0714714303612709,0.7788805961608887,0.49845051765441895,-0.10470562428236008,0.811432957649231,0.431540846824646,-0.1226472333073616,0.8372855186462402,0.36963486671447754,-0.13401101529598236,5
0.6700954437255859,0.8946641683578491,6.959581355658884e-07,0.5715760588645935,0.8512318730354309,-0.03660563752055168,0.48567354679107666,0.7697452902793884,-0.05856337025761604,0.4181693494319916,0.7136892080307007,-0.07930541783571243,0.3583909273147583,0.681483268737793,-0.10104508697986603,0.5562024712562561,0.5734281539916992,-0.036831799894571304,0.5090402364730835,0.44856876134872437,-0.06511824578046799,0.48308587074279785,0.36857107281684875,-0.08819495886564255,0.464887797832489,0.29884034395217896,-0.10601641237735748,0.6180232763290405,0.5479388236999512,-0.044502951204776764,0.6157185435295105,0.3977394700050354,-0.06868273764848709,0.6151694655418396,0.30273979902267456,-0.08977482467889786,0.6154590249061584,0.22540274262428284,-0.10563740134239197,0.6761943697929382,0.5565840601921082,-0.057944025844335556,0.6928134560585022,0.41170763969421387,-0.09002363681793213,0.7000671029090881,0.321332722902298,-0.11422962695360184,0.7034406065940857,0.24163532257080078,-0.13068120181560516,0.7299784421920776,0.5945754051208496,-0.0743345394730568,0.7812011241912842,0.4987049102783203,-0.10815192013978958,0.8136930465698242,0.43066149950027466,-0.12583184242248535,0.8395745754241943,0.36785584688186646,-0.1367507129907608,5
0.6724858283996582,0.8940886855125427,6.827727361269353e-07,0.5741971135139465,0.8507921695709229,-0.03714579716324806,0.4883344769477844,0.7684611082077026,-0.05862138047814369,0.4200798273086548,0.7118023037910461,-0.07866278290748596,0.35885921120643616,0.6807606220245361,-0.09979242831468582,0.5593539476394653,0.573413074016571,-0.03581738844513893,0.5121821761131287,0.44883376359939575,-0.06267431378364563,0.48601701855659485,0.3687197268009186,-0.08499899506568909,0.46793439984321594,0.2989617884159088,-0.10257404297590256,0.6212809085845947,0.5473819375038147,-0.04279284551739693,0.6188026666641235,0.3972664475440979,-0.06543494760990143,0.6183705925941467,0.3034678101539612,-0.08617404103279114,0.6192471981048584,0.22645026445388794,-0.10222234576940536,0.6789501309394836,0.5559943318367004,-0.055555641651153564,0.696782112121582,0.41218096017837524,-0.08627607673406601,0.7048012018203735,0.3226805329322815,-0.11072646081447601,0.7088111042976379,0.2432316541671753,-0.12783598899841309,0.7321597337722778,0.5937823057174683,-0.0713338553905487,0.7832648158073425,0.4984222650527954,-0.10394813865423203,0.8155952095985413,0.43163153529167175,-0.12148036062717438,0.8410932421684265,0.3696451187133789,-0.13275529444217682,5
0.6728368997573853,0.8950613737106323,6.859731911390554e-07,0.5750748515129089,0.8512415885925293,-0.03642187640070915,0.4897172749042511,0.7684957981109619,-0.05760999768972397,0.4221111536026001,0.7111878395080566,-0.07744168490171432,0.36127984523773193,0.6810464859008789,-0.09849341958761215,0.5609739422798157,0.5722522735595703,-0.03554476425051689,0.5144559144973755,0.4473714530467987,-0.062221914529800415,0.4887855648994446,0.36689960956573486,-0.08445098996162415,0.4709997773170471,0.29708483815193176,-0.10191529989242554,0.6232014298439026,0.5467948913574219,-0.042928047478199005,0.6215147376060486,0.39587223529815674,-0.0653999000787735,0.6212376356124878,0.30188634991645813,-0.0859001874923706,0.6219255328178406,0.22571933269500732,-0.10160810500383377,0.6812549233436584,0.556169867515564,-0.05602036044001579,0.7005096673965454,0.4107554256916046,-0.08657950162887573,0.7098275423049927,0.319576621055603,-0.11090978235006332,0.7149872779846191,0.23947873711585999,-0.1278320550918579,0.7345556616783142,0.5948776602745056,-0.07203397154808044,0.7864060401916504,0.49821195006370544,-0.10438362509012222,0.8192650079727173,0.43097424507141113,-0.1215270608663559,0.8450630307197571,0.3691251277923584,-0.1324646919965744,5
0.6740334033966064,0.8956259489059448,7.006178179835842e-07,0.5754071474075317,0.8521934151649475,-0.03765558451414108,0.4908819794654846,0.7704629302024841,-0.059239279478788376,0.42492425441741943,0.7132089734077454,-0.07940211892127991,0.3652651906013489,0.680038571357727,-0.10077317804098129,0.5624870657920837,0.5714231729507446,-0.03573532775044441,0.5155346989631653,0.4472319483757019,-0.06289815902709961,0.49005556106567383,0.365920752286911,-0.08558964729309082,0.47291862964630127,0.2950904369354248,-0.10342636704444885,0.624925971031189,0.5450695157051086,-0.042820245027542114,0.6241816282272339,0.3934445381164551,-0.06604331731796265,0.6255301833152771,0.29913607239723206,-0.08718777447938919,0.627906858921051,0.22322270274162292,-0.1031455546617508,0.6827269792556763,0.5543913841247559,-0.055845849215984344,0.7028645277023315,0.4088817834854126,-0.08699105679988861,0.7131848931312561,0.31772059202194214,-0.11186352372169495,0.7195248603820801,0.23779022693634033,-0.12897741794586182,0.735791802406311,0.5934902429580688,-0.07199015468358994,0.7876789569854736,0.4973169267177582,-0.1049339771270752,0.8207203149795532,0.430110365152359,-0.12275110930204391,0.8469231128692627,0.3684840202331543,-0.13405750691890717,5
0.6757327318191528,0.893261730670929,7.023022021712677e-07,0.5766949653625488,0.850700855255127,-0.037053532898426056,0.49189257621765137,0.7689055800437927,-0.057940542697906494,0.4256722927093506,0.7115125060081482,-0.07738229632377625,0.36614319682121277,0.6783386468887329,-0.09798479825258255,0.5639223456382751,0.569073498249054,-0.03421372175216675,0.5169957876205444,0.4464597702026367,-0.06019524857401848,0.49191972613334656,0.3659636378288269,-0.08198003470897675,0.47526252269744873,0.29646578431129456,-0.09911210834980011,0.6263627409934998,0.5432860851287842,-0.04105173796415329,0.6253219842910767,0.391013503074646,-0.06315735727548599,0.6264434456825256,0.2968704104423523,-0.08337504416704178,0.6287966966629028,0.22176429629325867,-0.09855876117944717,0.6841005682945251,0.5531312227249146,-0.05381502956151962,0.7029007077217102,0.4073698818683624,-0.08444343507289886,0.7114036679267883,0.31585875153541565,-0.10933838784694672,0.7164077758789062,0.23582082986831665,-0.12639862298965454,0.7370485663414001,0.5929583311080933,-0.06957707554101944,0.7891430854797363,0.4970596432685852,-0.10266733169555664,0.821975827217102,0.42941051721572876,-0.12090104073286057,0.8481107354164124,0.3669837415218353,-0.1323906034231186,5
0.6789970993995667,0.8954476118087769,6.873763709336345e-07,0.578258752822876,0.8516457080841064,-0.036883048713207245,0.49263855814933777,0.7682954668998718,-0.05711652338504791,0.42607399821281433,0.7102396488189697,-0.07591504603624344,0.36620497703552246,0.6773765683174133,-0.09580879658460617,0.565943717956543,0.5702316164970398,-0.0331425704061985,0.5191653370857239,0.446663498878479,-0.059241440147161484,0.4943181276321411,0.3655936121940613,-0.08140823245048523,0.477337121963501,0.29539376497268677,-0.09892810136079788,0.6282651424407959,0.544578492641449,-0.03996869921684265,0.6275222301483154,0.39314979314804077,-0.06213284283876419,0.6287711262702942,0.29856353998184204,-0.08278153091669083,0.6307671070098877,0.22227579355239868,-0.09841115027666092,0.6859026551246643,0.554124653339386,-0.05278336629271507,0.7046592831611633,0.40902453660964966,-0.08326012641191483,0.7137041091918945,0.31731218099594116,-0.10809227079153061,0.718950629234314,0.23652860522270203,-0.12515394389629364,0.7389450073242188,0.593313455581665,-0.06865611672401428,0.7904640436172485,0.49790066480636597,-0.10117363929748535,0.8228580951690674,0.43007826805114746,-0.11914391815662384,0.8485698699951172,0.367231547832489,-0.13058985769748688,5
0.6813340187072754,0.8958497643470764,6.997663035690493e-07,0.5809171795845032,0.8518843054771423,-0.037501778453588486,0.4961507022380829,0.7683789134025574,-0.0588112436234951,0.42882561683654785,0.7095598578453064,-0.07863569259643555,0.36789172887802124,0.6769689917564392,-0.09955906867980957,0.5674456357955933,0.5698026418685913,-0.03453676030039787,0.5209110379219055,0.44533151388168335,-0.06104391813278198,0.4953959882259369,0.3640737533569336,-0.0833478644490242,0.478100061416626,0.2930958569049835,-0.1010638102889061,0.6300143003463745,0.5431118607521057,-0.04152129217982292,0.6293230056762695,0.39191240072250366,-0.06403707712888718,0.6296260952949524,0.2980291247367859,-0.08493416756391525,0.6308484673500061,0.22138407826423645,-0.1009092852473259,0.6878604292869568,0.5523785948753357,-0.05444652587175369,0.7075666785240173,0.407198429107666,-0.08556025475263596,0.7159011363983154,0.3159923851490021,-0.11078837513923645,0.7202408909797668,0.23553228378295898,-0.12824833393096924,0.7408977746963501,0.591773509979248,-0.0703982561826706,0.7933802604675293,0.49633854627609253,-0.1036059632897377,0.8262923359870911,0.4288461208343506,-0.12191680073738098,0.8522621989250183,0.3660586476325989,-0.1336449235677719,5
0.6819663047790527,0.8964595198631287,6.971236530262104e-07,0.5813850164413452,0.850896418094635,-0.03651362285017967,0.4969862103462219,0.7679882645606995,-0.05711980164051056,0.4300374984741211,0.7105998992919922,-0.07653939723968506,0.36972498893737793,0.6772592067718506,-0.09704165160655975,0.5698987245559692,0.5693193674087524,-0.03239038586616516,0.5231065154075623,0.4451814889907837,-0.05876736715435982,0.49756404757499695,0.3636777997016907,-0.08111923187971115,0.4803570508956909,0.29272371530532837,-0.09876486659049988,0.6320551037788391,0.5431927442550659,-0.03955957666039467,0.6307920217514038,0.39257460832595825,-0.06191932037472725,0.6316000819206238,0.2987470328807831,-0.0827842727303505,0.6336536407470703,0.22312328219413757,-0.09855815023183823,0.6897599697113037,0.5522124171257019,-0.052736036479473114,0.7083221673965454,0.40760013461112976,-0.08354229480028152,0.716335117816925,0.3169080913066864,-0.10836230963468552,0.7206592559814453,0.23711204528808594,-0.12541209161281586,0.7430281639099121,0.5910822153091431,-0.06893797963857651,0.795992374420166,0.4962797462940216,-0.10169811546802521,0.828803539276123,0.4287303686141968,-0.11976869404315948,0.8548431396484375,0.36610597372055054,-0.13124817609786987,5
0.6832717061042786,0.8964554071426392,7.142240292523638e-07,0.5821232199668884,0.8507848381996155,-0.03794379159808159,0.49742358922958374,0.7691179513931274,-0.05960341915488243,0.43054330348968506,0.7111342549324036,-0.07988100498914719,0.37057942152023315,0.6764261722564697,-0.10115288943052292,0.5712981224060059,0.5684075355529785,-0.032900162041187286,0.5231151580810547,0.4456925094127655,-0.05924190580844879,0.49736884236335754,0.3641274869441986,-0.08170691877603531,0.48064637184143066,0.29349932074546814,-0.0993933379650116,0.6337907910346985,0.5417953729629517,-0.03956535458564758,0.632794201374054,0.3902776837348938,-0.06184523180127144,0.6339867115020752,0.2965397536754608,-0.0825345441699028,0.6365000009536743,0.22163048386573792,-0.09803134202957153,0.691264271736145,0.5509336590766907,-0.052433669567108154,0.7099986672401428,0.4054926335811615,-0.08316104859113693,0.7174150347709656,0.3146348297595978,-0.10785067081451416,0.7212795615196228,0.23508745431900024,-0.12477665394544601,0.743959903717041,0.5905695557594299,-0.06849345564842224,0.7972831726074219,0.495807409286499,-0.10120731592178345,0.8305125832557678,0.4285975396633148,-0.1191674992442131,0.857003927230835,0.36646202206611633,-0.1305021196603775,5
0.684354841709137,0.8970346450805664,6.873403890494956e-07,0.5834846496582031,0.8527370095252991,-0.03662574663758278,0.49808746576309204,0.7696911692619324,-0.05691717192530632,0.4312962293624878,0.7110422253608704,-0.07606229186058044,0.37144026160240173,0.6765637397766113,-0.09641172736883163,0.5725054144859314,0.5694196224212646,-0.03131568059325218,0.5251701474189758,0.44694286584854126,-0.057324573397636414,0.49974024295806885,0.3658643364906311,-0.07971642911434174,0.48254671692848206,0.29538819193840027,-0.09751656651496887,0.6348612308502197,0.5430005788803101,-0.03852279856801033,0.6341976523399353,0.39183709025382996,-0.060927171260118484,0.6356291174888611,0.2978757917881012,-0.08211466670036316,0.6380922794342041,0.2221999168395996,-0.09810510277748108,0.6921107769012451,0.5522040128707886,-0.051836300641298294,0.7105243802070618,0.4068862199783325,-0.08284848928451538,0.717513382434845,0.31552615761756897,-0.108247771859169,0.7209624648094177,0.23506104946136475,-0.12574930489063263,0.7449754476547241,0.5916675925254822,-0.06819158792495728,0.7977816462516785,0.49668049812316895,-0.10119664669036865,0.8308902382850647,0.42926454544067383,-0.11960934847593307,0.8572774529457092,0.36663487553596497,-0.13143277168273926,5
0.6836181282997131,0.8974668979644775,6.940358616702724e-07,0.5828902721405029,0.8531837463378906,-0.03674652799963951,0.4978792369365692,0.7703604698181152,-0.05724882334470749,0.4311367869377136,0.7122067809104919,-0.07660984992980957,0.3711932897567749,0.6775460243225098,-0.0971686989068985,0.5722625851631165,0.569252073764801,-0.03140844777226448,0.524706244468689,0.4472418427467346,-0.057345665991306305,0.49912387132644653,0.3666371703147888,-0.07980315387248993,0.48186206817626953,0.2966212332248688,-0.09761893004179001,0.6349219679832458,0.5431192517280579,-0.03854498639702797,0.6339678168296814,0.3918432593345642,-0.06072844937443733,0.6352664828300476,0.2977335751056671,-0.08198504149913788,0.6376649141311646,0.22211679816246033,-0.09807340800762177,0.6925308704376221,0.5522600412368774,-0.051801566034555435,0.7108991742134094,0.4074117839336395,-0.08283770829439163,0.7185317277908325,0.3163262605667114,-0.10857957601547241,0.7225419878959656,0.23620867729187012,-0.1262865960597992,0.7453184127807617,0.5917665958404541,-0.06808173656463623,0.798218846321106,0.4970191717147827,-0.10128036141395569,0.8317919969558716,0.4298669695854187,-0.11996500939130783,0.8584785461425781,0.3676750063896179,-0.13193576037883759,5
0.6850400567054749,0.8974353075027466,6.926885021130147e-07,0.5830979943275452,0.8546634316444397,-0.0381692573428154,0.49786633253097534,0.7726680636405945,-0.059579718858003616,0.4315789043903351,0.7142503261566162,-0.07944531738758087,0.3716241717338562,0.6784018278121948,-0.10046601295471191,0.5728489756584167,0.570061981678009,-0.03382986783981323,0.5248035788536072,0.4472300410270691,-0.06014823168516159,0.4992240369319916,0.3661600351333618,-0.08258136361837387,0.4821009635925293,0.29584363102912903,-0.10033392906188965,0.6357406377792358,0.5437724590301514,-0.04036505147814751,0.6338639855384827,0.39207956194877625,-0.06300123780965805,0.6349484920501709,0.2987190783023834,-0.08435647189617157,0.6372509002685547,0.22366029024124146,-0.10045779496431351,0.6932333111763,0.5531052947044373,-0.053027067333459854,0.7110846042633057,0.4075291156768799,-0.08461495488882065,0.718682050704956,0.3162953555583954,-0.11059030890464783,0.7228972315788269,0.23613190650939941,-0.12843917310237885,0.7458301186561584,0.5927805304527283,-0.06876096874475479,0.7981147766113281,0.4980105459690094,-0.10258515924215317,0.8316527605056763,0.4311407804489136,-0.12163010984659195,0.8585584759712219,0.36896032094955444,-0.1338246464729309,5
0.6844369173049927,0.8984870314598083,6.903570124450198e-07,0.5836130380630493,0.8552768230438232,-0.037039704620838165,0.4981720745563507,0.7723681926727295,-0.057551879435777664,0.4316597878932953,0.7139571309089661,-0.07655564695596695,0.3719613552093506,0.6783799529075623,-0.09677503257989883,0.572167158126831,0.5705640316009521,-0.03341556340456009,0.5242794752120972,0.44740283489227295,-0.05953657999634743,0.4988148808479309,0.365902841091156,-0.08177189528942108,0.48181623220443726,0.2951180636882782,-0.09942211210727692,0.6351826190948486,0.5439162850379944,-0.040289487689733505,0.6340908408164978,0.3920886814594269,-0.0627104714512825,0.6357352137565613,0.29838019609451294,-0.08377265930175781,0.6384103894233704,0.22344660758972168,-0.09968973696231842,0.6929839849472046,0.5534001588821411,-0.053135719150304794,0.7116163969039917,0.40758198499679565,-0.08438762277364731,0.7189549207687378,0.31663116812705994,-0.10992265492677689,0.7226698994636536,0.23680871725082397,-0.12754030525684357,0.7456728219985962,0.5936798453330994,-0.0689457431435585,0.7983185052871704,0.49886298179626465,-0.10260091722011566,0.8315755724906921,0.43162280321121216,-0.12146599590778351,0.8580508232116699,0.3688547909259796,-0.13355016708374023,5
0.6842073798179626,0.8974292278289795,6.957553750908119e-07,0.5829582214355469,0.8543453812599182,-0.0377548448741436,0.4979771375656128,0.7728330492973328,-0.05856515094637871,0.43169504404067993,0.7149116396903992,-0.07782352715730667,0.37220197916030884,0.6783899664878845,-0.09824633598327637,0.5727074146270752,0.5698273181915283,-0.03269166126847267,0.5241594314575195,0.44711148738861084,-0.058399032801389694,0.4984925091266632,0.36561983823776245,-0.0805121585726738,0.4814697504043579,0.29496705532073975,-0.09812407195568085,0.6356715559959412,0.5434300899505615,-0.0392216257750988,0.6341384649276733,0.3913327157497406,-0.06129694730043411,0.635790228843689,0.2978569567203522,-0.08248593658208847,0.6385263204574585,0.22318175435066223,-0.09853778034448624,0.6931017637252808,0.5530094504356384,-0.05188606679439545,0.711111307144165,0.40749555826187134,-0.08312015980482101,0.7185652256011963,0.3169025182723999,-0.10918151587247849,0.7225198149681091,0.23726019263267517,-0.12717334926128387,0.7454399466514587,0.5932433009147644,-0.06757817417383194,0.7978296279907227,0.4990948736667633,-0.10140129178762436,0.8313000202178955,0.43249863386154175,-0.12069857865571976,0.8581118583679199,0.3699745237827301,-0.13313455879688263,5
0.6841409206390381,0.898467481136322,6.892540227454447e-07,0.5832624435424805,0.8554834127426147,-0.03687366470694542,0.4981817901134491,0.7733782529830933,-0.057129498571157455,0.4318251609802246,0.7153025269508362,-0.07605874538421631,0.37250036001205444,0.6785413026809692,-0.096149742603302,0.572782576084137,0.5710944533348083,-0.03165876120328903,0.524124264717102,0.4478456377983093,-0.05722105875611305,0.4984525740146637,0.36614906787872314,-0.0790867879986763,0.48162388801574707,0.29534444212913513,-0.0964602380990982,0.6353464126586914,0.5448194146156311,-0.03852802515029907,0.6336817145347595,0.39229676127433777,-0.06039298325777054,0.6351684331893921,0.2982783019542694,-0.08127015829086304,0.6376967430114746,0.22354498505592346,-0.0970323458313942,0.6925375461578369,0.5541446805000305,-0.051503583788871765,0.7100771069526672,0.40824341773986816,-0.08245085179805756,0.7174672484397888,0.3171238303184509,-0.10812795162200928,0.7213383913040161,0.2373376488685608,-0.1258181631565094,0.7449083924293518,0.5938754081726074,-0.06747632473707199,0.7973061203956604,0.4991613030433655,-0.10105229169130325,0.8308614492416382,0.4320157766342163,-0.12015474587678909,0.857673168182373,0.36932939291000366,-0.13242186605930328,5
0.6825292110443115,0.8981795907020569,6.941154993000964e-07,0.5820688605308533,0.8551632165908813,-0.03692341595888138,0.49742624163627625,0.7726988792419434,-0.05713649094104767,0.4314062297344208,0.7147905230522156,-0.07606293261051178,0.3721638321876526,0.6787757277488708,-0.09624877572059631,0.5723475217819214,0.5714766383171082,-0.03145001828670502,0.5247192978858948,0.44929879903793335,-0.057129308581352234,0.49924272298812866,0.3680819272994995,-0.07935109734535217,0.48217523097991943,0.297539621591568,-0.09710273146629333,0.6349928975105286,0.5452550649642944,-0.03854423388838768,0.6339415311813354,0.3932417631149292,-0.06066184490919113,0.6355280876159668,0.29871347546577454,-0.08207601308822632,0.638071596622467,0.22284045815467834,-0.09838301688432693,0.6922093033790588,0.5547310709953308,-0.05177140608429909,0.7096667885780334,0.40950411558151245,-0.08303337544202805,0.7166385650634766,0.3182845115661621,-0.10928225517272949,0.7200923562049866,0.23778584599494934,-0.12750321626663208,0.7445880770683289,0.594858705997467,-0.06797969341278076,0.7968581318855286,0.5004317164421082,-0.10169098526239395,0.8304364085197449,0.4334200620651245,-0.12096657603979111,0.8572210669517517,0.37049204111099243,-0.13353405892848969,5
0.684110164642334,0.8989207744598389,6.857655989733757e-07,0.5833717584609985,0.8565001487731934,-0.03613905608654022,0.49759578704833984,0.7724751234054565,-0.05559879541397095,0.4313938021659851,0.714194655418396,-0.07376250624656677,0.37240517139434814,0.6784672737121582,-0.09314700216054916,0.572054922580719,0.5710375308990479,-0.03121001273393631,0.5239735245704651,0.4478268325328827,-0.05618322640657425,0.49879732728004456,0.3662571907043457,-0.07767304033041,0.48219946026802063,0.29579272866249084,-0.09486541897058487,0.6345731019973755,0.5448389649391174,-0.0383712537586689,0.6325732469558716,0.3925835192203522,-0.059625644236803055,0.6337698101997375,0.29828983545303345,-0.0801050141453743,0.6360415816307068,0.22370105981826782,-0.09572027623653412,0.6920746564865112,0.5544148087501526,-0.051565807312726974,0.7092626690864563,0.40923595428466797,-0.08183075487613678,0.7161247730255127,0.3183085024356842,-0.10731883347034454,0.7196823358535767,0.2389715611934662,-0.1251162886619568,0.7447588443756104,0.5946732759475708,-0.06772729009389877,0.7966656684875488,0.49989575147628784,-0.10082513839006424,0.8299828767776489,0.43285638093948364,-0.11974985152482986,0.8566499352455139,0.37037980556488037,-0.13207371532917023,5
0.684685468673706,0.8991445899009705,6.902274094500171e-07,0.5835580825805664,0.8565887212753296,-0.03597063198685646,0.4978713095188141,0.7730414867401123,-0.05555533990263939,0.43161338567733765,0.7140417098999023,-0.07396054267883301,0.37218862771987915,0.677765429019928,-0.09365521371364594,0.5718727707862854,0.5724183320999146,-0.031095754355192184,0.5247718095779419,0.4502468705177307,-0.05669774115085602,0.4993540048599243,0.3687766194343567,-0.07875504344701767,0.48229914903640747,0.2978842556476593,-0.0964101105928421,0.6341913938522339,0.5457043051719666,-0.038529761135578156,0.6332042217254639,0.393779456615448,-0.06065008416771889,0.6349509954452515,0.298936665058136,-0.08178038895130157,0.6376787424087524,0.22295218706130981,-0.09787411987781525,0.6914863586425781,0.554636538028717,-0.052011895924806595,0.7087618112564087,0.4103102684020996,-0.08319220691919327,0.7157855033874512,0.3188319504261017,-0.10925442725419998,0.7193523645401001,0.23854398727416992,-0.1273551881313324,0.7440465092658997,0.5942353010177612,-0.06841075420379639,0.7962363958358765,0.4994819462299347,-0.10208446532487869,0.8298134207725525,0.4319656491279602,-0.12143637239933014,0.856621265411377,0.36909690499305725,-0.13408540189266205,5
0.6838789582252502,0.8977491855621338,6.973168069634994e-07,0.5828281044960022,0.8552782535552979,-0.03660840168595314,0.4972253441810608,0.7726314067840576,-0.056646429002285004,0.4310876429080963,0.7136346101760864,-0.07537824660539627,0.37233829498291016,0.6763205528259277,-0.09527549892663956,0.5719340443611145,0.5722640752792358,-0.03175026550889015,0.5242934226989746,0.4493788480758667,-0.057487260550260544,0.49849897623062134,0.36799272894859314,-0.07956086844205856,0.48134666681289673,0.2971539795398712,-0.09711193293333054,0.6341512799263,0.5458396673202515,-0.038843393325805664,0.6328086256980896,0.3936687707901001,-0.060714852064847946,0.634118914604187,0.29936686158180237,-0.08156172931194305,0.6366873383522034,0.22381249070167542,-0.09749528765678406,0.6910833120346069,0.5546537041664124,-0.05203947052359581,0.7086122035980225,0.40968769788742065,-0.08274437487125397,0.7151374816894531,0.31802597641944885,-0.10840025544166565,0.7182595729827881,0.2375730276107788,-0.12636414170265198,0.7434119582176208,0.593924880027771,-0.06823452562093735,0.7957471013069153,0.49920517206192017,-0.10141249001026154,0.8293066024780273,0.43184441328048706,-0.12033247947692871,0.8560571670532227,0.36907118558883667,-0.1327013224363327,5
0.6845420598983765,0.8975017070770264,6.913390393492591e-07,0.5836586356163025,0.8552645444869995,-0.03634814918041229,0.49784377217292786,0.7720754742622375,-0.056324031203985214,0.43162429332733154,0.7124468684196472,-0.07501570880413055,0.3726165294647217,0.6757732629776001,-0.09480444341897964,0.5716066360473633,0.5703648924827576,-0.03117264434695244,0.5244321227073669,0.44813215732574463,-0.05662110447883606,0.49891895055770874,0.3675491213798523,-0.07856376469135284,0.4818100333213806,0.2978779375553131,-0.09598150104284286,0.633826732635498,0.5439316034317017,-0.038268767297267914,0.6320973038673401,0.39177802205085754,-0.05974303558468819,0.6334041953086853,0.29818758368492126,-0.08004166185855865,0.6359962224960327,0.22397923469543457,-0.09544134885072708,0.691133439540863,0.5531110167503357,-0.0514746829867363,0.7083613276481628,0.4076368808746338,-0.08179088681936264,0.7152543663978577,0.31627801060676575,-0.10680633038282394,0.7189173698425293,0.23664522171020508,-0.1242225393652916,0.7438151836395264,0.5929044485092163,-0.067706398665905,0.7960478067398071,0.4979986250400543,-0.10064739733934402,0.8292850255966187,0.4305915832519531,-0.11920805275440216,0.8558634519577026,0.3679983615875244,-0.13118042051792145,5
0.684527575969696,0.8951336145401001,6.929561209290114e-07,0.5839420557022095,0.8535137176513672,-0.03674586862325668,0.49806299805641174,0.7703719735145569,-0.05645053833723068,0.43174806237220764,0.7106674909591675,-0.07476389408111572,0.37304461002349854,0.6741465926170349,-0.09409838169813156,0.5710521936416626,0.5684272646903992,-0.03067239746451378,0.5235798358917236,0.44719430804252625,-0.05580780655145645,0.4977053999900818,0.3666384816169739,-0.07763019949197769,0.48007139563560486,0.29696476459503174,-0.09500735253095627,0.6333357691764832,0.5416449904441833,-0.03723577409982681,0.6321550607681274,0.3903455138206482,-0.05863179266452789,0.6336121559143066,0.297333300113678,-0.07892456650733948,0.6360839009284973,0.22352918982505798,-0.09421956539154053,0.6906734704971313,0.5502630472183228,-0.04995555430650711,0.7073429822921753,0.4065174460411072,-0.08030486851930618,0.7135454416275024,0.3159889280796051,-0.1053554117679596,0.7165597677230835,0.2369593381881714,-0.12266115844249725,0.743482232093811,0.5892619490623474,-0.06572981923818588,0.7956063747406006,0.4950276017189026,-0.09860749542713165,0.8289878964424133,0.4281022846698761,-0.11718247830867767,0.8558061122894287,0.36588582396507263,-0.12910127639770508,5
0.6849513053894043,0.8951915502548218,6.889222277095541e-07,0.584017276763916,0.8530083298683167,-0.03702358528971672,0.49824923276901245,0.7694576978683472,-0.056731462478637695,0.4315950870513916,0.7101683616638184,-0.07517971843481064,0.37267595529556274,0.6730040311813354,-0.09461969882249832,0.5719044208526611,0.5672653913497925,-0.029632046818733215,0.5235995054244995,0.44591227173805237,-0.05465275049209595,0.4975375831127167,0.3652690052986145,-0.07642568647861481,0.4800570607185364,0.2952714264392853,-0.09380588680505753,0.6338902115821838,0.5406267046928406,-0.03627367317676544,0.6320835947990417,0.38999539613723755,-0.05746127665042877,0.6334722638130188,0.29738640785217285,-0.07757873088121414,0.6360565423965454,0.22390282154083252,-0.092702217400074,0.6909839510917664,0.5495812296867371,-0.049255549907684326,0.708415150642395,0.4051520824432373,-0.07930256426334381,0.7150146961212158,0.3146989643573761,-0.10396052896976471,0.7183472514152527,0.23557689785957336,-0.12096821516752243,0.7437456846237183,0.5889133810997009,-0.06542166322469711,0.7960903644561768,0.49470385909080505,-0.09810524433851242,0.8291016817092896,0.42720717191696167,-0.11663114279508591,0.8555508852005005,0.3641432523727417,-0.1284903883934021,5
0.6821334362030029,0.8939714431762695,6.835796284576645e-07,0.5808884501457214,0.8513172268867493,-0.036615293473005295,0.4961286187171936,0.7681713104248047,-0.05612882599234581,0.430545836687088,0.7083325386047363,-0.0744604542851448,0.3723008334636688,0.6715617775917053,-0.0938408225774765,0.5708368420600891,0.5665867924690247,-0.028825465589761734,0.5229174494743347,0.44470512866973877,-0.05339117720723152,0.49741190671920776,0.3636889159679413,-0.07490655034780502,0.48048609495162964,0.29362064599990845,-0.09218400716781616,0.6335034370422363,0.5407511591911316,-0.03564541041851044,0.6315903663635254,0.3893575072288513,-0.05671589449048042,0.6327722072601318,0.297333687543869,-0.0770316869020462,0.6349038481712341,0.22491678595542908,-0.09234793484210968,0.6908441185951233,0.5500250458717346,-0.048752184957265854,0.7082953453063965,0.4047432839870453,-0.07876962423324585,0.71562260389328,0.3147851228713989,-0.10345495492219925,0.7195426821708679,0.23645633459091187,-0.12047594785690308,0.7435312867164612,0.5893829464912415,-0.06499402225017548,0.7955325841903687,0.4944634437561035,-0.0976744219660759,0.8286339044570923,0.4270423650741577,-0.11620087921619415,0.8551017045974731,0.3642674684524536,-0.12810277938842773,5
0.6830263733863831,0.8941724300384521,6.824161005170026e-07,0.5819545388221741,0.8528584241867065,-0.03662978857755661,0.49630773067474365,0.7692839503288269,-0.056185632944107056,0.43100976943969727,0.7095652222633362,-0.07433994859457016,0.372718870639801,0.6733309030532837,-0.0935850590467453,0.5704320669174194,0.5653162598609924,-0.031110666692256927,0.5220196843147278,0.4427160620689392,-0.0561353974044323,0.4964333772659302,0.3612348437309265,-0.07766523957252502,0.47944679856300354,0.29095640778541565,-0.09485700726509094,0.6330456733703613,0.539456307888031,-0.03800291195511818,0.6313295960426331,0.38789311051368713,-0.05953080579638481,0.6329647898674011,0.29538390040397644,-0.07978207617998123,0.6355101466178894,0.22292518615722656,-0.09494287520647049,0.6907082200050354,0.549284040927887,-0.051018934696912766,0.7077068090438843,0.404093474149704,-0.0815347284078598,0.7148607969284058,0.31406447291374207,-0.10626786947250366,0.7188060283660889,0.2359957993030548,-0.12323684245347977,0.743613600730896,0.5894808173179626,-0.06709623336791992,0.7950202226638794,0.4939563274383545,-0.1003335565328598,0.8282012343406677,0.4268949627876282,-0.11884491890668869,0.8549196720123291,0.3649404048919678,-0.13060279190540314,5
0.6820633411407471,0.8930767774581909,6.895689352859335e-07,0.5808084011077881,0.8518303632736206,-0.03711879625916481,0.49562230706214905,0.7687394618988037,-0.05677831545472145,0.4303267002105713,0.7092299461364746,-0.0749242976307869,0.37228405475616455,0.6736327409744263,-0.09415388852357864,0.5700654983520508,0.5661470890045166,-0.031614068895578384,0.5227505564689636,0.44347208738327026,-0.05689258500933647,0.4974755346775055,0.36196383833885193,-0.07846499234437943,0.4804069399833679,0.29167109727859497,-0.09564146399497986,0.632750391960144,0.5405324101448059,-0.03828449547290802,0.631746232509613,0.38874709606170654,-0.06018948554992676,0.6332565546035767,0.2956456243991852,-0.0804993063211441,0.6354474425315857,0.22208723425865173,-0.09565888345241547,0.6901700496673584,0.5506123304367065,-0.05113076791167259,0.7076650261878967,0.4051675796508789,-0.08209828287363052,0.7139114141464233,0.31477922201156616,-0.10699684172868729,0.7168927788734436,0.23611745238304138,-0.12398264557123184,0.7429834008216858,0.5909171104431152,-0.06704801321029663,0.795417308807373,0.49541187286376953,-0.1007731556892395,0.8284465074539185,0.42730435729026794,-0.11971146613359451,0.854947566986084,0.36358875036239624,-0.13172267377376556,5
0.6847943067550659,0.8957521915435791,6.864665920147672e-07,0.5826019048690796,0.8532847166061401,-0.03625660389661789,0.49679213762283325,0.7692714929580688,-0.05563501641154289,0.43117764592170715,0.7100046277046204,-0.07375281304121017,0.3726061284542084,0.6739368438720703,-0.09289467334747314,0.5704912543296814,0.5660957098007202,-0.02972421608865261,0.5232506394386292,0.44313719868659973,-0.05484272167086601,0.49814170598983765,0.36170151829719543,-0.07664702832698822,0.4811505675315857,0.2917252480983734,-0.09398107975721359,0.6329023838043213,0.5407943725585938,-0.036809489130973816,0.6315514445304871,0.3892499506473541,-0.058593545109033585,0.6330174207687378,0.29589566588401794,-0.0792742595076561,0.635228157043457,0.22221919894218445,-0.0947171077132225,0.6903433799743652,0.5506612062454224,-0.050097670406103134,0.7075449824333191,0.40533214807510376,-0.08080462366342545,0.7142406105995178,0.3151673674583435,-0.10578601807355881,0.7176605463027954,0.23655390739440918,-0.12288151681423187,0.743141233921051,0.5907905697822571,-0.06642590463161469,0.7951202392578125,0.4954535663127899,-0.09966620802879333,0.8281176686286926,0.42760488390922546,-0.11831185221672058,0.854587972164154,0.3642091155052185,-0.130193293094635,5
0.6837791800498962,0.8950042724609375,6.999944162089378e-07,0.5831050872802734,0.853052020072937,-0.038420163094997406,0.4980635344982147,0.7709735631942749,-0.05935562774538994,0.4322614073753357,0.711646556854248,-0.07852022349834442,0.3731447458267212,0.6745452284812927,-0.09859749674797058,0.5706429481506348,0.5680890083312988,-0.03381099924445152,0.5239197015762329,0.44420066475868225,-0.06027156859636307,0.4985109567642212,0.36223673820495605,-0.08279290795326233,0.48140907287597656,0.29075300693511963,-0.10062888264656067,0.6331652998924255,0.5423937439918518,-0.0400485135614872,0.6322308778762817,0.3917701840400696,-0.06282614916563034,0.6333953738212585,0.2985917031764984,-0.08393176645040512,0.6353339552879333,0.22411304712295532,-0.09982530772686005,0.6906427145004272,0.5520371794700623,-0.052476607263088226,0.7086769342422485,0.40784621238708496,-0.0839313194155693,0.7150528430938721,0.3182661831378937,-0.10893643647432327,0.7177014350891113,0.23956510424613953,-0.12601695954799652,0.7437840700149536,0.591422438621521,-0.06805627793073654,0.7963488698005676,0.49595755338668823,-0.10150457918643951,0.82912278175354,0.4282655715942383,-0.12008662521839142,0.8550659418106079,0.36459511518478394,-0.13191133737564087,5
0.6824135184288025,0.894741415977478,7.017465577519033e-07,0.5811134576797485,0.8535802364349365,-0.03851301968097687,0.4968055486679077,0.7712841033935547,-0.059436894953250885,0.43114519119262695,0.7115430235862732,-0.07880562543869019,0.37224912643432617,0.6738266348838806,-0.09919925034046173,0.5705646872520447,0.5678862929344177,-0.03259081393480301,0.523110032081604,0.44548267126083374,-0.05859808623790741,0.4974694848060608,0.3636928200721741,-0.08094129711389542,0.4806026220321655,0.29263684153556824,-0.0988156720995903,0.6336411237716675,0.5418220162391663,-0.03898151218891144,0.6323409080505371,0.39109933376312256,-0.061314187943935394,0.6340090036392212,0.2979854941368103,-0.08231295645236969,0.6366748809814453,0.22372889518737793,-0.09822853654623032,0.6913622617721558,0.5513579845428467,-0.05170828476548195,0.709037184715271,0.40632376074790955,-0.0830623060464859,0.7155947685241699,0.3160193860530853,-0.1083364486694336,0.7187935709953308,0.23678603768348694,-0.1257971227169037,0.7444278001785278,0.5914442539215088,-0.06762707233428955,0.7970558404922485,0.49704110622406006,-0.10152693092823029,0.8299926519393921,0.42935001850128174,-0.12065782397985458,0.8561812043190002,0.36575600504875183,-0.1329740583896637,5
0.6852098107337952,0.89862060546875,6.841841582172492e-07,0.5843307971954346,0.8558874130249023,-0.03621089830994606,0.4980463683605194,0.771528422832489,-0.0555991530418396,0.4316961467266083,0.7124152183532715,-0.07370956242084503,0.3729345500469208,0.6766793727874756,-0.09284450858831406,0.5717216730117798,0.5678664445877075,-0.030273837968707085,0.5233803391456604,0.44487911462783813,-0.05571163818240166,0.49774664640426636,0.36298877000808716,-0.07775171846151352,0.4806867241859436,0.29227685928344727,-0.09530766308307648,0.6340083479881287,0.5420340299606323,-0.03732961416244507,0.6326016187667847,0.39078012108802795,-0.05918196588754654,0.6345980763435364,0.2969270646572113,-0.079879529774189,0.6374975442886353,0.2228476107120514,-0.09540294855833054,0.691544771194458,0.5518407821655273,-0.05052168294787407,0.7083590030670166,0.40708285570144653,-0.08107694983482361,0.7153983116149902,0.31683605909347534,-0.10578006505966187,0.7192351818084717,0.23818013072013855,-0.12272404879331589,0.744670033454895,0.5920472741127014,-0.06677262485027313,0.7960240840911865,0.4969758093357086,-0.09969816356897354,0.8288426995277405,0.42960357666015625,-0.11795583367347717,0.8552712202072144,0.36697930097579956,-0.1295681744813919,5
0.6843842267990112,0.8975486159324646,6.993314514147642e-07,0.5833321213722229,0.8547472953796387,-0.037343814969062805,0.4984564781188965,0.7715432047843933,-0.05777193233370781,0.43204742670059204,0.7116410732269287,-0.07685048133134842,0.37230294942855835,0.6753734946250916,-0.09692051261663437,0.5720564126968384,0.5694537162780762,-0.03132118284702301,0.5250283479690552,0.44558805227279663,-0.057330772280693054,0.4995468854904175,0.36370813846588135,-0.0797910988330841,0.4822743535041809,0.29246607422828674,-0.09762623906135559,0.6344476342201233,0.543777585029602,-0.03802628815174103,0.6335003972053528,0.392295241355896,-0.060230787843465805,0.634824812412262,0.2986367344856262,-0.08116394281387329,0.6370757818222046,0.2233348786830902,-0.09695378690958023,0.6918296813964844,0.5531523823738098,-0.05095706880092621,0.7087929844856262,0.40800741314888,-0.0817524865269661,0.7149659991264343,0.31738919019699097,-0.10649929940700531,0.7177969217300415,0.2375880777835846,-0.12356863170862198,0.7448640465736389,0.5927255153656006,-0.06703051924705505,0.7967225909233093,0.49777838587760925,-0.09992731362581253,0.8293532133102417,0.42998290061950684,-0.11817362904548645,0.8553732633590698,0.3663114607334137,-0.12986056506633759,5
0.683807373046875,0.8976593017578125,7.042822858238651e-07,0.5832871794700623,0.8543233871459961,-0.03768881410360336,0.49929964542388916,0.7722635269165039,-0.058499399572610855,0.4331495463848114,0.7136848568916321,-0.07792795449495316,0.37361496686935425,0.6768356561660767,-0.09831725060939789,0.572114109992981,0.568982720375061,-0.031381476670503616,0.5246336460113525,0.44610121846199036,-0.05745508521795273,0.49873584508895874,0.3643505871295929,-0.07990199327468872,0.4811486601829529,0.29349711537361145,-0.09759059548377991,0.6344109177589417,0.5434309840202332,-0.03797789663076401,0.6336389780044556,0.3917089104652405,-0.06009187549352646,0.6352832913398743,0.2983912527561188,-0.08083625882863998,0.6377423405647278,0.2238970398902893,-0.09628868103027344,0.691789984703064,0.5531019568443298,-0.05086065083742142,0.7092174887657166,0.4076160788536072,-0.08158382028341293,0.715811014175415,0.31701260805130005,-0.10611633956432343,0.7189819812774658,0.23742860555648804,-0.12283884733915329,0.7448350787162781,0.5929108262062073,-0.06693562120199203,0.7967397570610046,0.4974628984928131,-0.09970877319574356,0.8294866681098938,0.4298814833164215,-0.11766425520181656,0.8557623624801636,0.3668445348739624,-0.12895987927913666,5
