0.8058432936668396,0.9129033088684082,6.02190254994639e-07,0.7118911147117615,0.8691498637199402,-0.03217723220586777,0.6250334978103638,0.7841180562973022,-0.04855388030409813,0.5554454326629639,0.7220886945724487,-0.06426545977592468,0.4956251382827759,0.6888594031333923,-0.08035264164209366,0.6939275860786438,0.5955283045768738,-0.021614616736769676,0.6508600115776062,0.4739547371864319,-0.043945588171482086,0.6254160404205322,0.3965979516506195,-0.06392873078584671,0.6077128052711487,0.33096083998680115,-0.08026787638664246,0.756986141204834,0.569038450717926,-0.028923766687512398,0.7464748620986938,0.42087653279304504,-0.0459107868373394,0.7422024607658386,0.3275957405567169,-0.06352731585502625,0.7401241660118103,0.2533615529537201,-0.07816508412361145,0.8185514211654663,0.5775155425071716,-0.04242313653230667,0.825634241104126,0.4390558898448944,-0.06809727102518082,0.827928364276886,0.3548108637332916,-0.08899836987257004,0.8267268538475037,0.28118476271629333,-0.10463473200798035,0.8772608041763306,0.6153829097747803,-0.05901655554771423,0.9224745631217957,0.5245912075042725,-0.08714748919010162,0.9508814215660095,0.4611430764198303,-0.10233891010284424,0.9729841947555542,0.40147554874420166,-0.112848661839962,5
0.8064693212509155,0.9150574207305908,5.904290674152435e-07,0.7129769325256348,0.8698827028274536,-0.03127819299697876,0.6261129379272461,0.7838131189346313,-0.046963803470134735,0.5561099648475647,0.7220176458358765,-0.062182359397411346,0.49570325016975403,0.6893333792686462,-0.07775229960680008,0.6942653656005859,0.5950869917869568,-0.019211290404200554,0.651235044002533,0.4738638401031494,-0.04064435884356499,0.6258092522621155,0.39684706926345825,-0.060252755880355835,0.607914388179779,0.33158761262893677,-0.07645194977521896,0.7569931149482727,0.5693908929824829,-0.02690780907869339,0.7461606860160828,0.4218398332595825,-0.043153345584869385,0.7419865727424622,0.32879477739334106,-0.06039402261376381,0.7398135662078857,0.2553294897079468,-0.07480976730585098,0.8185128569602966,0.5786582231521606,-0.0408678837120533,0.8254612684249878,0.4404536783695221,-0.0661071166396141,0.8279379606246948,0.3561002314090729,-0.08687078207731247,0.826790452003479,0.2822617292404175,-0.10244100540876389,0.8773943185806274,0.616934061050415,-0.057884007692337036,0.9225236177444458,0.5260896682739258,-0.08577457815408707,0.9506834149360657,0.46255889534950256,-0.10094023495912552,0.9726485013961792,0.4026551842689514,-0.11148824542760849,5
0.8073242902755737,0.9138447046279907,6.04080639732274e-07,0.7132044434547424,0.8699597120285034,-0.03202364593744278,0.6263481378555298,0.7845512628555298,-0.04817582666873932,0.5559680461883545,0.7225161790847778,-0.06370493024587631,0.49542436003685,0.6899555921554565,-0.0795377790927887,0.694878339767456,0.5948302149772644,-0.02026567980647087,0.6513305306434631,0.47365695238113403,-0.04188206419348717,0.6257454752922058,0.39610493183135986,-0.06149953231215477,0.6083022952079773,0.33043166995048523,-0.07758419960737228,0.7575697898864746,0.5687246918678284,-0.02744983695447445,0.7472175359725952,0.42119818925857544,-0.04346372187137604,0.7431148886680603,0.3279365003108978,-0.06038853898644447,0.7413225173950195,0.25406405329704285,-0.07457219064235687,0.8192073106765747,0.5775551199913025,-0.04091925173997879,0.8267397880554199,0.43951138854026794,-0.06581778824329376,0.8294578790664673,0.3553154766559601,-0.08627654612064362,0.8286051750183105,0.2819252014160156,-0.1016259416937828,0.8780533671379089,0.615556001663208,-0.05753406882286072,0.9232847690582275,0.5241872072219849,-0.08513719588518143,0.9515765905380249,0.46092846989631653,-0.1000051349401474,0.9736442565917969,0.40164023637771606,-0.11026967316865921,5
0.806249737739563,0.9163647890090942,5.958270321571035e-07,0.7132611274719238,0.8708259463310242,-0.031963545829057693,0.6263576149940491,0.784149169921875,-0.04816111922264099,0.5555618405342102,0.7226676344871521,-0.06378941982984543,0.49467170238494873,0.6905822157859802,-0.07976312935352325,0.6946234107017517,0.5943204164505005,-0.020147962495684624,0.6516793966293335,0.47339245676994324,-0.042364440858364105,0.6260826587677002,0.39620810747146606,-0.06252602487802505,0.608158528804779,0.3308296203613281,-0.07905841618776321,0.7572386860847473,0.568725049495697,-0.027679819613695145,0.746798038482666,0.4219345450401306,-0.04455658420920372,0.7427651286125183,0.3293720781803131,-0.06207796186208725,0.7408370971679688,0.2560361623764038,-0.07663734257221222,0.8191291689872742,0.5781258344650269,-0.041556645184755325,0.8261980414390564,0.4401310086250305,-0.06738442182540894,0.8286821842193604,0.35620805621147156,-0.08823312819004059,0.8275043368339539,0.2827424108982086,-0.10373789072036743,0.8783177137374878,0.6169390082359314,-0.058549150824546814,0.9233505129814148,0.5257343053817749,-0.08672689646482468,0.9513428211212158,0.46217888593673706,-0.10189996659755707,0.973120927810669,0.4023613929748535,-0.11239606142044067,5
0.8074694871902466,0.9148423671722412,6.107797503318579e-07,0.7137500047683716,0.8702805042266846,-0.0324254110455513,0.6269794702529907,0.7846574783325195,-0.049175575375556946,0.5562010407447815,0.7227234244346619,-0.06541228294372559,0.495214581489563,0.6904504895210266,-0.08192573487758636,0.6959384679794312,0.5950104594230652,-0.020528925582766533,0.6520952582359314,0.47350502014160156,-0.042471833527088165,0.626444399356842,0.396014004945755,-0.06231982633471489,0.6088459491729736,0.3301015794277191,-0.07853952050209045,0.7586632966995239,0.5692310333251953,-0.02792159654200077,0.7478829622268677,0.4212808609008789,-0.04417359083890915,0.7435357570648193,0.3277550935745239,-0.061194878071546555,0.7412917613983154,0.2538067698478699,-0.07543507218360901,0.8204090595245361,0.5783693790435791,-0.04169414937496185,0.8278274536132812,0.44011610746383667,-0.0668611004948616,0.830444872379303,0.3559916019439697,-0.08721166104078293,0.8293188810348511,0.2829545736312866,-0.10240088403224945,0.8792152404785156,0.6167294383049011,-0.05870440602302551,0.9247382879257202,0.5251673460006714,-0.08629882335662842,0.9532456398010254,0.46137237548828125,-0.10106182843446732,0.9754043817520142,0.4017218351364136,-0.11126643419265747,5
0.8079816699028015,0.9155377745628357,5.994595539959846e-07,0.7135967016220093,0.8714430332183838,-0.032313309609889984,0.6270447373390198,0.7859882116317749,-0.04864150285720825,0.5570372939109802,0.7234585285186768,-0.06437822431325912,0.4965413808822632,0.6897392868995667,-0.0804249569773674,0.6961144208908081,0.5956496000289917,-0.019643474370241165,0.6528604626655579,0.47367262840270996,-0.04132247343659401,0.6273987293243408,0.3965103328227997,-0.061237987130880356,0.6097092628479004,0.33056485652923584,-0.07765768468379974,0.7590246796607971,0.5700508952140808,-0.027036918327212334,0.747889518737793,0.42231690883636475,-0.043487947434186935,0.7436008453369141,0.32874754071235657,-0.061194680631160736,0.7415865063667297,0.2544383704662323,-0.07609229534864426,0.820550262928009,0.5796368718147278,-0.04085586220026016,0.8272252082824707,0.4420645236968994,-0.0664970725774765,0.8298457860946655,0.35804128646850586,-0.08780556172132492,0.8288002014160156,0.2843560576438904,-0.10376165807247162,0.8795593976974487,0.6180465817451477,-0.05782553181052208,0.9245307445526123,0.5263677835464478,-0.08605039864778519,0.952902615070343,0.4628757834434509,-0.10160502046346664,0.9750618934631348,0.4026023745536804,-0.11249639838933945,5
0.8092252612113953,0.9165584444999695,6.078623755456647e-07,0.7142518758773804,0.871695876121521,-0.030567575246095657,0.6282061338424683,0.785537838935852,-0.04597540199756622,0.5585511922836304,0.7229381799697876,-0.06123056262731552,0.4982508718967438,0.6904640197753906,-0.07687941193580627,0.697253942489624,0.5938015580177307,-0.016588281840085983,0.6535073518753052,0.47225600481033325,-0.037261608988046646,0.6281424760818481,0.3948374390602112,-0.056865472346544266,0.6110885143280029,0.328858345746994,-0.07319364696741104,0.7597489953041077,0.568389356136322,-0.024616112932562828,0.7489172220230103,0.42041465640068054,-0.03975691273808479,0.7449358701705933,0.32716092467308044,-0.05705784633755684,0.7432997226715088,0.25348424911499023,-0.07177088409662247,0.8212696313858032,0.5779938697814941,-0.03900560736656189,0.8287873268127441,0.4395066797733307,-0.06299704313278198,0.8314858078956604,0.35541123151779175,-0.08379421383142471,0.8304370045661926,0.2822268605232239,-0.09969016164541245,0.8801485300064087,0.6167765855789185,-0.05651305243372917,0.925720751285553,0.5252084136009216,-0.08304309099912643,0.9540868997573853,0.46148550510406494,-0.09784465283155441,0.9760956764221191,0.4014652371406555,-0.10841725021600723,5
0.8088096380233765,0.9166672229766846,6.026871233189013e-07,0.7141878604888916,0.8722187280654907,-0.03161069005727768,0.6280918121337891,0.7866004109382629,-0.047801993787288666,0.558530330657959,0.7228454351425171,-0.06349208205938339,0.4986174702644348,0.6887391209602356,-0.07946985960006714,0.6973140835762024,0.5944533944129944,-0.019007671624422073,0.6537614464759827,0.47241735458374023,-0.040482573211193085,0.6284307241439819,0.39455646276474,-0.06042088195681572,0.6116158962249756,0.3281324803829193,-0.07695420831441879,0.760005533695221,0.5691012144088745,-0.026640865951776505,0.7490065693855286,0.4211835265159607,-0.04297829791903496,0.7451426982879639,0.3278331756591797,-0.06084413081407547,0.743876039981842,0.2539388835430145,-0.07591469585895538,0.8214644193649292,0.5786147713661194,-0.04057767242193222,0.8290505409240723,0.4407227039337158,-0.0657956600189209,0.8321266770362854,0.35682588815689087,-0.08705758303403854,0.8313835859298706,0.28404539823532104,-0.10309276729822159,0.8802443742752075,0.617120087146759,-0.057599715888500214,0.9256450533866882,0.5247889757156372,-0.08502745628356934,0.953935980796814,0.4610989987850189,-0.10022664815187454,0.9757074117660522,0.4013754725456238,-0.11099954694509506,5
0.8099890947341919,0.9171714782714844,6.057001087356184e-07,0.7151216268539429,0.8716733455657959,-0.03138415142893791,0.6282520890235901,0.7851964235305786,-0.047324929386377335,0.5585870146751404,0.722373902797699,-0.06279553472995758,0.49899399280548096,0.6887569427490234,-0.07855678349733353,0.697563111782074,0.5935187935829163,-0.01891578733921051,0.6542115807533264,0.4719398617744446,-0.040470242500305176,0.6289088129997253,0.39435720443725586,-0.060490645468235016,0.6119955778121948,0.3280417323112488,-0.0770750343799591,0.7602940201759338,0.5683941841125488,-0.02658947929739952,0.750131368637085,0.42113205790519714,-0.04273469001054764,0.7467138767242432,0.3283044397830963,-0.06037246063351631,0.7454378008842468,0.2547840178012848,-0.07528015226125717,0.8218749761581421,0.5782008767127991,-0.04057995229959488,0.8301818370819092,0.4409729242324829,-0.06546851992607117,0.8336197137832642,0.35751405358314514,-0.08645487576723099,0.8329503536224365,0.28484365344047546,-0.10231402516365051,0.8806970119476318,0.6169618964195251,-0.05767549201846123,0.9263212084770203,0.5250657796859741,-0.08487547934055328,0.9548658728599548,0.46186545491218567,-0.09989196807146072,0.976806640625,0.40258845686912537,-0.11050217598676682,5
0.8095131516456604,0.9168363213539124,6.018560156917374e-07,0.7148832678794861,0.8708935976028442,-0.030873926356434822,0.6287974119186401,0.7850708961486816,-0.04651438072323799,0.5600844621658325,0.7229840755462646,-0.06169635429978371,0.5010119676589966,0.6893934011459351,-0.07720523327589035,0.6980336904525757,0.5937625765800476,-0.018492508679628372,0.6545988917350769,0.47233766317367554,-0.0395655483007431,0.6292152404785156,0.3949502408504486,-0.059197887778282166,0.6121482849121094,0.328888863325119,-0.07549291104078293,0.7610538601875305,0.5689657926559448,-0.026324830949306488,0.7504945397377014,0.42134854197502136,-0.04210258275270462,0.7468258738517761,0.3284227252006531,-0.059673093259334564,0.7453370094299316,0.25479191541671753,-0.07455209642648697,0.8227246403694153,0.5792514681816101,-0.040375616401433945,0.8306968212127686,0.44108498096466064,-0.06518904119729996,0.8338913917541504,0.3578510880470276,-0.08618184179067612,0.8330508470535278,0.28521528840065,-0.10199400037527084,0.8816487789154053,0.61833655834198,-0.057436276227235794,0.9270444512367249,0.5256819725036621,-0.08471421897411346,0.9551787376403809,0.4616348147392273,-0.09974212944507599,0.9769614338874817,0.4010877013206482,-0.11031406372785568,5
0.8090437650680542,0.91653972864151,5.967127663097926e-07,0.7147871255874634,0.8703588843345642,-0.03065672144293785,0.6288677453994751,0.7841328382492065,-0.04594612121582031,0.560327410697937,0.7222619652748108,-0.0608089454472065,0.5017688870429993,0.6892950534820557,-0.07595688849687576,0.6986799240112305,0.5935563445091248,-0.018215350806713104,0.65495365858078,0.47210121154785156,-0.03922265022993088,0.6296326518058777,0.3945885896682739,-0.05873015895485878,0.6128365993499756,0.32845163345336914,-0.07493917644023895,0.7615483999252319,0.5688841342926025,-0.025870531797409058,0.7506614327430725,0.42243629693984985,-0.04172885790467262,0.7473901510238647,0.3301611542701721,-0.05923106521368027,0.746569812297821,0.2568773329257965,-0.0740789845585823,0.8230313658714294,0.5787613987922668,-0.039742328226566315,0.8303227424621582,0.4421030580997467,-0.06453387439250946,0.8335672616958618,0.35889261960983276,-0.08562935143709183,0.8330633640289307,0.2863914966583252,-0.10155368596315384,0.8817954063415527,0.6171026825904846,-0.05662845820188522,0.9270020723342896,0.5250592231750488,-0.08386506885290146,0.9553508162498474,0.46151065826416016,-0.0991375744342804,0.9774031639099121,0.40184420347213745,-0.10996010154485703,5
0.8078203201293945,0.9156999588012695,5.849800572832464e-07,0.7137008905410767,0.8691865801811218,-0.03044917993247509,0.6282211542129517,0.7836546301841736,-0.045807842165231705,0.5602446794509888,0.7219246029853821,-0.060744889080524445,0.5020653009414673,0.6881672143936157,-0.07596464455127716,0.6989395618438721,0.5931455492973328,-0.01772967353463173,0.6554788947105408,0.4713016152381897,-0.038439419120550156,0.6304078102111816,0.3936295509338379,-0.05787120386958122,0.6140203475952148,0.32732895016670227,-0.07414717972278595,0.7617382407188416,0.5685327649116516,-0.025402992963790894,0.7503944039344788,0.4229782521724701,-0.04092856124043465,0.7470946907997131,0.3315174877643585,-0.05862540379166603,0.7463623285293579,0.258301705121994,-0.07379377633333206,0.8231450915336609,0.5781338214874268,-0.039260294288396835,0.8305456638336182,0.4412406384944916,-0.06356730312108994,0.8342679738998413,0.3582126200199127,-0.08477412164211273,0.8340643644332886,0.2852599322795868,-0.10106298327445984,0.8819674849510193,0.6161455512046814,-0.05612190067768097,0.9271771907806396,0.5257986783981323,-0.08296940475702286,0.9552635550498962,0.46305185556411743,-0.09829986840486526,0.9769618511199951,0.4036029577255249,-0.10934615135192871,5
0.810046911239624,0.9156955480575562,5.808990977129724e-07,0.7156397104263306,0.8702514171600342,-0.031191308051347733,0.6296626925468445,0.7838321924209595,-0.04652133211493492,0.5612131357192993,0.7222757339477539,-0.06130901351571083,0.5029314756393433,0.6883353590965271,-0.07640308886766434,0.6992141008377075,0.5932425260543823,-0.018661141395568848,0.6556993126869202,0.47168928384780884,-0.03991401195526123,0.6302774548530579,0.3939948081970215,-0.059569500386714935,0.6132093071937561,0.32758045196533203,-0.07589639723300934,0.7620444297790527,0.568405270576477,-0.025996729731559753,0.7512842416763306,0.4233253598213196,-0.04191552475094795,0.7483953237533569,0.3322400450706482,-0.05942847207188606,0.7477295994758606,0.25895196199417114,-0.07431633025407791,0.8235834240913391,0.5782972574234009,-0.03961115702986717,0.8312511444091797,0.44238799810409546,-0.06425349414348602,0.8351364135742188,0.35993334650993347,-0.08502804487943649,0.8350759744644165,0.2872953712940216,-0.10076252371072769,0.8825703263282776,0.6166805028915405,-0.05633959546685219,0.9275177717208862,0.5253257155418396,-0.08331310003995895,0.955912709236145,0.4622763693332672,-0.09835782647132874,0.9779919385910034,0.4026866555213928,-0.10904130339622498,5
0.8089919090270996,0.9165971279144287,5.904261684008816e-07,0.7147372961044312,0.8710282444953918,-0.031097648665308952,0.6285619735717773,0.7845972180366516,-0.04624471440911293,0.5605093240737915,0.7219338417053223,-0.06084326282143593,0.5027591586112976,0.6875637173652649,-0.07565125077962875,0.6993380188941956,0.5943649411201477,-0.01825706660747528,0.6557779312133789,0.4725011885166168,-0.039243899285793304,0.6305079460144043,0.3947185277938843,-0.05871163681149483,0.6139541864395142,0.328304260969162,-0.0749676376581192,0.7622631788253784,0.569706380367279,-0.02558344230055809,0.7514711618423462,0.4238385260105133,-0.04150519147515297,0.7484130263328552,0.33185452222824097,-0.05916187912225723,0.7477323412895203,0.25824907422065735,-0.07420656085014343,0.823646605014801,0.5789652466773987,-0.0392102412879467,0.831462025642395,0.4425135850906372,-0.0639071986079216,0.8353423476219177,0.35950541496276855,-0.08501084893941879,0.8352150321006775,0.28653159737586975,-0.1010511964559555,0.8824164271354675,0.616360604763031,-0.05592814087867737,0.9277769327163696,0.5247853994369507,-0.08304038643836975,0.9560559988021851,0.46152740716934204,-0.09850343316793442,0.9778130054473877,0.40167438983917236,-0.10957122594118118,5
0.8084577918052673,0.9164981842041016,5.823109745506372e-07,0.7142743468284607,0.870683491230011,-0.030801760032773018,0.6292274594306946,0.7838011980056763,-0.045779064297676086,0.5618115663528442,0.7216109037399292,-0.06019546464085579,0.5038096904754639,0.6880198121070862,-0.07490046322345734,0.6992931365966797,0.5932860374450684,-0.018204547464847565,0.6556430459022522,0.4719296097755432,-0.038764964789152145,0.6303681135177612,0.3942442238330841,-0.05807725712656975,0.6136497259140015,0.32798683643341064,-0.07429023087024689,0.7622528076171875,0.5680196285247803,-0.025468558073043823,0.7515701651573181,0.4226345419883728,-0.040777698159217834,0.7488952279090881,0.3316246271133423,-0.058270957320928574,0.7483382225036621,0.2584913372993469,-0.07330670207738876,0.8238216042518616,0.5772307515144348,-0.038907576352357864,0.8310814499855042,0.440999299287796,-0.06305859982967377,0.8352293968200684,0.3587803542613983,-0.08412565290927887,0.8351691365242004,0.28656715154647827,-0.10027965903282166,0.8828856348991394,0.614986777305603,-0.05539427697658539,0.9279566407203674,0.5235941410064697,-0.08192390203475952,0.9562134146690369,0.46119552850723267,-0.09702969342470169,0.9778755903244019,0.4024038314819336,-0.1079617589712143,5
0.8085076808929443,0.9158239364624023,5.841773145220941e-07,0.7150823473930359,0.8700831532478333,-0.030269000679254532,0.62957364320755,0.7837728261947632,-0.0452904999256134,0.561607301235199,0.7223224639892578,-0.059772636741399765,0.5035597085952759,0.6878161430358887,-0.07458911836147308,0.7001473903656006,0.5927829742431641,-0.01855800673365593,0.6561888456344604,0.4713958501815796,-0.03906317055225372,0.6305112838745117,0.3941061496734619,-0.05820609629154205,0.6132811903953552,0.3285466432571411,-0.07420611381530762,0.7626512050628662,0.5678958296775818,-0.026157841086387634,0.7521710991859436,0.42105889320373535,-0.04160410165786743,0.7494252324104309,0.32927507162094116,-0.059039406478405,0.7485794425010681,0.25616639852523804,-0.07389757037162781,0.8238956928253174,0.5774155259132385,-0.03984442353248596,0.8310316205024719,0.4398913085460663,-0.06423907727003098,0.8351601958274841,0.35718125104904175,-0.08561922609806061,0.8349072933197021,0.2848784327507019,-0.10185348987579346,0.882733941078186,0.6153092980384827,-0.05642538145184517,0.9275433421134949,0.5229345560073853,-0.08321277797222137,0.9561057686805725,0.4602404832839966,-0.09851254522800446,0.9778537750244141,0.40167900919914246,-0.10950583964586258,5
0.8085259795188904,0.9135088920593262,5.857028213540616e-07,0.7144389748573303,0.8692603707313538,-0.030141541734337807,0.6286420822143555,0.7818432450294495,-0.04451049491763115,0.561011552810669,0.7192569971084595,-0.058357611298561096,0.5031859278678894,0.6861675977706909,-0.07247031480073929,0.6987912654876709,0.59072345495224,-0.017494361847639084,0.6556465029716492,0.4698813557624817,-0.03719403222203255,0.6304501891136169,0.39268261194229126,-0.0557844415307045,0.6134350299835205,0.32721686363220215,-0.0715569481253624,0.761516273021698,0.5660640597343445,-0.024961251765489578,0.7520121335983276,0.4200267195701599,-0.0396849550306797,0.7499921917915344,0.3288356065750122,-0.056276530027389526,0.7497276067733765,0.25624313950538635,-0.07057683169841766,0.8226243257522583,0.5760158896446228,-0.038606029003858566,0.8305405378341675,0.4388965666294098,-0.06277403980493546,0.8352102041244507,0.3566756546497345,-0.08362197130918503,0.8356303572654724,0.28468263149261475,-0.09947531670331955,0.8810057640075684,0.6142134070396423,-0.05519697815179825,0.9264804124832153,0.5225879549980164,-0.08228465169668198,0.9552874565124512,0.4602808952331543,-0.09770998358726501,0.9774309396743774,0.4015812277793884,-0.10874556750059128,5
0.807300865650177,0.9122629165649414,5.871834218851291e-07,0.7128316164016724,0.8683260083198547,-0.030923379585146904,0.6274744868278503,0.781874418258667,-0.04591084644198418,0.5607032775878906,0.7195502519607544,-0.0602465458214283,0.5034871697425842,0.6848862171173096,-0.07477933913469315,0.6982728838920593,0.5912386775016785,-0.019060807302594185,0.6546754837036133,0.46972954273223877,-0.039630550891160965,0.629619836807251,0.3920256495475769,-0.05856315419077873,0.6128627061843872,0.32614660263061523,-0.07449162006378174,0.760917603969574,0.566528856754303,-0.026323748752474785,0.7504474520683289,0.42034411430358887,-0.04208076745271683,0.7485868334770203,0.32937872409820557,-0.059239551424980164,0.7489473223686218,0.2569892406463623,-0.07385711371898651,0.8216624855995178,0.5760064125061035,-0.03977053612470627,0.8285257816314697,0.43846645951271057,-0.0649605318903923,0.832919716835022,0.3562180995941162,-0.08608371019363403,0.8334032893180847,0.2841622531414032,-0.10200133919715881,0.8798892498016357,0.6136316061019897,-0.05617154762148857,0.9253467321395874,0.5226200819015503,-0.08411067724227905,0.9541501402854919,0.4599665403366089,-0.09992055594921112,0.9762866497039795,0.4010676145553589,-0.11111648380756378,5
0.8082895874977112,0.9121518135070801,5.872798851669359e-07,0.7142751216888428,0.8672741651535034,-0.030583221465349197,0.6278649568557739,0.7808257937431335,-0.04573787748813629,0.5601915717124939,0.7187674045562744,-0.0602874793112278,0.5025880336761475,0.6856943368911743,-0.07498940080404282,0.6981996297836304,0.5908649563789368,-0.01919521950185299,0.654748260974884,0.46966099739074707,-0.03998085483908653,0.6297271847724915,0.39199191331863403,-0.059080418199300766,0.6128926277160645,0.3265804648399353,-0.07505559176206589,0.7601321339607239,0.5662100911140442,-0.02652738243341446,0.7497386336326599,0.42063915729522705,-0.04242996871471405,0.7482097148895264,0.3299650251865387,-0.059175413101911545,0.7488551139831543,0.258011132478714,-0.07338137179613113,0.8208379745483398,0.5754076838493347,-0.04002288728952408,0.827312707901001,0.4377503991127014,-0.06500507146120071,0.8317800164222717,0.35607239603996277,-0.08546581119298935,0.8325155377388,0.28471869230270386,-0.10086971521377563,0.8793011903762817,0.6128584146499634,-0.05650545656681061,0.92469322681427,0.5216671228408813,-0.08396212011575699,0.9535652995109558,0.45894914865493774,-0.09928340464830399,0.9759122133255005,0.40019410848617554,-0.11011593043804169,5
0.8080354928970337,0.9117032289505005,5.873683903701021e-07,0.7138230204582214,0.8682664036750793,-0.031351204961538315,0.6276926398277283,0.7823256254196167,-0.046573787927627563,0.5602321624755859,0.7191707491874695,-0.06102999672293663,0.5024335384368896,0.6854446530342102,-0.07561911642551422,0.6979996562004089,0.591752827167511,-0.019600525498390198,0.6542198061943054,0.4710560142993927,-0.04021633416414261,0.6293371319770813,0.3939957022666931,-0.05921231210231781,0.6128900051116943,0.3288353383541107,-0.07511304318904877,0.7599964141845703,0.566451370716095,-0.02646276354789734,0.7495989203453064,0.420712947845459,-0.04214419052004814,0.7481852769851685,0.3303111791610718,-0.05878552794456482,0.7494059205055237,0.25871512293815613,-0.07290154695510864,0.8206104040145874,0.5753563046455383,-0.039537228643894196,0.8276429176330566,0.4378601908683777,-0.06451993435621262,0.8320671319961548,0.35613590478897095,-0.08518055081367493,0.8330512642860413,0.28470394015312195,-0.10070958733558655,0.8790252208709717,0.6126416325569153,-0.055635545402765274,0.9247525930404663,0.5219988226890564,-0.08338017761707306,0.9535956382751465,0.4594112038612366,-0.09896636754274368,0.9760932326316833,0.400362104177475,-0.10991089046001434,5
0.8068721294403076,0.9105020761489868,5.908179900870891e-07,0.7132682800292969,0.86717289686203,-0.03144834190607071,0.627262532711029,0.7816643118858337,-0.047074105590581894,0.5598263740539551,0.7192359566688538,-0.06179208680987358,0.5022945404052734,0.6852081418037415,-0.0766291543841362,0.6967684030532837,0.5895611047744751,-0.020709341391921043,0.6529305577278137,0.46908777952194214,-0.04131785035133362,0.6280626058578491,0.3923283517360687,-0.060158707201480865,0.6115877032279968,0.3275052309036255,-0.07595555484294891,0.7591122984886169,0.5645762085914612,-0.02761603146791458,0.7491278052330017,0.4187885522842407,-0.04323463886976242,0.7475156784057617,0.32900574803352356,-0.05968491733074188,0.748215913772583,0.25799980759620667,-0.07367565482854843,0.8198705911636353,0.5743070244789124,-0.040641095489263535,0.8273913860321045,0.43626725673675537,-0.06573721021413803,0.8317819237709045,0.3545304834842682,-0.08611929416656494,0.8325519561767578,0.2829684913158417,-0.10144106298685074,0.8781525492668152,0.6127457618713379,-0.05663125216960907,0.9241407513618469,0.5216804146766663,-0.08464453369379044,0.9528303146362305,0.45843565464019775,-0.10010623931884766,0.9750630259513855,0.39862579107284546,-0.11087443679571152,5
0.8073158264160156,0.9108937978744507,5.993527452119451e-07,0.7129079103469849,0.8652290105819702,-0.031015221029520035,0.6264700889587402,0.779589831829071,-0.04643887281417847,0.5588496327400208,0.7182013392448425,-0.06106949225068092,0.5015299916267395,0.6835166215896606,-0.07572226971387863,0.6964631676673889,0.5888909697532654,-0.019549217075109482,0.6528018712997437,0.4681864380836487,-0.04018059000372887,0.6277629137039185,0.3912245035171509,-0.05910360813140869,0.610854983329773,0.3262941837310791,-0.07480934262275696,0.7585693597793579,0.5632801055908203,-0.02653481997549534,0.7486975789070129,0.4169594347476959,-0.041836779564619064,0.7468478083610535,0.32641512155532837,-0.05796518921852112,0.7472563982009888,0.25559112429618835,-0.07162239402532578,0.8194698095321655,0.5723787546157837,-0.03973185643553734,0.8260116577148438,0.4349532723426819,-0.06422095000743866,0.8295162916183472,0.35369330644607544,-0.08423586934804916,0.8295727968215942,0.28328344225883484,-0.09925652295351028,0.8781059384346008,0.6101754307746887,-0.0559551939368248,0.9236285090446472,0.518984317779541,-0.08309624344110489,0.9520013332366943,0.45636168122291565,-0.09804882109165192,0.9739858508110046,0.3976244330406189,-0.10845395177602768,5
0.8053734302520752,0.9099035263061523,5.942785037404974e-07,0.7118003368377686,0.8647568225860596,-0.03132709115743637,0.626047670841217,0.7798222899436951,-0.04698992893099785,0.5586795806884766,0.7185818552970886,-0.0617448166012764,0.5015964508056641,0.6837787628173828,-0.07653266936540604,0.6963037848472595,0.5886340737342834,-0.02020237222313881,0.6527950167655945,0.46804124116897583,-0.04099718853831291,0.6275234222412109,0.39100372791290283,-0.05997425690293312,0.6100752353668213,0.32623744010925293,-0.07573089748620987,0.7582752704620361,0.5637256503105164,-0.02701609767973423,0.7483834624290466,0.41716432571411133,-0.04263462871313095,0.7466681599617004,0.3265681862831116,-0.05891904607415199,0.7471308708190918,0.25561192631721497,-0.07268306612968445,0.8186701536178589,0.5730162262916565,-0.040023282170295715,0.8247802257537842,0.43494272232055664,-0.06504343450069427,0.8282741904258728,0.3526812195777893,-0.08540287613868713,0.8283827900886536,0.28114330768585205,-0.10060042887926102,0.8767290711402893,0.610728919506073,-0.05601147189736366,0.9221616983413696,0.5196310877799988,-0.08374471962451935,0.9507949948310852,0.45660400390625,-0.09912343323230743,0.9729853272438049,0.3972741961479187,-0.10980265587568283,5
0.8039079904556274,0.9077047109603882,5.968170171399834e-07,0.7117170095443726,0.8626443147659302,-0.030739953741431236,0.6254490613937378,0.776723325252533,-0.04605903476476669,0.5575767755508423,0.7167100310325623,-0.06049969419836998,0.5000563859939575,0.6826075315475464,-0.07502710074186325,0.6950790286064148,0.5865793824195862,-0.0201836246997118,0.6520592570304871,0.46698999404907227,-0.04048028215765953,0.62733393907547,0.3901559114456177,-0.058935027569532394,0.6103911399841309,0.3256816267967224,-0.07437729835510254,0.756592869758606,0.5618533492088318,-0.027085795998573303,0.7474426031112671,0.4163011908531189,-0.04237798973917961,0.7461985945701599,0.32613644003868103,-0.058230623602867126,0.7467734813690186,0.2554948031902313,-0.07169022411108017,0.8165876865386963,0.5715029835700989,-0.04007900133728981,0.8234954476356506,0.4349396526813507,-0.06467335671186447,0.8271788358688354,0.35302650928497314,-0.08484498411417007,0.8271790742874146,0.281533420085907,-0.09996641427278519,0.8740352392196655,0.6094644069671631,-0.05597662180662155,0.9195834994316101,0.5191764235496521,-0.08319778740406036,0.9481824040412903,0.4561956226825714,-0.09846654534339905,0.9702941179275513,0.39691129326820374,-0.10917548090219498,5
0.8009819388389587,0.9045630693435669,6.140190293990599e-07,0.7085260152816772,0.8590095043182373,-0.030575459823012352,0.622306764125824,0.7740945219993591,-0.04606207460165024,0.5544956922531128,0.7144009470939636,-0.06063919514417648,0.49720299243927,0.6811926364898682,-0.07515853643417358,0.6920372247695923,0.5848438143730164,-0.02034677565097809,0.6493010520935059,0.4648827612400055,-0.04046110063791275,0.6250615119934082,0.3881338834762573,-0.05860030651092529,0.6083487868309021,0.3245548605918884,-0.07371445745229721,0.7537369728088379,0.5595283508300781,-0.02699735388159752,0.7453435659408569,0.41328293085098267,-0.042142074555158615,0.7442122101783752,0.3234930634498596,-0.05748162418603897,0.7444688677787781,0.25422361493110657,-0.070389024913311,0.8140225410461426,0.5682336091995239,-0.03970376029610634,0.8208858370780945,0.43031641840934753,-0.06398249417543411,0.8240101337432861,0.3489685654640198,-0.08354013413190842,0.8233973979949951,0.27899813652038574,-0.09814102947711945,0.8716261982917786,0.6056822538375854,-0.055306944996118546,0.9183942675590515,0.5157962441444397,-0.08211085200309753,0.9465733170509338,0.45192375779151917,-0.09720055013895035,0.967956006526947,0.39193373918533325,-0.10771377384662628,5
0.7995779514312744,0.9023743867874146,6.109214609750779e-07,0.7060818672180176,0.85667484998703,-0.030079256743192673,0.619022011756897,0.7713176012039185,-0.044975169003009796,0.550839364528656,0.7123145461082458,-0.05907514691352844,0.4925018548965454,0.6806845664978027,-0.07329139113426208,0.6872767806053162,0.5818146467208862,-0.0194791778922081,0.6458331942558289,0.4620620906352997,-0.03922067582607269,0.62212073802948,0.38534605503082275,-0.05706068500876427,0.605221152305603,0.32205337285995483,-0.0720643401145935,0.7491306662559509,0.5567747354507446,-0.026389414444565773,0.7419605255126953,0.4109782576560974,-0.041685011237859726,0.7424063086509705,0.32303598523139954,-0.05688529461622238,0.7439213991165161,0.25522592663764954,-0.06957501918077469,0.8096404671669006,0.5656604766845703,-0.03938515484333038,0.8164654970169067,0.42829570174217224,-0.06415212899446487,0.8198265433311462,0.34687340259552,-0.08383343368768692,0.8195354342460632,0.2765291631221771,-0.09839369356632233,0.8677067756652832,0.6029331684112549,-0.055175404995679855,0.9140726327896118,0.5115329623222351,-0.08193210512399673,0.9423880577087402,0.4476550221443176,-0.0968153178691864,0.9635772109031677,0.3877906799316406,-0.10730721801519394,5
0.7949291467666626,0.8970798254013062,6.352496484396397e-07,0.7015039324760437,0.8524776697158813,-0.0315658375620842,0.6150714755058289,0.7688756585121155,-0.04789220914244652,0.5466734170913696,0.7094482183456421,-0.06346789747476578,0.48718100786209106,0.6784951686859131,-0.07906900346279144,0.6836543679237366,0.5783976912498474,-0.02118586003780365,0.6413249969482422,0.45961055159568787,-0.042469583451747894,0.6171595454216003,0.38333678245544434,-0.0615035742521286,0.6000624895095825,0.31975725293159485,-0.0773778110742569,0.744983971118927,0.5530117750167847,-0.028102565556764603,0.7368535399436951,0.40695643424987793,-0.044864241033792496,0.7371925711631775,0.31802594661712646,-0.0610271580517292,0.7388699054718018,0.24894601106643677,-0.07430518418550491,0.8053397536277771,0.561654806137085,-0.0412340871989727,0.8113855719566345,0.42324015498161316,-0.06721343100070953,0.815411388874054,0.34178340435028076,-0.08666861802339554,0.8155893683433533,0.27161431312561035,-0.10078010708093643,0.8641622066497803,0.5986442565917969,-0.05734890699386597,0.9105944633483887,0.507230818271637,-0.0845562145113945,0.937932550907135,0.4423118829727173,-0.09913662821054459,0.9579432010650635,0.38186901807785034,-0.10926538705825806,5
0.7920389175415039,0.8951733112335205,6.399831136150169e-07,0.6993210911750793,0.8514392971992493,-0.03251523897051811,0.6124886274337769,0.7677944302558899,-0.04919835552573204,0.5446847081184387,0.7083737850189209,-0.06487155705690384,0.48565489053726196,0.6761561036109924,-0.08059310168027878,0.679443359375,0.577833354473114,-0.023395227268338203,0.6374533176422119,0.45866554975509644,-0.04573198780417442,0.6133745312690735,0.3812238872051239,-0.06507451087236404,0.5961432456970215,0.31630629301071167,-0.08093050867319107,0.7408643364906311,0.5521751642227173,-0.03011994995176792,0.7336695790290833,0.4059140682220459,-0.04819737747311592,0.7348828315734863,0.3157314360141754,-0.0647755116224289,0.7371014356613159,0.24480098485946655,-0.07810520380735397,0.8005466461181641,0.5604016780853271,-0.04306692257523537,0.8060506582260132,0.4241023063659668,-0.0702955350279808,0.8094264268875122,0.3418872654438019,-0.0902276411652565,0.8089122176170349,0.27046528458595276,-0.10437501221895218,0.8586968779563904,0.5961901545524597,-0.05901690199971199,0.9042336940765381,0.5043525695800781,-0.08682678639888763,0.9315999746322632,0.43918707966804504,-0.10143253952264786,0.9516796469688416,0.3784554898738861,-0.11151322722434998,5
0.7831630706787109,0.8921283483505249,6.371159884110966e-07,0.6895093321800232,0.8496236801147461,-0.03239907696843147,0.6030919551849365,0.7634888887405396,-0.04921868070960045,0.536387026309967,0.7016376852989197,-0.06499586999416351,0.478360652923584,0.668202817440033,-0.08123525232076645,0.6730341911315918,0.5757554173469543,-0.024946315214037895,0.6298878192901611,0.45640602707862854,-0.04854351654648781,0.6047456860542297,0.3782650828361511,-0.06890801340341568,0.5870558023452759,0.31172630190849304,-0.085607148706913,0.7339333891868591,0.5505494475364685,-0.032225195318460464,0.7286348342895508,0.4032283127307892,-0.05184810608625412,0.7279505729675293,0.3137909173965454,-0.06976388394832611,0.7273848056793213,0.24019423127174377,-0.08422340452671051,0.7915773391723633,0.5580315589904785,-0.04555728659033775,0.7982862591743469,0.41849285364151,-0.07434102147817612,0.798783004283905,0.33432915806770325,-0.09542640298604965,0.7952249646186829,0.2595771849155426,-0.11060967296361923,0.846488356590271,0.5933749079704285,-0.06173509359359741,0.8927433490753174,0.49858346581459045,-0.09125829488039017,0.9217370748519897,0.43280938267707825,-0.10682749003171921,0.9429773688316345,0.3709895610809326,-0.11774775385856628,5
0.7792850136756897,0.8880971074104309,6.608029821109085e-07,0.6854537725448608,0.8462427258491516,-0.034318313002586365,0.6003121137619019,0.7623189091682434,-0.05312304571270943,0.5320258140563965,0.7014220356941223,-0.07078434526920319,0.4720489978790283,0.6690418720245361,-0.0888245552778244,0.6690650582313538,0.5754806399345398,-0.02729516476392746,0.6267485022544861,0.45649099349975586,-0.051823779940605164,0.6022822260856628,0.3785936236381531,-0.07287561148405075,0.5850250124931335,0.3121642470359802,-0.08999045938253403,0.7302857637405396,0.5493348240852356,-0.03422767296433449,0.7248412370681763,0.4016319513320923,-0.05431334301829338,0.7243462204933167,0.31091833114624023,-0.07248501479625702,0.7239720225334167,0.23659884929656982,-0.08708421140909195,0.7887730598449707,0.5564095973968506,-0.047338347882032394,0.7946173548698425,0.4155452251434326,-0.07638014853000641,0.7958471179008484,0.3310241401195526,-0.09747069329023361,0.7928796410560608,0.2565770149230957,-0.11254676431417465,0.8446414470672607,0.5915110111236572,-0.06347624957561493,0.890200674533844,0.4969627559185028,-0.09314651042222977,0.9189751148223877,0.4309401512145996,-0.10857025533914566,0.9400925636291504,0.36968013644218445,-0.11921672523021698,5
0.7789110541343689,0.8883194923400879,6.31303350928647e-07,0.6835429072380066,0.84796142578125,-0.03461308404803276,0.5976616740226746,0.762202799320221,-0.052875176072120667,0.5293225049972534,0.6995018720626831,-0.06990328431129456,0.46901434659957886,0.6665908694267273,-0.08728515356779099,0.6664147973060608,0.5733239054679871,-0.026594778522849083,0.6229236125946045,0.4533318281173706,-0.05079834908246994,0.5986846685409546,0.37449079751968384,-0.07172807306051254,0.5813785791397095,0.30734479427337646,-0.0889730378985405,0.7281243801116943,0.5462543964385986,-0.03325137495994568,0.7222734689712524,0.3997485041618347,-0.053231123834848404,0.7214550375938416,0.31124815344810486,-0.07148955017328262,0.7203469276428223,0.23812216520309448,-0.08616243302822113,0.7870043516159058,0.5523769855499268,-0.046131279319524765,0.7913446426391602,0.4121681749820709,-0.07527273893356323,0.7918096780776978,0.3274289071559906,-0.09656422585248947,0.78841632604599,0.2517915666103363,-0.11190089583396912,0.8431037664413452,0.5868420600891113,-0.06208795681595802,0.8876927495002747,0.49376609921455383,-0.09203530848026276,0.9159579873085022,0.42866605520248413,-0.1077679768204689,0.9367983341217041,0.36744052171707153,-0.11871343106031418,5
0.7764140963554382,0.888635516166687,6.35291598882759e-07,0.6806896328926086,0.8469470739364624,-0.03541594371199608,0.5954424142837524,0.7616192102432251,-0.05445735529065132,0.527350902557373,0.6991136074066162,-0.07221348583698273,0.4665142297744751,0.6658369302749634,-0.09025454521179199,0.6642267107963562,0.5711501836776733,-0.02680852636694908,0.6201162934303284,0.4515700936317444,-0.051155220717191696,0.5955533385276794,0.3727732300758362,-0.0724683627486229,0.5781944990158081,0.30488529801368713,-0.0901217982172966,0.7259112000465393,0.5450891852378845,-0.033423081040382385,0.719749391078949,0.3992880582809448,-0.05354761704802513,0.7185887694358826,0.31173449754714966,-0.07225267589092255,0.717147946357727,0.23892512917518616,-0.08732550591230392,0.7850111126899719,0.5517993569374084,-0.04635605588555336,0.7894082069396973,0.4119463860988617,-0.07575859874486923,0.7904621958732605,0.3269621729850769,-0.09714501351118088,0.7875744104385376,0.25080767273902893,-0.11253698170185089,0.8414260149002075,0.5864432454109192,-0.06245464086532593,0.885738730430603,0.4917362332344055,-0.09243945777416229,0.9142740964889526,0.42626166343688965,-0.10792534053325653,0.9353901147842407,0.364754319190979,-0.11869808286428452,5
0.7782626748085022,0.8896974325180054,6.380288937180012e-07,0.6818422675132751,0.8479149341583252,-0.03566858917474747,0.5959807634353638,0.7621939778327942,-0.05476674810051918,0.5275869369506836,0.6995485424995422,-0.07263889163732529,0.4663870334625244,0.6662220358848572,-0.09086848795413971,0.6643285155296326,0.5724791884422302,-0.027374550700187683,0.6200662851333618,0.4526935815811157,-0.0524325966835022,0.595776379108429,0.3735603094100952,-0.07421217858791351,0.578662097454071,0.30500492453575134,-0.09213902801275253,0.7261406779289246,0.546118974685669,-0.03403955325484276,0.7200532555580139,0.39982688426971436,-0.054830603301525116,0.7190173864364624,0.311249703168869,-0.07392657548189163,0.7176101207733154,0.23735588788986206,-0.08920685201883316,0.7854011058807373,0.5530876517295837,-0.047054439783096313,0.7900709509849548,0.4129090905189514,-0.07695263624191284,0.7915046811103821,0.32729822397232056,-0.09859093278646469,0.7888710498809814,0.2507055401802063,-0.11401978135108948,0.8420212268829346,0.5883832573890686,-0.0632588192820549,0.8861863613128662,0.4934598505496979,-0.09361211210489273,0.9145050048828125,0.4271561801433563,-0.10930423438549042,0.9354957342147827,0.36482179164886475,-0.12014686316251755,5
0.7759854793548584,0.8912793397903442,6.445898748097534e-07,0.6787672638893127,0.8481528759002686,-0.03542609140276909,0.5929991006851196,0.7620980143547058,-0.05457409843802452,0.5251094698905945,0.6995416283607483,-0.07256429642438889,0.464690625667572,0.6652127504348755,-0.09089233726263046,0.6623156070709229,0.5722668170928955,-0.02687176875770092,0.6176788806915283,0.45192110538482666,-0.0522899255156517,0.5931187272071838,0.372196763753891,-0.07432614266872406,0.5761628150939941,0.3031902313232422,-0.09230677038431168,0.7242261171340942,0.5458347201347351,-0.0337320901453495,0.7178853154182434,0.39965707063674927,-0.05456879362463951,0.7167049646377563,0.3112710118293762,-0.07347044348716736,0.7154662013053894,0.23752188682556152,-0.08846944570541382,0.7835196256637573,0.5522856116294861,-0.04702172428369522,0.7880871295928955,0.4116854667663574,-0.0767214298248291,0.7891162633895874,0.32608532905578613,-0.09771082550287247,0.78618985414505,0.2492361068725586,-0.1126527488231659,0.8400590419769287,0.586890697479248,-0.06354335695505142,0.884144127368927,0.4918454587459564,-0.09355305880308151,0.9121208190917969,0.42569470405578613,-0.10868819802999496,0.9327799677848816,0.36342984437942505,-0.11904393136501312,5
0.7747454047203064,0.889752984046936,6.614293965867546e-07,0.6783953309059143,0.8472979664802551,-0.03569496050477028,0.5927788019180298,0.760940670967102,-0.055338915437459946,0.5237754583358765,0.6982250809669495,-0.07381933182477951,0.4623534083366394,0.66539466381073,-0.09266432374715805,0.6614792346954346,0.5716250538825989,-0.02818591333925724,0.6164655685424805,0.4511459767818451,-0.05367540568113327,0.591977596282959,0.3712572455406189,-0.07564377039670944,0.5755745768547058,0.302054762840271,-0.09361205995082855,0.722937285900116,0.5448590517044067,-0.034935928881168365,0.7168844938278198,0.396962970495224,-0.05566930025815964,0.7160866260528564,0.308476984500885,-0.07413928210735321,0.7151747345924377,0.23588505387306213,-0.08886722475290298,0.7822025418281555,0.5513745546340942,-0.0480402372777462,0.7869125008583069,0.40938282012939453,-0.07751627266407013,0.788198709487915,0.32401782274246216,-0.09832293540239334,0.7854671478271484,0.24839654564857483,-0.11321115493774414,0.8388620615005493,0.5864757299423218,-0.06440737843513489,0.8836487531661987,0.4902815818786621,-0.0942351222038269,0.9123599529266357,0.42368778586387634,-0.10942479223012924,0.9336383938789368,0.36170244216918945,-0.11990191042423248,5
0.7747693061828613,0.890609085559845,6.500259246422502e-07,0.6778611540794373,0.8492063283920288,-0.03589705005288124,0.5921512842178345,0.7615460753440857,-0.05482605844736099,0.5232473611831665,0.6982794404029846,-0.07256367802619934,0.4615856409072876,0.6655729413032532,-0.09058718383312225,0.6606385111808777,0.571531355381012,-0.026877805590629578,0.6159198880195618,0.4505721926689148,-0.051906850188970566,0.5919750332832336,0.3707868456840515,-0.07355137169361115,0.5756151676177979,0.3015606105327606,-0.09143820405006409,0.7226780652999878,0.5441272854804993,-0.0333288237452507,0.7167359590530396,0.3962809145450592,-0.053876008838415146,0.7161040306091309,0.30819669365882874,-0.07227402180433273,0.7150408029556274,0.23535245656967163,-0.08694029599428177,0.7822018265724182,0.5500297546386719,-0.04624825716018677,0.7865347266197205,0.4077853262424469,-0.07596906274557114,0.7881237864494324,0.3231468200683594,-0.09676351398229599,0.7856716513633728,0.2471712827682495,-0.11160820722579956,0.8388360738754272,0.5847507119178772,-0.062487922608852386,0.883745014667511,0.49104994535446167,-0.09335266053676605,0.9126304984092712,0.4248453974723816,-0.10936629772186279,0.9343667030334473,0.36194908618927,-0.12029849737882614,5
0.7738379836082458,0.890862226486206,6.447092459893611e-07,0.6760590076446533,0.8495784401893616,-0.03597421944141388,0.5903823375701904,0.7618239521980286,-0.05496195703744888,0.521719753742218,0.6980006098747253,-0.07271277159452438,0.46004974842071533,0.6654509902000427,-0.09087264537811279,0.6605571508407593,0.5724416375160217,-0.02769636921584606,0.6156336665153503,0.45136308670043945,-0.05295143648982048,0.59122633934021,0.37147706747055054,-0.07493296265602112,0.5743547081947327,0.3021816909313202,-0.09314198046922684,0.7227419018745422,0.5451647639274597,-0.034328315407037735,0.7163522243499756,0.39636921882629395,-0.05511847510933876,0.715405285358429,0.30736202001571655,-0.07416672259569168,0.714401125907898,0.23331928253173828,-0.08949025720357895,0.7823386788368225,0.5512433648109436,-0.04733283817768097,0.7859786748886108,0.4077746272087097,-0.07731223106384277,0.7876092791557312,0.3224670886993408,-0.09885797649621964,0.785552442073822,0.2457452118396759,-0.1144128143787384,0.8389983773231506,0.5863006711006165,-0.06359516084194183,0.8833026885986328,0.4921366274356842,-0.09469225257635117,0.912103533744812,0.42591944336891174,-0.1109759584069252,0.9339304566383362,0.36320018768310547,-0.1222660019993782,5
0.775756299495697,0.8915629386901855,6.456903633988986e-07,0.6768733263015747,0.8514492511749268,-0.035160087049007416,0.5903372168540955,0.762894868850708,-0.05317467078566551,0.521289587020874,0.6993703842163086,-0.07003454864025116,0.4598364531993866,0.6662917137145996,-0.08731544762849808,0.6599008440971375,0.5725372433662415,-0.026781922206282616,0.6148374080657959,0.45111924409866333,-0.05119822919368744,0.5904373526573181,0.37089455127716064,-0.07243336737155914,0.5737078189849854,0.3009936213493347,-0.09010447561740875,0.7222751379013062,0.5442783236503601,-0.03335092216730118,0.7163224220275879,0.39553362131118774,-0.05282411351799965,0.7159404754638672,0.3057820200920105,-0.07073056697845459,0.7154432535171509,0.23200389742851257,-0.08534710109233856,0.7823713421821594,0.5502079725265503,-0.04626325145363808,0.7872718572616577,0.407509446144104,-0.07510983198881149,0.7888981103897095,0.3224073648452759,-0.09616969525814056,0.7865904569625854,0.24643200635910034,-0.1114940196275711,0.8396314978599548,0.5859426259994507,-0.06241734325885773,0.8853790760040283,0.49175289273262024,-0.09332490712404251,0.9147263169288635,0.42530372738838196,-0.10980895161628723,0.9368726015090942,0.3624612092971802,-0.12113887816667557,5
0.773891270160675,0.8952204585075378,6.440740207835915e-07,0.6754631996154785,0.8523639440536499,-0.03523748368024826,0.5898140072822571,0.7647075057029724,-0.05384382978081703,0.5219005942344666,0.7011345028877258,-0.07144976407289505,0.46146315336227417,0.6670044660568237,-0.08954259008169174,0.6604254841804504,0.5744075775146484,-0.027456901967525482,0.6153848171234131,0.45147252082824707,-0.053038403391838074,0.590804398059845,0.37040945887565613,-0.07515015453100204,0.5739363431930542,0.29955506324768066,-0.09341833740472794,0.7227804660797119,0.5467897057533264,-0.034670356661081314,0.7164286971092224,0.3974764943122864,-0.05598806217312813,0.7158045172691345,0.30703914165496826,-0.07546015083789825,0.7153858542442322,0.2320195436477661,-0.09106213599443436,0.7825188636779785,0.553004801273346,-0.048210036009550095,0.7873797416687012,0.4088360369205475,-0.07892408221960068,0.7892992496490479,0.3226526975631714,-0.10098455101251602,0.7873203754425049,0.2451266646385193,-0.11676543951034546,0.839357852935791,0.5892811417579651,-0.06492038816213608,0.8857057690620422,0.4942794740200043,-0.09707145392894745,0.9151018261909485,0.4266432523727417,-0.11409519612789154,0.9372115731239319,0.36221379041671753,-0.1257193386554718,5
0.7774413228034973,0.8947671055793762,6.494192348327488e-07,0.6784338355064392,0.8532119989395142,-0.035512641072273254,0.5914673805236816,0.7663812041282654,-0.05465126782655716,0.5222135186195374,0.7026740908622742,-0.07251126319169998,0.4609997272491455,0.6695504784584045,-0.09078288823366165,0.6609529852867126,0.5745441317558289,-0.029016664251685143,0.6155325174331665,0.45162463188171387,-0.05415092408657074,0.5909190773963928,0.37123966217041016,-0.07582441717386246,0.5737795233726501,0.30173248052597046,-0.09372061491012573,0.7240400910377502,0.547432005405426,-0.03576906397938728,0.7177016735076904,0.39742496609687805,-0.056125983595848083,0.716912031173706,0.30746084451675415,-0.07483184337615967,0.7158227562904358,0.23367992043495178,-0.09002365171909332,0.7846633195877075,0.5543920993804932,-0.048732951283454895,0.789176881313324,0.4099220335483551,-0.07851884514093399,0.7902947664260864,0.3235616683959961,-0.10045026987791061,0.787388026714325,0.24689465761184692,-0.1163068488240242,0.8423020839691162,0.5912489295005798,-0.06480780988931656,0.8886651396751404,0.4951699376106262,-0.09629049152135849,0.9177419543266296,0.42733660340309143,-0.1131119430065155,0.9392474889755249,0.36338430643081665,-0.12464290112257004,5
0.774907112121582,0.8971771001815796,6.501172720163595e-07,0.6764177083969116,0.8539517521858215,-0.03508768975734711,0.5904998779296875,0.7670252323150635,-0.053858477622270584,0.522063136100769,0.7032578587532043,-0.07160458713769913,0.46118712425231934,0.6688147783279419,-0.08978934586048126,0.6608107686042786,0.5736984014511108,-0.02667843922972679,0.6154062747955322,0.4506799280643463,-0.051367562264204025,0.5908434391021729,0.3702695667743683,-0.07301592826843262,0.5739588737487793,0.300100713968277,-0.09105408936738968,0.7238239645957947,0.5468820333480835,-0.0339529924094677,0.7172732949256897,0.39725080132484436,-0.05437245965003967,0.7168071866035461,0.30722925066947937,-0.0737554132938385,0.7163684964179993,0.23282155394554138,-0.08958117663860321,0.7838805317878723,0.5540762543678284,-0.04757782071828842,0.7892542481422424,0.41089195013046265,-0.07766799628734589,0.7911607027053833,0.32493942975997925,-0.10010110586881638,0.7889193892478943,0.24793964624404907,-0.11636620759963989,0.840854823589325,0.5909632444381714,-0.06433738768100739,0.8878313302993774,0.4952182471752167,-0.09578853100538254,0.917235255241394,0.4276351034641266,-0.11280166357755661,0.9388717412948608,0.363366961479187,-0.12463779747486115,5
0.7774551510810852,0.8972766995429993,6.517007022921462e-07,0.6781923174858093,0.8543640375137329,-0.03499424457550049,0.5915423035621643,0.7668969035148621,-0.05326284468173981,0.5220180749893188,0.70396888256073,-0.07041828334331512,0.46052542328834534,0.6706342697143555,-0.08803251385688782,0.6608583331108093,0.5747352242469788,-0.02615758404135704,0.6157471537590027,0.45173051953315735,-0.05008028447628021,0.5912714004516602,0.37117767333984375,-0.07117518037557602,0.5741693377494812,0.3015737533569336,-0.08878740668296814,0.7238304018974304,0.5475369691848755,-0.03288601338863373,0.7176734805107117,0.3978371024131775,-0.052341029047966,0.7173181176185608,0.3079001009464264,-0.07082238793373108,0.7169396877288818,0.23393386602401733,-0.08597421646118164,0.7841944098472595,0.5542596578598022,-0.04597168788313866,0.7892568111419678,0.4112071394920349,-0.07506377249956131,0.7902671694755554,0.32510054111480713,-0.09723152220249176,0.7876531481742859,0.24818193912506104,-0.11341442912817001,0.8415988683700562,0.5905178189277649,-0.06219319626688957,0.8879817128181458,0.49503210186958313,-0.09288263320922852,0.9173559546470642,0.4279312789440155,-0.10967135429382324,0.9393748044967651,0.36413300037384033,-0.12140721082687378,5
0.7756588459014893,0.895971417427063,6.509004037980048e-07,0.677367091178894,0.8526877164840698,-0.0358395092189312,0.5911312103271484,0.7659194469451904,-0.05532986298203468,0.5221031308174133,0.702905535697937,-0.07356208562850952,0.4605954587459564,0.6688578724861145,-0.0923476591706276,0.6608924865722656,0.574433445930481,-0.029346609488129616,0.6160433888435364,0.4508848190307617,-0.054839543998241425,0.591529905796051,0.3705376982688904,-0.07686726003885269,0.5743297338485718,0.30041980743408203,-0.09512251615524292,0.7241324186325073,0.5475179553031921,-0.03632039204239845,0.7180479168891907,0.3978704810142517,-0.05744300037622452,0.7176847457885742,0.3084549903869629,-0.07721173763275146,0.717018187046051,0.23383238911628723,-0.0933568999171257,0.7844016551971436,0.554413378238678,-0.04951735585927963,0.7898967266082764,0.4107661247253418,-0.08013083785772324,0.7913169860839844,0.32457125186920166,-0.10302557796239853,0.7883637547492981,0.24710503220558167,-0.11971844732761383,0.8415462970733643,0.5910943150520325,-0.06581135839223862,0.8883455991744995,0.4954593777656555,-0.09769680351018906,0.9177671074867249,0.4280688762664795,-0.11496361345052719,0.939261257648468,0.36369502544403076,-0.12706057727336884,5
0.7755809426307678,0.8961803913116455,6.455601919697074e-07,0.6776134371757507,0.8517690896987915,-0.034559741616249084,0.5916903018951416,0.7642564177513123,-0.05278005450963974,0.5222771167755127,0.7017510533332825,-0.07007472962141037,0.46068626642227173,0.6688011884689331,-0.08787887543439865,0.6613467931747437,0.5727836489677429,-0.02523852325975895,0.6169915795326233,0.4506763219833374,-0.04894311726093292,0.5928802490234375,0.37109825015068054,-0.07005923986434937,0.5757628679275513,0.30194440484046936,-0.08786021918058395,0.7242990732192993,0.546265721321106,-0.03244946151971817,0.7182791829109192,0.3979043960571289,-0.05202903598546982,0.7179886102676392,0.30897146463394165,-0.07094816118478775,0.717476487159729,0.23496577143669128,-0.08658796548843384,0.784706711769104,0.5536358952522278,-0.04602093994617462,0.7895871996879578,0.4110015034675598,-0.07545383274555206,0.7906100153923035,0.3253180682659149,-0.09802456945180893,0.7878451347351074,0.24798467755317688,-0.1146228164434433,0.8422262072563171,0.5906104445457458,-0.06267501413822174,0.8886765837669373,0.49535101652145386,-0.09365420788526535,0.9182969331741333,0.42811065912246704,-0.11072634160518646,0.9404425621032715,0.3636360466480255,-0.12284830212593079,5
0.7752373814582825,0.8959178924560547,6.447020837185846e-07,0.6771795749664307,0.8511744141578674,-0.03434280306100845,0.5915147662162781,0.7639659643173218,-0.052684485912323,0.5222587585449219,0.7013131380081177,-0.07009338587522507,0.46038952469825745,0.6684104800224304,-0.08806940913200378,0.6612164974212646,0.5721718072891235,-0.025363732129335403,0.6168436408042908,0.4503256678581238,-0.04903362691402435,0.5927087068557739,0.3709467649459839,-0.07013220340013504,0.5755945444107056,0.30209818482398987,-0.08788187056779861,0.7244996428489685,0.5459141135215759,-0.03266394883394241,0.7183752655982971,0.39709725975990295,-0.05215424671769142,0.7177979946136475,0.3079443871974945,-0.0710238665342331,0.7169551253318787,0.23394113779067993,-0.08663669228553772,0.7851370573043823,0.5535399317741394,-0.04628193378448486,0.7899847626686096,0.41121959686279297,-0.07548365741968155,0.7906966209411621,0.3251805305480957,-0.09807560592889786,0.7876855731010437,0.24773406982421875,-0.11473164707422256,0.8427376747131348,0.5904722213745117,-0.06294208019971848,0.8886050581932068,0.4947657585144043,-0.09353028982877731,0.9179775714874268,0.4274669587612152,-0.1103934720158577,0.9399272203445435,0.3630286753177643,-0.12243006378412247,5
0.7766547203063965,0.8965079188346863,6.390608291440003e-07,0.6781105399131775,0.8518930673599243,-0.03442734107375145,0.5924230813980103,0.763858437538147,-0.052591901272535324,0.522959291934967,0.7006769776344299,-0.06973613798618317,0.4605468809604645,0.6686964631080627,-0.08739396184682846,0.6617155075073242,0.5722967386245728,-0.025177495554089546,0.6174964308738708,0.44985222816467285,-0.048700395971536636,0.5934669971466064,0.37009143829345703,-0.06962611526250839,0.5765277147293091,0.30119824409484863,-0.0871884748339653,0.7249408960342407,0.5460878014564514,-0.03217606246471405,0.7186903953552246,0.3974534869194031,-0.051331017166376114,0.7180377840995789,0.3084028363227844,-0.06992138922214508,0.7172374725341797,0.23437032103538513,-0.0853038802742958,0.7855264544487,0.5536953210830688,-0.045496754348278046,0.7903211116790771,0.4113534092903137,-0.07437379658222198,0.7912329435348511,0.3254345953464508,-0.09673702716827393,0.7883813381195068,0.24823588132858276,-0.11319600045681,0.8430761694908142,0.5903618931770325,-0.06187065690755844,0.8889567852020264,0.49482461810112,-0.09229455143213272,0.9181241989135742,0.42784059047698975,-0.10911115258932114,0.9399175047874451,0.36378657817840576,-0.121053546667099,5
0.7767120003700256,0.8961100578308105,6.492384727607714e-07,0.6779686808586121,0.8520307540893555,-0.03520055487751961,0.5917346477508545,0.7650283575057983,-0.0540357269346714,0.5221421122550964,0.7014672160148621,-0.07174066454172134,0.4603937864303589,0.6674641966819763,-0.08994429558515549,0.6622014045715332,0.5738202333450317,-0.02692829631268978,0.6177217960357666,0.4508805572986603,-0.051091015338897705,0.5937100648880005,0.3709905743598938,-0.07223121076822281,0.5771749019622803,0.30172428488731384,-0.08981175720691681,0.7253445982933044,0.5476872324943542,-0.03385351598262787,0.718937337398529,0.3981837034225464,-0.05357484892010689,0.7181182503700256,0.3084090054035187,-0.07232203334569931,0.7176302671432495,0.23377177119255066,-0.08778372406959534,0.7856416702270508,0.555131196975708,-0.047104332596063614,0.7908248901367188,0.4123018682003021,-0.07646291702985764,0.791759729385376,0.3260343372821808,-0.09881579875946045,0.7893000841140747,0.24853813648223877,-0.11521007120609283,0.8427211046218872,0.5916624069213867,-0.06346233189105988,0.8884370923042297,0.49549198150634766,-0.09432617574930191,0.9179924726486206,0.4283220171928406,-0.11112920194864273,0.9403895139694214,0.3642536997795105,-0.12296266853809357,5
0.776492714881897,0.8972364664077759,6.569296147063142e-07,0.6786118149757385,0.8509187698364258,-0.03442656621336937,0.5927090644836426,0.7642252445220947,-0.053198568522930145,0.5226646661758423,0.7024997472763062,-0.07110913097858429,0.4606558680534363,0.6694957613945007,-0.08953400701284409,0.6620238423347473,0.5736470222473145,-0.02579043246805668,0.6181410551071167,0.450311541557312,-0.04990169405937195,0.5944477319717407,0.3706810474395752,-0.07112835347652435,0.5779399871826172,0.3017321228981018,-0.0887693539261818,0.7249079346656799,0.5470972061157227,-0.03309720754623413,0.7189427614212036,0.39762094616889954,-0.05266624316573143,0.7185108065605164,0.30753663182258606,-0.07158415764570236,0.7182359099388123,0.23277699947357178,-0.08720838278532028,0.7853765487670898,0.5542029738426208,-0.04673508554697037,0.7909461855888367,0.41130444407463074,-0.07580547779798508,0.7922422289848328,0.32507503032684326,-0.09839169681072235,0.7898978590965271,0.24798262119293213,-0.11503645777702332,0.8426210284233093,0.5908972024917603,-0.06344935297966003,0.8888418674468994,0.4956724941730499,-0.09416579455137253,0.9184585213661194,0.4284893274307251,-0.11112795025110245,0.9408940076828003,0.3646327555179596,-0.12309986352920532,5
0.7764613628387451,0.896729588508606,6.517454949062085e-07,0.6781094670295715,0.8514772653579712,-0.034701790660619736,0.5917838215827942,0.7648415565490723,-0.05334323272109032,0.5216666460037231,0.7025622129440308,-0.07103077322244644,0.45959025621414185,0.6700420379638672,-0.08925693482160568,0.6624019742012024,0.5728622078895569,-0.025661448016762733,0.6186257600784302,0.45044466853141785,-0.049487922340631485,0.5950486660003662,0.37113329768180847,-0.07069400697946548,0.5786559581756592,0.3022284507751465,-0.08839292824268341,0.7255447506904602,0.5460953116416931,-0.03281949833035469,0.7195648550987244,0.3971240818500519,-0.052083082497119904,0.7187422513961792,0.3071320056915283,-0.07081244140863419,0.7180628180503845,0.23239922523498535,-0.0863897055387497,0.7861176133155823,0.5532101988792419,-0.04635630548000336,0.7917874455451965,0.4111310541629791,-0.07516629993915558,0.7928472757339478,0.32520049810409546,-0.09768123924732208,0.7902726531028748,0.24810150265693665,-0.11433809995651245,0.8433069586753845,0.5899141430854797,-0.06302441656589508,0.8892048597335815,0.4942939281463623,-0.09358924627304077,0.9188717603683472,0.4274823069572449,-0.1104893907904625,0.9412844181060791,0.36374998092651367,-0.1224718913435936,5
0.776768147945404,0.8951972723007202,6.505428586933704e-07,0.6791941523551941,0.8501487374305725,-0.0346880741417408,0.5931510329246521,0.7631946802139282,-0.05358287692070007,0.5221948623657227,0.7020472288131714,-0.07148955762386322,0.45878878235816956,0.6722631454467773,-0.08997416496276855,0.6627234816551208,0.5721576809883118,-0.026363488286733627,0.6188251376152039,0.4491010308265686,-0.05011417344212532,0.5953706502914429,0.36952364444732666,-0.07116291671991348,0.5790165066719055,0.3006129860877991,-0.08875980973243713,0.7257813811302185,0.5460429191589355,-0.03344590961933136,0.7195886373519897,0.39702731370925903,-0.05284038186073303,0.7187013626098633,0.30726444721221924,-0.07185236364603043,0.7178030610084534,0.23240190744400024,-0.08767390251159668,0.7863336801528931,0.5535839796066284,-0.0467691645026207,0.7913581132888794,0.4114223122596741,-0.07569976896047592,0.7925575971603394,0.32587721943855286,-0.09840471297502518,0.7899330258369446,0.2491503655910492,-0.11521660536527634,0.8436594009399414,0.5901920795440674,-0.06315279752016068,0.8892653584480286,0.49462395906448364,-0.09353770315647125,0.9188615083694458,0.42799633741378784,-0.11037333309650421,0.9411057233810425,0.3643949627876282,-0.12242384999990463,5
0.7761760950088501,0.8947727084159851,6.46786304514535e-07,0.6784358620643616,0.8499078750610352,-0.034623511135578156,0.5927380919456482,0.7636473774909973,-0.05335473641753197,0.5226885080337524,0.7019466757774353,-0.07113854587078094,0.4598819613456726,0.6705688238143921,-0.0895361378788948,0.6622810363769531,0.5720567107200623,-0.026210598647594452,0.6187342405319214,0.44913583993911743,-0.05002804845571518,0.5954073071479797,0.36933398246765137,-0.0711570754647255,0.5791182518005371,0.3001808226108551,-0.08883467316627502,0.7256341576576233,0.5455488562583923,-0.03338497877120972,0.7195315361022949,0.3970600962638855,-0.05300452932715416,0.7186561226844788,0.3072318434715271,-0.07221506536006927,0.7177574634552002,0.2323378622531891,-0.08815382421016693,0.7862986326217651,0.5528380274772644,-0.04679856821894646,0.7922070622444153,0.41098135709762573,-0.07612953335046768,0.7936191558837891,0.32516106963157654,-0.09904582053422928,0.7910950779914856,0.24798911809921265,-0.11594342440366745,0.8435332179069519,0.5897740721702576,-0.06324756890535355,0.8901142477989197,0.49476420879364014,-0.09414435178041458,0.9199039936065674,0.42821311950683594,-0.11119876801967621,0.9422283172607422,0.36465638875961304,-0.12329879403114319,5
0.777070939540863,0.8945733904838562,6.468389415204001e-07,0.6788035035133362,0.8507004380226135,-0.03548024967312813,0.5929739475250244,0.7642484903335571,-0.05415764078497887,0.5233503580093384,0.7023720145225525,-0.07168544828891754,0.4607034921646118,0.6713242530822754,-0.08976324647665024,0.662350594997406,0.5718709230422974,-0.02674591727554798,0.6186761856079102,0.4491605758666992,-0.050668854266405106,0.5952320694923401,0.3689235746860504,-0.07172250747680664,0.5789430141448975,0.29940855503082275,-0.08936697989702225,0.725615918636322,0.5451537370681763,-0.033428579568862915,0.7199933528900146,0.39717549085617065,-0.053093936294317245,0.7196802496910095,0.3077772259712219,-0.07191261649131775,0.7193871736526489,0.23298531770706177,-0.0875038281083107,0.7861629128456116,0.5525509715080261,-0.0464717298746109,0.7923234105110168,0.41080936789512634,-0.07595089823007584,0.7939324975013733,0.32559847831726074,-0.09844460338354111,0.7917717695236206,0.24852287769317627,-0.11494261026382446,0.8434715270996094,0.5895116329193115,-0.06267423927783966,0.8898906707763672,0.4948301911354065,-0.09396824985742569,0.9196621179580688,0.42821529507637024,-0.11117881536483765,0.9422116875648499,0.364274799823761,-0.12327859550714493,5
0.7772579789161682,0.8954710364341736,6.48725688279228e-07,0.6790982484817505,0.8514636158943176,-0.03495496138930321,0.5936842560768127,0.7653580904006958,-0.05356336385011673,0.5246775150299072,0.7036058902740479,-0.07119075953960419,0.46255165338516235,0.6708608865737915,-0.08936011791229248,0.6622102856636047,0.5721297860145569,-0.025506166741251945,0.6187032461166382,0.44994640350341797,-0.049094248563051224,0.5955692529678345,0.37043681740760803,-0.0701211616396904,0.5793401002883911,0.3013659417629242,-0.0877905935049057,0.72589111328125,0.5455823540687561,-0.0327102355659008,0.7194900512695312,0.39768239855766296,-0.05221698433160782,0.7189139127731323,0.30774763226509094,-0.07143331319093704,0.7182919979095459,0.2327994406223297,-0.08739437907934189,0.7867016196250916,0.55306077003479,-0.046317730098962784,0.7920392155647278,0.41167259216308594,-0.07597822695970535,0.7934144735336304,0.32595106959342957,-0.09917593747377396,0.7909205555915833,0.2485944926738739,-0.11621054261922836,0.8441116809844971,0.5900465846061707,-0.0630030632019043,0.8903199434280396,0.4953101873397827,-0.09463058412075043,0.9202695488929749,0.4288066327571869,-0.11226610094308853,0.9427521228790283,0.36486726999282837,-0.12470599263906479,5
0.7769179344177246,0.8936645984649658,6.573454811586998e-07,0.6789398789405823,0.8511502742767334,-0.03617077320814133,0.5934315919876099,0.766864001750946,-0.055496521294116974,0.5242493152618408,0.704120397567749,-0.0735706239938736,0.4624449610710144,0.6696354150772095,-0.0920955166220665,0.663011908531189,0.5733045339584351,-0.027112768962979317,0.6192091703414917,0.45051783323287964,-0.05087118595838547,0.5957679748535156,0.37071871757507324,-0.07189061492681503,0.5795544385910034,0.3013467788696289,-0.08953690528869629,0.7261751294136047,0.5465642213821411,-0.03363163396716118,0.720103919506073,0.3978937864303589,-0.05325351282954216,0.7192632555961609,0.3081429600715637,-0.0724530890583992,0.7185932397842407,0.23336154222488403,-0.08843007683753967,0.7864396572113037,0.5536679029464722,-0.04657185822725296,0.7922172546386719,0.412276953458786,-0.07617945969104767,0.7935175895690918,0.3262178301811218,-0.09950471669435501,0.7912517189979553,0.24854227900505066,-0.11670953035354614,0.8435477614402771,0.5901469588279724,-0.0626790001988411,0.8900291323661804,0.4951941967010498,-0.09415289759635925,0.9201878309249878,0.4288630187511444,-0.11181400716304779,0.943038821220398,0.3651282489299774,-0.1243324801325798,5
0.7768261432647705,0.8951900005340576,6.501168172690086e-07,0.6789857745170593,0.8519442081451416,-0.035094644874334335,0.593485414981842,0.7661161422729492,-0.053729016333818436,0.5243765115737915,0.7042486071586609,-0.07133323699235916,0.4623314142227173,0.6713958382606506,-0.08948542177677155,0.6626767516136169,0.5724620819091797,-0.026031970977783203,0.6192202568054199,0.4495910704135895,-0.049618326127529144,0.5959627032279968,0.36974039673805237,-0.07047105580568314,0.5797045230865479,0.3006642460823059,-0.0880102664232254,0.7259071469306946,0.5462692975997925,-0.03311344236135483,0.7197182774543762,0.3976758122444153,-0.05275567248463631,0.7188493013381958,0.30774012207984924,-0.07192621380090714,0.7180395126342773,0.23300927877426147,-0.08781958371400833,0.7864515781402588,0.5537658333778381,-0.04656938835978508,0.792219877243042,0.4123017489910126,-0.07624959945678711,0.7935951948165894,0.32647383213043213,-0.09954184293746948,0.7912998795509338,0.24893513321876526,-0.11665094643831253,0.8436547517776489,0.5906183123588562,-0.06310751289129257,0.889952540397644,0.4955926239490509,-0.09477053582668304,0.920061469078064,0.42898234724998474,-0.11257732659578323,0.9427998065948486,0.364934504032135,-0.12515291571617126,5
0.7769145965576172,0.8924674987792969,6.569583206328389e-07,0.6789138317108154,0.8491978049278259,-0.03522012382745743,0.5938458442687988,0.7656021118164062,-0.05452681705355644,0.5250608921051025,0.7031923532485962,-0.07273171842098236,0.4633447229862213,0.6699283123016357,-0.0915350690484047,0.6625031232833862,0.5725740194320679,-0.027219457551836967,0.6188891530036926,0.44971418380737305,-0.050957076251506805,0.595770001411438,0.37002384662628174,-0.07193080335855484,0.5800105929374695,0.30095329880714417,-0.08953113853931427,0.7261499166488647,0.5459173321723938,-0.03416164591908455,0.7200784087181091,0.39674055576324463,-0.0536450557410717,0.7194429039955139,0.3070898652076721,-0.07281728833913803,0.7189915776252747,0.2325950264930725,-0.08887915313243866,0.7868539690971375,0.5530511140823364,-0.04736274480819702,0.7925242781639099,0.4112184941768646,-0.07662732154130936,0.79364013671875,0.3252359628677368,-0.09994331002235413,0.7912834286689758,0.24809366464614868,-0.11731939762830734,0.8441426157951355,0.5895403623580933,-0.06362280249595642,0.8902556300163269,0.4947608411312103,-0.09476341307163239,0.9201250076293945,0.42860108613967896,-0.11228161305189133,0.942669689655304,0.3653603494167328,-0.12481632828712463,5
0.7789747714996338,0.8955422043800354,6.455396146520798e-07,0.6798591017723083,0.8519113659858704,-0.03399253636598587,0.5935871005058289,0.7656471133232117,-0.05203685536980629,0.5244863033294678,0.7026371359825134,-0.06923409551382065,0.4624948799610138,0.6707537174224854,-0.0870003029704094,0.6636213660240173,0.5729345679283142,-0.0248115137219429,0.6194360852241516,0.4495996832847595,-0.0479762889444828,0.5959612131118774,0.3694770932197571,-0.06858029216527939,0.5796815752983093,0.30011382699012756,-0.08607296645641327,0.7268746495246887,0.5460211634635925,-0.03236253932118416,0.7202046513557434,0.397070050239563,-0.05177508294582367,0.7193989157676697,0.3067513704299927,-0.07085952162742615,0.7186289429664612,0.23200839757919312,-0.08672440052032471,0.7873319387435913,0.5526935458183289,-0.046207673847675323,0.7922149896621704,0.4102404713630676,-0.07573007792234421,0.7933037877082825,0.3239569365978241,-0.09910709410905838,0.7908341288566589,0.2465914785861969,-0.1163758710026741,0.8444517254829407,0.5889527797698975,-0.06304675340652466,0.8911031484603882,0.494565486907959,-0.09485135972499847,0.9211615920066833,0.4278542697429657,-0.11298853904008865,0.9438768029212952,0.3641105890274048,-0.12584944069385529,5
0.7766769528388977,0.8945275545120239,6.490512873824628e-07,0.6782248020172119,0.8513785600662231,-0.0350448377430439,0.5924913287162781,0.7657414078712463,-0.05377490818500519,0.5238161087036133,0.7028233408927917,-0.07142461091279984,0.4623660445213318,0.6700960993766785,-0.08969761431217194,0.6632478833198547,0.5726521015167236,-0.026876283809542656,0.6192563772201538,0.44977402687072754,-0.050696227699518204,0.5958689451217651,0.3700771927833557,-0.07178648561239243,0.5798017382621765,0.30081725120544434,-0.08951044827699661,0.7266426682472229,0.5459538698196411,-0.034002676606178284,0.720281183719635,0.39680737257003784,-0.05387607589364052,0.7193048000335693,0.30674421787261963,-0.07340233027935028,0.7185359597206116,0.23171469569206238,-0.08961694687604904,0.7867642641067505,0.5526456236839294,-0.04739007726311684,0.7925697565078735,0.4105066657066345,-0.07725391536951065,0.7940225601196289,0.3241914212703705,-0.10093105584383011,0.7917932868003845,0.24648189544677734,-0.11841114610433578,0.8432261943817139,0.5888160467147827,-0.06382560729980469,0.890150785446167,0.4943940043449402,-0.09574571251869202,0.9207145571708679,0.4280358850955963,-0.11379128694534302,0.9438152313232422,0.3646599352359772,-0.12657535076141357,5
0.779222846031189,0.8945202827453613,6.40959513020789e-07,0.6808103322982788,0.8514458537101746,-0.033908065408468246,0.5941873788833618,0.7654147744178772,-0.05201413482427597,0.5250545740127563,0.7023696303367615,-0.06906558573246002,0.4629957377910614,0.6707860231399536,-0.0866776779294014,0.6628553867340088,0.5723422169685364,-0.025949612259864807,0.6192551255226135,0.44932234287261963,-0.04878256842494011,0.5962272882461548,0.36973845958709717,-0.06900811940431595,0.5802287459373474,0.3012206256389618,-0.08614524453878403,0.7266161441802979,0.5455036759376526,-0.033181432634592056,0.7203022837638855,0.3962384760379791,-0.05209972709417343,0.7194238901138306,0.3064877688884735,-0.07075035572052002,0.7183735370635986,0.2324778437614441,-0.0863683894276619,0.7876075506210327,0.5523883700370789,-0.04653576388955116,0.7926586866378784,0.410442978143692,-0.07544706761837006,0.7934958934783936,0.3246026635169983,-0.09859959036111832,0.7907082438468933,0.2480563521385193,-0.11579865962266922,0.8450064659118652,0.5885734558105469,-0.06280940026044846,0.8909085988998413,0.49367016553878784,-0.09386635571718216,0.9208336472511292,0.42762911319732666,-0.11148971319198608,0.9433423280715942,0.36486589908599854,-0.12404847890138626,5
0.7782300710678101,0.8944255113601685,6.530290761475044e-07,0.6795034408569336,0.8504186868667603,-0.0355633869767189,0.5938244462013245,0.7651286125183105,-0.05486685782670975,0.5245716571807861,0.7027305960655212,-0.07310163229703903,0.46300262212753296,0.6687889099121094,-0.09180758148431778,0.6637272238731384,0.5730605721473694,-0.026737652719020844,0.619621217250824,0.44969281554222107,-0.0507735051214695,0.5960898399353027,0.37028372287750244,-0.0720302164554596,0.5797898769378662,0.301045298576355,-0.089815653860569,0.7269371747970581,0.5462484359741211,-0.03373344987630844,0.72017902135849,0.3974763751029968,-0.05375449359416962,0.7192716002464294,0.30781349539756775,-0.07338330149650574,0.7187355160713196,0.23297232389450073,-0.08966360241174698,0.7870269417762756,0.5526888966560364,-0.04709389805793762,0.7926439642906189,0.41061508655548096,-0.07695240527391434,0.7941188812255859,0.3248458504676819,-0.10033229738473892,0.7921059131622314,0.24743226170539856,-0.11757764965295792,0.8435551524162292,0.5885690450668335,-0.06358765810728073,0.8898988962173462,0.49419108033180237,-0.0953075960278511,0.9202356934547424,0.427865207195282,-0.11305228620767593,0.9432826042175293,0.3642377555370331,-0.12558938562870026,5
0.7788363695144653,0.8941937685012817,6.606289844057756e-07,0.6805779337882996,0.8503740429878235,-0.03454325348138809,0.5948539972305298,0.7654769420623779,-0.053359437733888626,0.5253729820251465,0.7032753825187683,-0.0711885392665863,0.46379542350769043,0.6686379909515381,-0.08942757546901703,0.6633462905883789,0.5718744993209839,-0.025213638320565224,0.6197412014007568,0.44906318187713623,-0.04814998432993889,0.5965943336486816,0.3700703978538513,-0.0685969889163971,0.5807087421417236,0.301712304353714,-0.08582273125648499,0.7270342707633972,0.5455280542373657,-0.03244217485189438,0.7203801274299622,0.3958597779273987,-0.05129111930727959,0.7195256948471069,0.3057269752025604,-0.07013794779777527,0.7187061309814453,0.2317151427268982,-0.0859079584479332,0.7878665924072266,0.5526659488677979,-0.046003974974155426,0.7928269505500793,0.4109720289707184,-0.07483766227960587,0.7938661575317383,0.32499605417251587,-0.09798763692378998,0.7912093997001648,0.24841564893722534,-0.11519136279821396,0.8451714515686035,0.5888418555259705,-0.06258704513311386,0.8907539248466492,0.4936160743236542,-0.09329615533351898,0.9203826189041138,0.4274511933326721,-0.11067201942205429,0.9426125288009644,0.36433619260787964,-0.12309987843036652,5
0.7768454551696777,0.8954116106033325,6.482165417764918e-07,0.679356038570404,0.8516286611557007,-0.03523671254515648,0.5943642854690552,0.7654449939727783,-0.05388454347848892,0.5252203941345215,0.7024871110916138,-0.07144046574831009,0.4632922410964966,0.6690660119056702,-0.08950059115886688,0.6632821559906006,0.5724488496780396,-0.025803470984101295,0.6195206642150879,0.44890522956848145,-0.04917183890938759,0.5962377786636353,0.3691965937614441,-0.06998885422945023,0.5802544951438904,0.29984423518180847,-0.08760340511798859,0.7268809676170349,0.5463840365409851,-0.03283322602510452,0.7200874090194702,0.3975937068462372,-0.05258713662624359,0.719452440738678,0.30753442645072937,-0.07224968075752258,0.7189580798149109,0.23228886723518372,-0.08861421048641205,0.7872331738471985,0.5533469915390015,-0.046222053468227386,0.792601466178894,0.41159772872924805,-0.07617953419685364,0.7942035794258118,0.32586315274238586,-0.09994334727525711,0.7920645475387573,0.24811142683029175,-0.11748147010803223,0.8439462184906006,0.589198112487793,-0.06266508996486664,0.8900882005691528,0.494570791721344,-0.0945689007639885,0.9204632639884949,0.4286145567893982,-0.11264695227146149,0.9432640671730042,0.36499008536338806,-0.12551523745059967,5
0.777303159236908,0.8930239677429199,6.571224844265089e-07,0.6801708936691284,0.8495728969573975,-0.03483470901846886,0.5948120951652527,0.7651634812355042,-0.05408911406993866,0.5254138112068176,0.7031590342521667,-0.07226944714784622,0.46348726749420166,0.6701310873031616,-0.09096509963274002,0.6626681685447693,0.5729497671127319,-0.02688824199140072,0.6192867755889893,0.4501379132270813,-0.05056598410010338,0.5961633920669556,0.37066808342933655,-0.07139640301465988,0.5804151296615601,0.30202361941337585,-0.0888911560177803,0.7264278531074524,0.5463874936103821,-0.034060731530189514,0.7202591300010681,0.397327721118927,-0.053741540759801865,0.7199463248252869,0.3073517978191376,-0.07284756749868393,0.7196604609489441,0.23267364501953125,-0.08880282938480377,0.787489116191864,0.553252100944519,-0.04749877750873566,0.7925274968147278,0.4112154245376587,-0.07691814005374908,0.793354332447052,0.3247368037700653,-0.10020783543586731,0.7905645966529846,0.24721330404281616,-0.11754655092954636,0.845107913017273,0.589186429977417,-0.06393177062273026,0.890549898147583,0.49337512254714966,-0.09483402967453003,0.9201201796531677,0.4270703196525574,-0.11216981709003448,0.9421225786209106,0.363706111907959,-0.12469126284122467,5
0.7782644629478455,0.8950567245483398,6.52383562282921e-07,0.6803760528564453,0.8506879806518555,-0.034820690751075745,0.5946069359779358,0.7642384171485901,-0.053469520062208176,0.5247609615325928,0.7017574310302734,-0.07109919935464859,0.46232640743255615,0.6694339513778687,-0.08921617269515991,0.6626448631286621,0.5729631185531616,-0.02551925927400589,0.6190882921218872,0.4495197534561157,-0.048939745873212814,0.5959047079086304,0.3696783185005188,-0.06960092484951019,0.5799996852874756,0.30074360966682434,-0.0869932696223259,0.7261520028114319,0.5467333793640137,-0.03262783959507942,0.7199246287345886,0.398032546043396,-0.05226823687553406,0.7193059325218201,0.3082352578639984,-0.07142497599124908,0.7187832593917847,0.23333925008773804,-0.08726947754621506,0.7868488430976868,0.5535856485366821,-0.04607617110013962,0.7917960286140442,0.4114506244659424,-0.07585761696100235,0.7928022146224976,0.3253921866416931,-0.09914159774780273,0.790408730506897,0.24764564633369446,-0.11622843891382217,0.8440786600112915,0.589174747467041,-0.06253518164157867,0.8897801041603088,0.49431246519088745,-0.09422418475151062,0.9198127388954163,0.4280434548854828,-0.11194571852684021,0.9426134824752808,0.364274263381958,-0.12445700168609619,5
0.7772504091262817,0.8947170972824097,6.639275511588494e-07,0.6797476410865784,0.8494694828987122,-0.03469211235642433,0.593952476978302,0.76435387134552,-0.05405522510409355,0.524622917175293,0.7015168070793152,-0.07252806425094604,0.46277573704719543,0.667522668838501,-0.09145606309175491,0.6632797718048096,0.5721514225006104,-0.026314733549952507,0.6195553541183472,0.44866371154785156,-0.05013751983642578,0.5964146256446838,0.3697609305381775,-0.0711342990398407,0.5806535482406616,0.3007567226886749,-0.08875848352909088,0.7270374894142151,0.5459173321723938,-0.033865541219711304,0.7201569676399231,0.3969149887561798,-0.05350016802549362,0.7194143533706665,0.30687060952186584,-0.07283231616020203,0.718961775302887,0.23183280229568481,-0.08899221569299698,0.7879835367202759,0.5529681444168091,-0.04770919308066368,0.7925953269004822,0.4114747643470764,-0.07708053290843964,0.793602705001831,0.3257670998573303,-0.1001376211643219,0.7910684943199158,0.24892684817314148,-0.11729828268289566,0.8454378247261047,0.5891995429992676,-0.06462182104587555,0.8907027840614319,0.49418917298316956,-0.09561244398355484,0.9201580286026001,0.42788422107696533,-0.11291457712650299,0.9421830773353577,0.36439836025238037,-0.12530386447906494,5
0.7800416946411133,0.8953684568405151,6.463166073444881e-07,0.6824354529380798,0.8516766428947449,-0.034355320036411285,0.5959259271621704,0.7647006511688232,-0.05287439748644829,0.5261192917823792,0.701852023601532,-0.07041138410568237,0.46419405937194824,0.6689815521240234,-0.08841504901647568,0.6636412143707275,0.5735278725624084,-0.025953644886612892,0.6195811033248901,0.44987088441848755,-0.04944157600402832,0.5963271856307983,0.37011250853538513,-0.0699838176369667,0.580303966999054,0.30152440071105957,-0.0872562974691391,0.7272858023643494,0.5472525954246521,-0.03331094980239868,0.7201021909713745,0.3974679708480835,-0.0529710054397583,0.7191411256790161,0.30727824568748474,-0.07188495993614197,0.7181867361068726,0.23289689421653748,-0.08751873672008514,0.7884071469306946,0.5541219711303711,-0.04692957550287247,0.7919793128967285,0.4112693667411804,-0.07643122971057892,0.7923963665962219,0.32475993037223816,-0.09941120445728302,0.7893961668014526,0.24744930863380432,-0.11635750532150269,0.8462453484535217,0.5897653102874756,-0.06353278458118439,0.8909516334533691,0.4941614866256714,-0.0946333035826683,0.9201655983924866,0.4274197816848755,-0.11197296530008316,0.9420778751373291,0.3636755347251892,-0.1243482381105423,5
0.7777246236801147,0.8953920602798462,6.612928018512321e-07,0.6800662875175476,0.8509430885314941,-0.035149265080690384,0.5937153100967407,0.7647472620010376,-0.05431373789906502,0.5241333842277527,0.7013221979141235,-0.07240808010101318,0.4624340832233429,0.6673076748847961,-0.09099333733320236,0.6635898947715759,0.5733076930046082,-0.026919638738036156,0.619589626789093,0.44949713349342346,-0.05105828121304512,0.5961964130401611,0.3698071241378784,-0.07224582880735397,0.580179750919342,0.3005598187446594,-0.08997523784637451,0.7270591855049133,0.5466578602790833,-0.03409787639975548,0.7203311324119568,0.39740484952926636,-0.05424635857343674,0.7194175720214844,0.3072064220905304,-0.0738346204161644,0.7188091278076172,0.2319752275943756,-0.09005875140428543,0.7875075340270996,0.5533096790313721,-0.04757504537701607,0.7925785779953003,0.4113692045211792,-0.07746842503547668,0.7934961318969727,0.3248823285102844,-0.10090482234954834,0.7910662293434143,0.2471250295639038,-0.11823726445436478,0.8442354798316956,0.5893529057502747,-0.0641104057431221,0.8903224468231201,0.4944372773170471,-0.09577341377735138,0.9203885793685913,0.42775392532348633,-0.1135479286313057,0.9431356191635132,0.3638876676559448,-0.1261792778968811,5
0.7807146906852722,0.8968642950057983,6.556621201525559e-07,0.683032214641571,0.8525077104568481,-0.03409716114401817,0.5960817933082581,0.7650361061096191,-0.052519384771585464,0.5261629819869995,0.7017006874084473,-0.06998713314533234,0.46381670236587524,0.6678492426872253,-0.08783739060163498,0.6634460687637329,0.5718395709991455,-0.024923313409090042,0.6196857690811157,0.4475853741168976,-0.04769643396139145,0.5968657732009888,0.36835765838623047,-0.0680001974105835,0.5811082124710083,0.2996586859226227,-0.08522902429103851,0.7276198863983154,0.5456545948982239,-0.03238493204116821,0.7207277417182922,0.39619919657707214,-0.051125477999448776,0.7201489210128784,0.3067281246185303,-0.06985393911600113,0.7194945216178894,0.2328919768333435,-0.08559338003396988,0.7890649437904358,0.5528512597084045,-0.046132542192935944,0.7931445837020874,0.4110487699508667,-0.07473061233758926,0.793628454208374,0.32524800300598145,-0.09752663224935532,0.7907049655914307,0.24869278073310852,-0.11462007462978363,0.8467775583267212,0.589072048664093,-0.06290218979120255,0.8911638259887695,0.4936518967151642,-0.09331648796796799,0.9203925132751465,0.42742857336997986,-0.11041083931922913,0.9423477053642273,0.3640327453613281,-0.12276503443717957,5
0.7771294713020325,0.8964518308639526,6.569811716872209e-07,0.6801982522010803,0.8515484929084778,-0.034887708723545074,0.5940729379653931,0.7651287317276001,-0.054121728986501694,0.5250752568244934,0.7020687460899353,-0.0723661556839943,0.46378469467163086,0.6679906845092773,-0.0911073237657547,0.6638006567955017,0.5737527012825012,-0.02726329304277897,0.6198919415473938,0.4497075080871582,-0.05174854397773743,0.5964585542678833,0.37031126022338867,-0.07308357954025269,0.5802569389343262,0.30124908685684204,-0.09082023799419403,0.7273793816566467,0.5470684766769409,-0.034663405269384384,0.7207440137863159,0.3978322744369507,-0.05504091456532478,0.7198611497879028,0.3077985346317291,-0.07459982484579086,0.719067394733429,0.23254385590553284,-0.09076786786317825,0.7878401875495911,0.5533660054206848,-0.04834185540676117,0.7928169965744019,0.4113515615463257,-0.07826977223157883,0.7937194108963013,0.32537510991096497,-0.10136836022138596,0.7911678552627563,0.24794912338256836,-0.11844489723443985,0.8444725871086121,0.5889858603477478,-0.06509401649236679,0.8902063965797424,0.4938508868217468,-0.09666670858860016,0.9203472137451172,0.4270790219306946,-0.11418768763542175,0.943195641040802,0.36317694187164307,-0.12662088871002197,5
0.7796372175216675,0.8961520195007324,6.577886324521387e-07,0.6819318532943726,0.851688802242279,-0.03389574587345123,0.5954662561416626,0.7648544311523438,-0.05227762833237648,0.5258342027664185,0.7020097374916077,-0.06978316605091095,0.4640929698944092,0.668914794921875,-0.08770328015089035,0.663347065448761,0.5735722184181213,-0.0249492060393095,0.6196169257164001,0.44935935735702515,-0.047886937856674194,0.5965464115142822,0.3696631193161011,-0.06810445338487625,0.5807333588600159,0.300984263420105,-0.08511673659086227,0.7273299098014832,0.5468470454216003,-0.03238166496157646,0.720891535282135,0.3969172239303589,-0.051055002957582474,0.7202026844024658,0.3067935109138489,-0.06929205358028412,0.7192988395690918,0.23268911242485046,-0.08456938713788986,0.7886057496070862,0.553471565246582,-0.046116288751363754,0.7931019067764282,0.4107571542263031,-0.07439910620450974,0.7934855222702026,0.3244813084602356,-0.09669865667819977,0.7903038859367371,0.2476557195186615,-0.11338139325380325,0.8461761474609375,0.5890541672706604,-0.06289014965295792,0.8911630511283875,0.49280980229377747,-0.09288197010755539,0.9203900098800659,0.4258928894996643,-0.10964072495698929,0.942222535610199,0.36221373081207275,-0.12172429263591766,5
0.779173731803894,0.8960325717926025,6.57566772588325e-07,0.6807472705841064,0.8513517379760742,-0.034595876932144165,0.5937034487724304,0.7638046741485596,-0.0531337670981884,0.5240684747695923,0.7006897330284119,-0.07066579908132553,0.4627799391746521,0.6666553020477295,-0.08863959461450577,0.6637716293334961,0.5726590752601624,-0.025653986260294914,0.6195108294487,0.4485694468021393,-0.04904187470674515,0.5961189270019531,0.3691803216934204,-0.06963922083377838,0.5800177454948425,0.3004729449748993,-0.08692889660596848,0.7274219393730164,0.5459479689598083,-0.03290041163563728,0.720862627029419,0.396871417760849,-0.05238405987620354,0.7195473313331604,0.3070463240146637,-0.07169508934020996,0.718269944190979,0.23207366466522217,-0.0876898393034935,0.7877140045166016,0.5523675084114075,-0.04643303155899048,0.7931057214736938,0.4106336236000061,-0.07584244757890701,0.7939848899841309,0.3242758810520172,-0.09929878264665604,0.7912857532501221,0.2463732659816742,-0.1166665330529213,0.8439223170280457,0.5880665183067322,-0.062974713742733,0.8899553418159485,0.4935886859893799,-0.09450749307870865,0.9203112125396729,0.4272862672805786,-0.11231939494609833,0.9434314966201782,0.3636433780193329,-0.12492598593235016,5
0.7789444327354431,0.8955283164978027,6.626968911405129e-07,0.681986391544342,0.8500182628631592,-0.03503207489848137,0.5950738191604614,0.7633442282676697,-0.05447253957390785,0.5242001414299011,0.7009978890419006,-0.07286974787712097,0.4615194499492645,0.667405903339386,-0.09165368229150772,0.6640902757644653,0.5714150667190552,-0.026849674060940742,0.6202759742736816,0.4473479986190796,-0.05062844604253769,0.5969724059104919,0.3686208426952362,-0.07161929458379745,0.5808250904083252,0.29995498061180115,-0.08919719606637955,0.7277392148971558,0.5452962517738342,-0.033987339586019516,0.7209082245826721,0.39632636308670044,-0.053349707275629044,0.7200019955635071,0.3068287670612335,-0.07255148142576218,0.7191917300224304,0.23213711380958557,-0.08864688873291016,0.7886831760406494,0.5524412393569946,-0.04739870876073837,0.7933952212333679,0.41093626618385315,-0.07645779848098755,0.7945153713226318,0.3252647817134857,-0.09945429861545563,0.7919710874557495,0.24845856428146362,-0.11661475151777267,0.8458759188652039,0.5887022614479065,-0.0638839453458786,0.891218364238739,0.49365150928497314,-0.09467334300279617,0.9212417602539062,0.42757272720336914,-0.11185797303915024,0.9438554048538208,0.3643612563610077,-0.12415283173322678,5
0.7786908745765686,0.8950368165969849,6.565285843862512e-07,0.6814767718315125,0.8500584959983826,-0.0350576713681221,0.594983696937561,0.7637906074523926,-0.05438649281859398,0.5248857140541077,0.7015007138252258,-0.07264422625303268,0.46280330419540405,0.6677775979042053,-0.09123992919921875,0.6638973355293274,0.5713363885879517,-0.026569992303848267,0.6203230619430542,0.4469105899333954,-0.050151724368333817,0.5974358916282654,0.36776626110076904,-0.07085117697715759,0.5816437005996704,0.2992843687534332,-0.08820552378892899,0.7277340888977051,0.5454646348953247,-0.033610135316848755,0.7209270000457764,0.3963278830051422,-0.05322709679603577,0.7198917269706726,0.3072012960910797,-0.0724286362528801,0.7187733054161072,0.23293104767799377,-0.08842140436172485,0.7884711027145386,0.5523256063461304,-0.046955790370702744,0.7927108407020569,0.41051727533340454,-0.07640895247459412,0.7936143279075623,0.32493138313293457,-0.0995062068104744,0.7910178303718567,0.2482294738292694,-0.11662773042917252,0.8453058004379272,0.5879066586494446,-0.06336454302072525,0.8903921842575073,0.49288052320480347,-0.09459970146417618,0.9204589128494263,0.4267948269844055,-0.11208667606115341,0.9432024955749512,0.3635217547416687,-0.12453579157590866,5
0.778754711151123,0.8941949605941772,6.535324814649357e-07,0.6816715598106384,0.8500968813896179,-0.03458423912525177,0.5952537655830383,0.7637384533882141,-0.05342787876725197,0.5254967212677002,0.7011398673057556,-0.0711735412478447,0.4633098840713501,0.6674376130104065,-0.08933667838573456,0.6637964248657227,0.5715720653533936,-0.02629701979458332,0.6205244064331055,0.4481021463871002,-0.049406833946704865,0.5977396965026855,0.3694019019603729,-0.0698959082365036,0.5820144414901733,0.3011552393436432,-0.08724077045917511,0.7276592254638672,0.5452821850776672,-0.033539969474077225,0.7206315994262695,0.3957744836807251,-0.052812036126852036,0.7195625305175781,0.3060339093208313,-0.07201161980628967,0.7184750437736511,0.2315327227115631,-0.08815088868141174,0.7886428236961365,0.5521835684776306,-0.047011781483888626,0.7926436066627502,0.41063201427459717,-0.07630229741334915,0.7934284210205078,0.3247290849685669,-0.09987563639879227,0.7906376123428345,0.247727632522583,-0.11749763041734695,0.8458684682846069,0.5880188345909119,-0.06344892084598541,0.8908286094665527,0.4929167628288269,-0.09465889632701874,0.9208616018295288,0.42714840173721313,-0.11243583261966705,0.9433947205543518,0.3640822172164917,-0.12526243925094604,5
0.779677152633667,0.8945048451423645,6.548056603605801e-07,0.6817630529403687,0.8503312468528748,-0.0340583510696888,0.5949808955192566,0.763748288154602,-0.05239337682723999,0.5255228281021118,0.7011395692825317,-0.06979058682918549,0.464015394449234,0.6666271686553955,-0.08762616664171219,0.6638801097869873,0.5717508792877197,-0.025055788457393646,0.6205393671989441,0.44823235273361206,-0.04799824580550194,0.5977239012718201,0.3692375421524048,-0.06839916855096817,0.5819008946418762,0.30085304379463196,-0.08562575280666351,0.7274336218833923,0.5454263687133789,-0.03252136707305908,0.7207604050636292,0.39575737714767456,-0.05167635902762413,0.7197156548500061,0.30559301376342773,-0.07079429179430008,0.7186264395713806,0.23065686225891113,-0.08675488829612732,0.7879836559295654,0.5523698329925537,-0.0462476871907711,0.7927073240280151,0.41021543741226196,-0.07545644789934158,0.7936408519744873,0.32403308153152466,-0.0989731103181839,0.7910173535346985,0.24665895104408264,-0.11645962297916412,0.8447674512863159,0.588405191898346,-0.06291428208351135,0.8904305696487427,0.49304139614105225,-0.0942518338561058,0.9209211468696594,0.4265214204788208,-0.1121140792965889,0.9441366195678711,0.3626205027103424,-0.12487348914146423,5
0.7798606157302856,0.8947063088417053,6.504936322926369e-07,0.6816526055335999,0.8503171801567078,-0.03414902463555336,0.5944390892982483,0.7636579275131226,-0.052747633308172226,0.5249861478805542,0.7007316946983337,-0.07029622793197632,0.4638004004955292,0.6661728620529175,-0.08826392889022827,0.6640621423721313,0.5715879201889038,-0.026494700461626053,0.6201419830322266,0.4469909071922302,-0.04994050785899162,0.5972161889076233,0.36787694692611694,-0.07057081907987595,0.5813848376274109,0.29907697439193726,-0.08796825259923935,0.727740466594696,0.5448343753814697,-0.03393920883536339,0.7206252217292786,0.3957633674144745,-0.053463585674762726,0.719671368598938,0.3062489330768585,-0.07281825691461563,0.7187307476997375,0.2321106195449829,-0.08902477473020554,0.7882776260375977,0.5516200065612793,-0.047528378665447235,0.792895495891571,0.41007575392723083,-0.07704327255487442,0.7939656972885132,0.32438093423843384,-0.10056998580694199,0.7914538979530334,0.24766048789024353,-0.11811716109514236,0.8449004292488098,0.5879536867141724,-0.06404267251491547,0.8909176588058472,0.4934937357902527,-0.09597691148519516,0.9213265776634216,0.42711156606674194,-0.11415635794401169,0.9442930817604065,0.3635064959526062,-0.12706388533115387,5
0.78026282787323,0.8950421810150146,6.550234843416547e-07,0.6819437742233276,0.850472629070282,-0.03487463295459747,0.5951700210571289,0.7639662623405457,-0.053719766438007355,0.5250510573387146,0.7006681561470032,-0.07140491902828217,0.46338921785354614,0.6658095121383667,-0.0894375592470169,0.6642388701438904,0.5713419318199158,-0.026286516338586807,0.6208043694496155,0.4470190405845642,-0.04950885847210884,0.5977872610092163,0.3680111765861511,-0.07016182690858841,0.5817800164222717,0.2991783022880554,-0.08756999671459198,0.7274476289749146,0.5447914600372314,-0.03335558623075485,0.7209734320640564,0.39566686749458313,-0.05261034145951271,0.7201405763626099,0.30600422620773315,-0.07184107601642609,0.7192491888999939,0.2315872609615326,-0.087909996509552,0.787649929523468,0.5518617630004883,-0.04666531831026077,0.7932509779930115,0.409872829914093,-0.0760418027639389,0.7948230504989624,0.3238465189933777,-0.09950452297925949,0.7924622297286987,0.24663016200065613,-0.11692558228969574,0.8442543745040894,0.5881966352462769,-0.06296586990356445,0.8909457325935364,0.49293777346611023,-0.09456613659858704,0.9215185642242432,0.42667433619499207,-0.11233896762132645,0.9445260763168335,0.3633913993835449,-0.12491628527641296,5
0.7794761657714844,0.8945630192756653,6.611080038965156e-07,0.6812787652015686,0.8496781587600708,-0.03516265004873276,0.5945614576339722,0.7634548544883728,-0.05436764284968376,0.5242866277694702,0.7010583877563477,-0.07236362248659134,0.46249812841415405,0.6658444404602051,-0.0906907320022583,0.6639010310173035,0.5706812143325806,-0.027287425473332405,0.6203809976577759,0.44604218006134033,-0.051013801246881485,0.5975074172019958,0.36703360080718994,-0.07183659821748734,0.5819308757781982,0.2979763150215149,-0.08929271250963211,0.727347195148468,0.5441388487815857,-0.03427678346633911,0.7208421230316162,0.39525115489959717,-0.05373009294271469,0.7200312614440918,0.3058761954307556,-0.07289981096982956,0.7192428708076477,0.2317955195903778,-0.08893496543169022,0.7878751158714294,0.5514081716537476,-0.047513511031866074,0.793829619884491,0.4096819758415222,-0.07697149366140366,0.7957708835601807,0.3241634666919708,-0.10010360926389694,0.7936007380485535,0.24749737977981567,-0.11727052927017212,0.844711184501648,0.5880712866783142,-0.06377916783094406,0.8917032480239868,0.493125319480896,-0.09543301910161972,0.9220719933509827,0.42685067653656006,-0.11309278011322021,0.9446978569030762,0.36342573165893555,-0.12554877996444702,5
0.7805405855178833,0.8963088989257812,6.535036618515733e-07,0.6825336813926697,0.8512893319129944,-0.03536142408847809,0.5960208177566528,0.7642689943313599,-0.054625630378723145,0.5256774425506592,0.7019283175468445,-0.07275950163602829,0.4633496105670929,0.6667883396148682,-0.09127600491046906,0.6643028259277344,0.5724433660507202,-0.027151165530085564,0.6208678483963013,0.4467660188674927,-0.051467668265104294,0.5979711413383484,0.3670177459716797,-0.07278334349393845,0.5821593999862671,0.29739636182785034,-0.09057848155498505,0.7278838753700256,0.5457341074943542,-0.03429631143808365,0.7210865616798401,0.39659664034843445,-0.054609473794698715,0.7201216220855713,0.30661797523498535,-0.07469933480024338,0.719154417514801,0.2313486635684967,-0.09133794903755188,0.7884215712547302,0.5526210069656372,-0.04770160838961601,0.7937811613082886,0.41021087765693665,-0.07774484902620316,0.7956889271736145,0.32447609305381775,-0.1012556180357933,0.7935822010040283,0.24717271327972412,-0.11862669885158539,0.8452848792076111,0.5889190435409546,-0.06416349112987518,0.8914859294891357,0.4940112233161926,-0.09595685452222824,0.9216042160987854,0.42763134837150574,-0.11363181471824646,0.9441606402397156,0.3639202415943146,-0.12612316012382507,5
0.779462993144989,0.895769476890564,6.632624263147591e-07,0.6822733879089355,0.850074291229248,-0.03510966897010803,0.5956752300262451,0.764008641242981,-0.054602984338998795,0.5256983041763306,0.7018546462059021,-0.0728536993265152,0.464114785194397,0.6673452258110046,-0.09156768023967743,0.664603590965271,0.5719901323318481,-0.02865457721054554,0.6208885312080383,0.4466046690940857,-0.053232014179229736,0.5976764559745789,0.36694782972335815,-0.07457704842090607,0.5818310976028442,0.29756367206573486,-0.0922965481877327,0.7285962104797363,0.5453476905822754,-0.035840265452861786,0.721871554851532,0.3959943950176239,-0.056279078125953674,0.7203276753425598,0.30567190051078796,-0.0763322040438652,0.7189147472381592,0.23039421439170837,-0.09297681599855423,0.7893840074539185,0.5523682236671448,-0.049130044877529144,0.7951418161392212,0.4109039306640625,-0.07917805016040802,0.7963507771492004,0.3247002363204956,-0.10292531549930573,0.7937042117118835,0.24763581156730652,-0.12052755802869797,0.8459910154342651,0.5890530347824097,-0.06538105010986328,0.8924050331115723,0.49403369426727295,-0.09727155417203903,0.9226388931274414,0.4277867376804352,-0.1150502860546112,0.9452711939811707,0.36460474133491516,-0.12762248516082764,5
0.7802490592002869,0.8967902064323425,6.513977837130369e-07,0.6827508211135864,0.8517711162567139,-0.0343317836523056,0.5960800647735596,0.7649461030960083,-0.053085219115018845,0.526321530342102,0.7017757296562195,-0.07081111520528793,0.4644876718521118,0.6662769913673401,-0.0888199433684349,0.664104700088501,0.5725377202033997,-0.02578374184668064,0.6209955215454102,0.4475049376487732,-0.049121543765068054,0.5982192158699036,0.36817485094070435,-0.06960371881723404,0.5825248956680298,0.2997720539569855,-0.08672048896551132,0.7276847958564758,0.5458881855010986,-0.03299142047762871,0.721540093421936,0.3964456617832184,-0.052141450345516205,0.7208686470985413,0.3069327473640442,-0.07087203115224838,0.7201110124588013,0.23302942514419556,-0.08644713461399078,0.7884576320648193,0.5524260997772217,-0.04646322503685951,0.7942806482315063,0.41000163555145264,-0.07549156248569489,0.7960138320922852,0.3243134021759033,-0.09823682904243469,0.7939819097518921,0.24785280227661133,-0.11508198082447052,0.845330536365509,0.5883634686470032,-0.06293866038322449,0.8918033242225647,0.4935801923274994,-0.09408622235059738,0.9221404790878296,0.4276266396045685,-0.11137769371271133,0.9450309872627258,0.36486580967903137,-0.12353193014860153,5
0.779140055179596,0.8962329626083374,6.563203100995452e-07,0.6820249557495117,0.8506124019622803,-0.03462652117013931,0.595047116279602,0.7640017867088318,-0.053767357021570206,0.5255492925643921,0.7013885974884033,-0.07172982394695282,0.46438896656036377,0.666668713092804,-0.09017043560743332,0.6642976403236389,0.5730259418487549,-0.028353683650493622,0.6207190155982971,0.44761180877685547,-0.05284298583865166,0.597504198551178,0.3677763342857361,-0.07402265071868896,0.5816175937652588,0.29846441745758057,-0.09160223603248596,0.7281763553619385,0.5461774468421936,-0.035714760422706604,0.7214785814285278,0.3971334993839264,-0.05616025999188423,0.7199774384498596,0.3068866431713104,-0.0761309415102005,0.7185676097869873,0.23156169056892395,-0.09264953434467316,0.7888892889022827,0.552806556224823,-0.049126025289297104,0.7947261929512024,0.4114447832107544,-0.0791732668876648,0.7958944439888,0.3251512050628662,-0.10289405286312103,0.7932316064834595,0.24784323573112488,-0.12043190002441406,0.8453428745269775,0.5892008543014526,-0.06544359028339386,0.8919336795806885,0.4941868782043457,-0.09716902673244476,0.9221190810203552,0.4279611110687256,-0.11480827629566193,0.9447150826454163,0.3649393916130066,-0.12728174030780792,5
0.7801830768585205,0.8957791328430176,6.611224421249062e-07,0.6823593378067017,0.850576639175415,-0.03405530005693436,0.595782995223999,0.7638095021247864,-0.05258587747812271,0.525637149810791,0.7012618780136108,-0.07027746737003326,0.4635375142097473,0.6668931841850281,-0.08831337839365005,0.6642152070999146,0.5721378326416016,-0.024502310901880264,0.6212865114212036,0.4477424919605255,-0.04742114990949631,0.5986313819885254,0.3685380220413208,-0.06773938983678818,0.5830848217010498,0.29994118213653564,-0.08483105897903442,0.7281168103218079,0.545389711856842,-0.032101791352033615,0.722061038017273,0.3962465822696686,-0.05077669769525528,0.7209461331367493,0.306387722492218,-0.06951834261417389,0.7196603417396545,0.23215728998184204,-0.08523248881101608,0.7890321016311646,0.5521260499954224,-0.04603252187371254,0.7947872281074524,0.4105510711669922,-0.07475220412015915,0.7958947420120239,0.324724018573761,-0.09759613126516342,0.7930845618247986,0.2480703890323639,-0.11463455110788345,0.845976710319519,0.5883046388626099,-0.06298725306987762,0.8921977281570435,0.49363023042678833,-0.09383785724639893,0.9223359823226929,0.4277741312980652,-0.11101989448070526,0.9448966383934021,0.3650522828102112,-0.12324775755405426,5
0.77950119972229,0.8945461511611938,6.574226745215128e-07,0.682746946811676,0.8499280214309692,-0.035054173320531845,0.5965151190757751,0.7638940811157227,-0.054333049803972244,0.5265841484069824,0.7020384073257446,-0.07247970253229141,0.4649285674095154,0.6669929027557373,-0.09098324924707413,0.6639913320541382,0.5725783109664917,-0.027441443875432014,0.6210383772850037,0.44798383116722107,-0.05156165733933449,0.5983030796051025,0.3687313497066498,-0.07244519144296646,0.582643449306488,0.30011221766471863,-0.08982086181640625,0.72759610414505,0.545635461807251,-0.0345909409224987,0.7212043404579163,0.39667314291000366,-0.05473608896136284,0.7200932502746582,0.30705490708351135,-0.07435427606105804,0.718876838684082,0.23246735334396362,-0.09056387841701508,0.7883481979370117,0.5521976351737976,-0.04793935641646385,0.7938416004180908,0.4103945195674896,-0.07806611806154251,0.7952830195426941,0.324863463640213,-0.1015067845582962,0.792783260345459,0.24804747104644775,-0.118695467710495,0.8451657295227051,0.5882441401481628,-0.06425242125988007,0.8916134238243103,0.49355822801589966,-0.09615365415811539,0.9219830632209778,0.4273844063282013,-0.11377660185098648,0.9448485970497131,0.364179790019989,-0.12613242864608765,5
0.7805364727973938,0.8932931423187256,6.50909726118698e-07,0.6829473972320557,0.8501593470573425,-0.035021860152482986,0.5961642861366272,0.765042245388031,-0.05415915697813034,0.5265904068946838,0.7019432187080383,-0.07209111750125885,0.46546119451522827,0.6661633253097534,-0.09045448154211044,0.6645584106445312,0.5728562474250793,-0.027812210842967033,0.6212732791900635,0.4481249749660492,-0.05179945006966591,0.5983098745346069,0.36877530813217163,-0.07272304594516754,0.5826184749603271,0.29970213770866394,-0.09020324796438217,0.7284929752349854,0.5457331538200378,-0.03492126613855362,0.7214759588241577,0.39696210622787476,-0.05495547130703926,0.7198708057403564,0.30682381987571716,-0.07469688355922699,0.718458890914917,0.23192495107650757,-0.09116137027740479,0.7893126010894775,0.5522749423980713,-0.048194918781518936,0.7949856519699097,0.4112522602081299,-0.0780782401561737,0.7959709763526917,0.32529979944229126,-0.1018892154097557,0.793211042881012,0.2484591007232666,-0.11955377459526062,0.8462362885475159,0.5883150696754456,-0.06442253291606903,0.8926640152931213,0.4936096668243408,-0.09622009098529816,0.9227283000946045,0.4275738596916199,-0.11416196823120117,0.9452560544013977,0.36446428298950195,-0.1269157975912094,5
0.7823085188865662,0.8942757844924927,6.502850169454177e-07,0.6837530732154846,0.8510018587112427,-0.035779695957899094,0.5961602330207825,0.7649523615837097,-0.05514541268348694,0.5255469083786011,0.7013816237449646,-0.07305614650249481,0.46387428045272827,0.6659382581710815,-0.0912751629948616,0.6648443341255188,0.5741904377937317,-0.02876267582178116,0.6210426688194275,0.4479095935821533,-0.05305981636047363,0.5979583263397217,0.36818569898605347,-0.07398036867380142,0.5823429226875305,0.2991405129432678,-0.09136084467172623,0.7285696268081665,0.5470845699310303,-0.0352969765663147,0.7213467359542847,0.3970502018928528,-0.055474814027547836,0.7199602723121643,0.3072691261768341,-0.07502195984125137,0.7188640832901001,0.2328973114490509,-0.09128843247890472,0.7890982627868652,0.5531734228134155,-0.048040855675935745,0.7941978573799133,0.4104066789150238,-0.07799863815307617,0.7955177426338196,0.3249252438545227,-0.10149332135915756,0.7931357622146606,0.2485855519771576,-0.1188962310552597,0.8459720015525818,0.5883020758628845,-0.06380116939544678,0.8922020196914673,0.49320748448371887,-0.09588252007961273,0.9222925901412964,0.4272778630256653,-0.11396361142396927,0.944891631603241,0.3641664981842041,-0.12673325836658478,5
0.7821800112724304,0.8943692445755005,6.544162829413835e-07,0.6849479079246521,0.8497742414474487,-0.03505789488554001,0.5978639125823975,0.7637720108032227,-0.05436665937304497,0.5271466970443726,0.7002593874931335,-0.07249031960964203,0.4643208980560303,0.6653599143028259,-0.09093941003084183,0.6657822132110596,0.5719109773635864,-0.027285071089863777,0.6217910647392273,0.4463692903518677,-0.05097892880439758,0.598482072353363,0.3674283027648926,-0.07183312624692917,0.5828739404678345,0.29851195216178894,-0.08933354169130325,0.7286331653594971,0.5452160835266113,-0.03414969518780708,0.7214668393135071,0.39621371030807495,-0.05375112220644951,0.7208144664764404,0.30708029866218567,-0.07333729416131973,0.7205978035926819,0.23287752270698547,-0.08973073214292526,0.7887464761734009,0.5517882704734802,-0.047156430780887604,0.7946723699569702,0.40969347953796387,-0.07652384787797928,0.7971003651618958,0.3243768513202667,-0.0998004898428917,0.7956602573394775,0.24804118275642395,-0.11714192479848862,0.8454044461250305,0.5874907970428467,-0.06316738575696945,0.8919356465339661,0.4928799867630005,-0.09459114074707031,0.9222386479377747,0.427123486995697,-0.11213073134422302,0.9451510310173035,0.36442142724990845,-0.12453187257051468,5
0.7815631628036499,0.8956432342529297,6.455861125687079e-07,0.68333500623703,0.8516721725463867,-0.03404055908322334,0.5958799719810486,0.765420138835907,-0.052380260080099106,0.5261110067367554,0.7013380527496338,-0.06961417943239212,0.46515953540802,0.6659586429595947,-0.08727166056632996,0.6654136776924133,0.5739945769309998,-0.02681298740208149,0.6215407848358154,0.44779884815216064,-0.05038963258266449,0.5983741879463196,0.36801624298095703,-0.07093288749456406,0.5827332735061646,0.2988872528076172,-0.08812565356492996,0.7289697527885437,0.5471746921539307,-0.034093666821718216,0.7217405438423157,0.3974754810333252,-0.05368686467409134,0.7200148701667786,0.30767378211021423,-0.07304017245769501,0.7184893488883972,0.23374348878860474,-0.08917122334241867,0.7894308567047119,0.5533608794212341,-0.04744464531540871,0.7953319549560547,0.4106558859348297,-0.07676839828491211,0.7967827320098877,0.32459756731987,-0.10006902366876602,0.794367790222168,0.24808147549629211,-0.11742356419563293,0.8458629846572876,0.5889793038368225,-0.0636945515871048,0.8925777673721313,0.49396514892578125,-0.09526751935482025,0.9226065874099731,0.4276217818260193,-0.1131012886762619,0.9451326727867126,0.3645034432411194,-0.125729039311409,5
0.780548095703125,0.8970282077789307,6.483956553893222e-07,0.684354841709137,0.8508471250534058,-0.03469569608569145,0.5981563925743103,0.7637436389923096,-0.054186854511499405,0.5278811454772949,0.7004737854003906,-0.07268012315034866,0.4650590121746063,0.6655727624893188,-0.09168054163455963,0.6659289598464966,0.5735659003257751,-0.02769455686211586,0.6231580376625061,0.4482123851776123,-0.0525364987552166,0.6001384258270264,0.36863166093826294,-0.07415666431188583,0.5843912959098816,0.2996370196342468,-0.09207341074943542,0.7292150259017944,0.5469029545783997,-0.035186585038900375,0.7224228978157043,0.3979107737541199,-0.05617673695087433,0.7210270166397095,0.3079427480697632,-0.07678070664405823,0.7195926308631897,0.2330157458782196,-0.09374073892831802,0.7897623777389526,0.5533301830291748,-0.04876858368515968,0.7955814003944397,0.411731481552124,-0.07920708507299423,0.7974101305007935,0.32553401589393616,-0.10314393043518066,0.7950880527496338,0.24875769019126892,-0.1207893118262291,0.8464146852493286,0.589354395866394,-0.06527408212423325,0.8927589654922485,0.49464282393455505,-0.09697166085243225,0.9229066967964172,0.42875686287879944,-0.1145283430814743,0.9453082084655762,0.36665254831314087,-0.1269853711128235,5
0.7799475193023682,0.8969271183013916,6.61775516164198e-07,0.6830357909202576,0.8513904213905334,-0.03373173251748085,0.5967612862586975,0.7639621496200562,-0.052403781563043594,0.527493417263031,0.7003712058067322,-0.0701441764831543,0.4661179184913635,0.6667600870132446,-0.08837075531482697,0.6650498509407043,0.5741103291511536,-0.02719779685139656,0.621907651424408,0.44848567247390747,-0.051357291638851166,0.5989192128181458,0.36822420358657837,-0.07205750048160553,0.5832247138023376,0.2994345426559448,-0.08922556787729263,0.7286538481712341,0.5474176406860352,-0.03480788692831993,0.7235210537910461,0.39695149660110474,-0.054781075567007065,0.7228845357894897,0.30693984031677246,-0.07381763309240341,0.7217040061950684,0.2335013449192047,-0.08945277333259583,0.7894952893257141,0.5539759397506714,-0.0484565831720829,0.7957335114479065,0.410605788230896,-0.0777382180094719,0.7969895005226135,0.32419028878211975,-0.10041693598031998,0.7941756844520569,0.24810025095939636,-0.11716519296169281,0.8462688326835632,0.5903204679489136,-0.06501990556716919,0.8932458162307739,0.49541157484054565,-0.09596909582614899,0.9230661392211914,0.42894330620765686,-0.11304401606321335,0.9450679421424866,0.3669375777244568,-0.1250806301832199,5
0.7806669473648071,0.8952322006225586,6.573471296178468e-07,0.6839093565940857,0.8500536680221558,-0.034627653658390045,0.5978439450263977,0.7642582654953003,-0.05398603528738022,0.5283048152923584,0.7010776996612549,-0.07216574251651764,0.4668034315109253,0.6659351587295532,-0.09076032787561417,0.6663340926170349,0.5741004943847656,-0.028332311660051346,0.623457133769989,0.4483381509780884,-0.05284691974520683,0.6007267236709595,0.36822107434272766,-0.0738309770822525,0.585355281829834,0.2994280159473419,-0.09112519025802612,0.7296172380447388,0.5474453568458557,-0.03546386584639549,0.7238350510597229,0.3972333073616028,-0.055817969143390656,0.7229039669036865,0.3073479235172272,-0.07523555308580399,0.7218289971351624,0.23396652936935425,-0.09116436541080475,0.790196418762207,0.5539683103561401,-0.04863644018769264,0.7960765361785889,0.4114666283130646,-0.07825423032045364,0.7973942756652832,0.3250751793384552,-0.10114547610282898,0.7948458790779114,0.24895280599594116,-0.1180223748087883,0.8469303250312805,0.5900887250900269,-0.06474974006414413,0.8937004804611206,0.4958702027797699,-0.09581778943538666,0.9234172105789185,0.4298345446586609,-0.11285059154033661,0.9454431533813477,0.3679845929145813,-0.12483038753271103,5
0.7841606140136719,0.8975574970245361,6.465950832534872e-07,0.6867340207099915,0.8522873520851135,-0.0342361144721508,0.6003019213676453,0.7645622491836548,-0.052942611277103424,0.5298084020614624,0.700913667678833,-0.07057424634695053,0.46737879514694214,0.665529727935791,-0.08853953331708908,0.6682727336883545,0.5741186141967773,-0.02596248872578144,0.6254563331604004,0.44844576716423035,-0.04964509606361389,0.6022598147392273,0.3687581717967987,-0.07044389098882675,0.5857796669006348,0.3002419173717499,-0.08774618059396744,0.7311933040618896,0.5471178889274597,-0.03323204815387726,0.7252919673919678,0.39696189761161804,-0.05264703556895256,0.72422194480896,0.3070180416107178,-0.07187411934137344,0.7227430939674377,0.2338223159313202,-0.08769896626472473,0.7916978001594543,0.5538805723190308,-0.04662473499774933,0.7975767850875854,0.4110870957374573,-0.07516612857580185,0.7992114424705505,0.324880987405777,-0.0977126881480217,0.7965025901794434,0.24859699606895447,-0.11451156437397003,0.8487246036529541,0.5903000831604004,-0.06301955878734589,0.8950024247169495,0.49619153141975403,-0.09327621757984161,0.9245649576187134,0.43063703179359436,-0.10991779714822769,0.946472704410553,0.36910897493362427,-0.12168259173631668,5
0.7840538024902344,0.8970316052436829,6.398838081622671e-07,0.6873580813407898,0.8504652976989746,-0.03352892026305199,0.6008909940719604,0.7625738382339478,-0.05209794640541077,0.5311659574508667,0.6997547745704651,-0.06982401013374329,0.46965864300727844,0.6653181314468384,-0.08800308406352997,0.6691518425941467,0.5742707252502441,-0.026271741837263107,0.6265788078308105,0.4487236738204956,-0.05081374943256378,0.60336834192276,0.36925598978996277,-0.07217378914356232,0.5867550373077393,0.30087271332740784,-0.0897567942738533,0.7318540811538696,0.5482200384140015,-0.03409421071410179,0.7260665893554688,0.3988020122051239,-0.054547082632780075,0.7247227430343628,0.3091506361961365,-0.07453036308288574,0.722830057144165,0.23493948578834534,-0.09077103435993195,0.7921195030212402,0.5550830960273743,-0.047899842262268066,0.7981736660003662,0.4118580222129822,-0.07726690173149109,0.7999103665351868,0.32561245560646057,-0.10004672408103943,0.7971289157867432,0.2487519383430481,-0.11681678891181946,0.848896324634552,0.5913289785385132,-0.0646161288022995,0.8952761888504028,0.49675044417381287,-0.0952613353729248,0.9248758554458618,0.43034613132476807,-0.11180327832698822,0.9467014670372009,0.36792874336242676,-0.12341021746397018,5
0.7839307188987732,0.8963758945465088,6.465377282438567e-07,0.6878054738044739,0.8501999378204346,-0.03377365320920944,0.601073682308197,0.7620691061019897,-0.052402421832084656,0.5312372446060181,0.698919415473938,-0.0698334276676178,0.46968090534210205,0.665991485118866,-0.08763844519853592,0.6691513657569885,0.5744562149047852,-0.027824100106954575,0.6266156435012817,0.44880807399749756,-0.05203244090080261,0.6037784814834595,0.369427353143692,-0.07288549840450287,0.5878096222877502,0.30119869112968445,-0.09017805755138397,0.7323251962661743,0.5484462380409241,-0.03522995859384537,0.7267590761184692,0.39852970838546753,-0.05528458580374718,0.7258029580116272,0.30883103609085083,-0.07479586452245712,0.7242820262908936,0.23471352458000183,-0.09085629880428314,0.7928218841552734,0.5555615425109863,-0.04849565774202347,0.7990537881851196,0.41293764114379883,-0.0776674821972847,0.8009006977081299,0.32687973976135254,-0.10052986443042755,0.7981988787651062,0.2505621016025543,-0.11744414269924164,0.8496360182762146,0.5921107530593872,-0.06460181623697281,0.8959422707557678,0.49719929695129395,-0.09535616636276245,0.9254071116447449,0.43099716305732727,-0.11223691701889038,0.9468733072280884,0.36862850189208984,-0.12416219711303711,5
0.7835429906845093,0.8962643146514893,6.485581138804264e-07,0.6875630021095276,0.8504380583763123,-0.03391345590353012,0.6006490588188171,0.7616945505142212,-0.05238892138004303,0.5307393074035645,0.6984591484069824,-0.06959424912929535,0.4692246913909912,0.6662784814834595,-0.08717910200357437,0.6688246130943298,0.5742531418800354,-0.028066910803318024,0.6263673901557922,0.44819116592407227,-0.05222904309630394,0.6035907864570618,0.3682951033115387,-0.07296169549226761,0.587698221206665,0.29973021149635315,-0.0902004987001419,0.7320965528488159,0.5482228398323059,-0.03536061570048332,0.7265490889549255,0.39807578921318054,-0.05536789074540138,0.7256002426147461,0.3082939684391022,-0.07470545172691345,0.7239758968353271,0.23436978459358215,-0.0906619131565094,0.7926260828971863,0.5554178953170776,-0.04853164032101631,0.7988413572311401,0.4127984642982483,-0.07767723500728607,0.8004980683326721,0.3267931342124939,-0.10046643763780594,0.7975770831108093,0.250627726316452,-0.11735187470912933,0.8494449257850647,0.5920695066452026,-0.0645613744854927,0.8958534598350525,0.4970667362213135,-0.09534355252981186,0.9252524971961975,0.43062305450439453,-0.11233324557542801,0.946530818939209,0.36799588799476624,-0.12438836693763733,5
0.7830458283424377,0.8966360092163086,6.485448693638318e-07,0.6866984963417053,0.8499680757522583,-0.03362847492098808,0.599934458732605,0.7621617317199707,-0.0520593598484993,0.5303286910057068,0.6986286640167236,-0.06941068172454834,0.468889057636261,0.6652309894561768,-0.08711948245763779,0.6688851714134216,0.5735924243927002,-0.027003545314073563,0.6263558864593506,0.4480421841144562,-0.05098520964384079,0.6035701036453247,0.36840710043907166,-0.07172279804944992,0.5878542065620422,0.3001025319099426,-0.08892708271741867,0.7319584488868713,0.547264814376831,-0.03445536643266678,0.726571798324585,0.3973320722579956,-0.05420505255460739,0.725710928440094,0.3075890839099884,-0.07330495864152908,0.7243821024894714,0.23431438207626343,-0.08902198076248169,0.7925153970718384,0.5542435050010681,-0.04787609353661537,0.7991408705711365,0.4115300178527832,-0.07672266662120819,0.8009588718414307,0.3255293369293213,-0.09922342002391815,0.7983642816543579,0.2498001754283905,-0.11587727814912796,0.8492788672447205,0.590968132019043,-0.06420059502124786,0.8960011005401611,0.4963158965110779,-0.09474905580282211,0.9255088567733765,0.43018263578414917,-0.1115359216928482,0.9472073316574097,0.3683663010597229,-0.12336250394582748,5
0.7842981815338135,0.8955556154251099,6.554795959345938e-07,0.6873620748519897,0.8503187894821167,-0.034552738070487976,0.6007465720176697,0.7631738781929016,-0.05328043922781944,0.53139328956604,0.6999419927597046,-0.0707472711801529,0.4702262282371521,0.6649290919303894,-0.08853026479482651,0.6690782308578491,0.5731254816055298,-0.02760397642850876,0.6266565322875977,0.44741398096084595,-0.05162033438682556,0.604196310043335,0.36798691749572754,-0.07247859239578247,0.5887330770492554,0.29935401678085327,-0.08979729562997818,0.7322419285774231,0.5468314290046692,-0.03462482616305351,0.7266823053359985,0.39671188592910767,-0.054245393723249435,0.7259701490402222,0.3064368665218353,-0.07347637414932251,0.724885880947113,0.2323218286037445,-0.0894656777381897,0.7927725911140442,0.55442875623703,-0.047732699662446976,0.7994024753570557,0.41199934482574463,-0.07650585472583771,0.8011308908462524,0.3265554904937744,-0.09930471330881119,0.7984960675239563,0.25070929527282715,-0.11629296094179153,0.8497430086135864,0.5916614532470703,-0.06384062767028809,0.8964823484420776,0.4970473051071167,-0.09435144066810608,0.925740122795105,0.4307386875152588,-0.11143805086612701,0.9472492933273315,0.3679409921169281,-0.12360887974500656,5
0.784582257270813,0.8948630094528198,6.501590519292222e-07,0.6879697442054749,0.8498300313949585,-0.03394171968102455,0.6012853980064392,0.7619836330413818,-0.052057184278964996,0.5313830375671387,0.699006974697113,-0.06906899809837341,0.4699144959449768,0.6654479503631592,-0.08639740943908691,0.6696297526359558,0.5728416442871094,-0.02634873427450657,0.6270632743835449,0.447674959897995,-0.04988216608762741,0.6043819189071655,0.3684830367565155,-0.0704054981470108,0.5884561538696289,0.3004074990749359,-0.08751235157251358,0.7325083613395691,0.5464091300964355,-0.033457957208156586,0.7270404100418091,0.39635854959487915,-0.052743032574653625,0.7263535261154175,0.3064972162246704,-0.0716664120554924,0.7250035405158997,0.2333756983280182,-0.08730684965848923,0.7928678393363953,0.5534267425537109,-0.04662684351205826,0.7994662523269653,0.4111210107803345,-0.07505854219198227,0.8011102676391602,0.3259638249874115,-0.09752794355154037,0.798202395439148,0.25067681074142456,-0.11421597748994827,0.8496558666229248,0.5899672508239746,-0.06277874112129211,0.8966695070266724,0.4964410066604614,-0.09316437691450119,0.9260632991790771,0.4304978847503662,-0.11020006984472275,0.947610080242157,0.36830252408981323,-0.12225455045700073,5
0.7856830954551697,0.8956496119499207,6.517822157547926e-07,0.6890695095062256,0.8505815863609314,-0.03417345881462097,0.6023189425468445,0.7623701691627502,-0.05247844010591507,0.5324525833129883,0.6993396878242493,-0.0695970207452774,0.47117742896080017,0.66545569896698,-0.08698248118162155,0.6699420213699341,0.5737168192863464,-0.02736196666955948,0.627114474773407,0.4474693238735199,-0.05136144906282425,0.6043453216552734,0.3679543733596802,-0.07189890742301941,0.5885778665542603,0.29978081583976746,-0.08881466090679169,0.7325426936149597,0.5468910932540894,-0.03433290868997574,0.7271481156349182,0.39622581005096436,-0.05402756854891777,0.726398766040802,0.30611199140548706,-0.07291702926158905,0.7250605821609497,0.23310300707817078,-0.0883280336856842,0.7926895022392273,0.5534697771072388,-0.04732385650277138,0.7996762990951538,0.41056811809539795,-0.07600794732570648,0.8017067313194275,0.3253668248653412,-0.0984005257487297,0.7991383075714111,0.2501372992992401,-0.11487020552158356,0.8493123650550842,0.5897560715675354,-0.06329742819070816,0.8969120979309082,0.4962014853954315,-0.093986377120018,0.9266078472137451,0.43013930320739746,-0.11111295968294144,0.9485286474227905,0.3680172562599182,-0.12304273992776871,5
0.784525990486145,0.8965351581573486,6.510496746159333e-07,0.6876459121704102,0.8513960838317871,-0.03363664820790291,0.6012489795684814,0.7622781991958618,-0.05120908096432686,0.5317992568016052,0.6988912224769592,-0.06769172847270966,0.4710846245288849,0.6648777723312378,-0.08448002487421036,0.6693913340568542,0.5729159712791443,-0.02538597770035267,0.6268693804740906,0.4474899172782898,-0.04846031963825226,0.6043578386306763,0.36818453669548035,-0.06861868500709534,0.5886595845222473,0.30020785331726074,-0.08548823744058609,0.7322016358375549,0.5462459921836853,-0.03261581063270569,0.7271385192871094,0.3960376977920532,-0.05170472711324692,0.7261307835578918,0.3058790862560272,-0.07074258476495743,0.7245899438858032,0.23266756534576416,-0.08640336245298386,0.7922471761703491,0.5531529188156128,-0.045886073261499405,0.799599826335907,0.4104411005973816,-0.07442238926887512,0.8012847900390625,0.32460349798202515,-0.09750190377235413,0.7985841035842896,0.24866575002670288,-0.11459475755691528,0.8483830094337463,0.5899499654769897,-0.062054507434368134,0.8961774110794067,0.49708908796310425,-0.09300844371318817,0.9260121583938599,0.4312443733215332,-0.11064252257347107,0.948137104511261,0.36897072196006775,-0.1230081096291542,5
0.7858603596687317,0.8981266021728516,6.441345021812594e-07,0.6893280148506165,0.8525919914245605,-0.033825501799583435,0.6029170751571655,0.7635301947593689,-0.05158976465463638,0.5331588983535767,0.7003359794616699,-0.06829970329999924,0.47215569019317627,0.6660542488098145,-0.08532264083623886,0.6707522869110107,0.5739883184432983,-0.025500278919935226,0.6281086802482605,0.4482247233390808,-0.04893107712268829,0.605327308177948,0.36874860525131226,-0.06944489479064941,0.589326798915863,0.30032509565353394,-0.08654958754777908,0.7331846952438354,0.5476766228675842,-0.03273281455039978,0.7276294231414795,0.3978094458580017,-0.052044548094272614,0.7268424034118652,0.30768343806266785,-0.07107768952846527,0.725446343421936,0.2343933880329132,-0.08673302829265594,0.793114423751831,0.5547718405723572,-0.046079859137535095,0.8000211119651794,0.4119876027107239,-0.07446811348199844,0.8020237684249878,0.3262253999710083,-0.09709781408309937,0.79938805103302,0.2501106262207031,-0.11389123648405075,0.8495036959648132,0.5912495255470276,-0.0624099001288414,0.8962661027908325,0.4974147081375122,-0.09294954687356949,0.9258361458778381,0.431285560131073,-0.11012723296880722,0.947698712348938,0.3688490390777588,-0.12221115082502365,5
0.7876263856887817,0.8980859518051147,6.582949936273508e-07,0.6897916197776794,0.8525183796882629,-0.03478338569402695,0.602695643901825,0.7645926475524902,-0.053450893610715866,0.5327160954475403,0.700975239276886,-0.07073739916086197,0.47201159596443176,0.6648063659667969,-0.08816960453987122,0.6714537143707275,0.575171709060669,-0.027474986389279366,0.6283984780311584,0.44907763600349426,-0.051613591611385345,0.6055186986923218,0.36922478675842285,-0.07252680510282516,0.5898929834365845,0.30028632283210754,-0.08982852846384048,0.7341911196708679,0.5483454465866089,-0.03433011844754219,0.7283756136894226,0.3983135223388672,-0.05415622889995575,0.7273455262184143,0.30774354934692383,-0.07354803383350372,0.7261675000190735,0.23364901542663574,-0.0894998162984848,0.7942862510681152,0.5550898313522339,-0.04728350415825844,0.8010073304176331,0.41371652483940125,-0.07605638355016708,0.8031840920448303,0.32792049646377563,-0.09896605461835861,0.8010796308517456,0.2519124746322632,-0.1159415915608406,0.8507708311080933,0.5913119912147522,-0.06325960904359818,0.8971426486968994,0.4974256455898285,-0.09393300861120224,0.9265526533126831,0.43173155188560486,-0.11111549288034439,0.9483757019042969,0.36954325437545776,-0.12320349365472794,5
0.7863538265228271,0.897022545337677,6.453695959862671e-07,0.6898449659347534,0.8507817983627319,-0.03385474160313606,0.6040147542953491,0.7632460594177246,-0.05208045244216919,0.5343246459960938,0.7008191347122192,-0.06919357180595398,0.4733029007911682,0.6649601459503174,-0.08651752024888992,0.6719483733177185,0.5739278793334961,-0.02578957937657833,0.6291894316673279,0.44877806305885315,-0.0492902435362339,0.6063016653060913,0.36998072266578674,-0.06990570574998856,0.5901787281036377,0.3021128475666046,-0.08701468259096146,0.7342809438705444,0.5476561784744263,-0.03300514817237854,0.7284674644470215,0.3986755311489105,-0.05221632122993469,0.7272546291351318,0.30853235721588135,-0.07143240422010422,0.7254873514175415,0.23443233966827393,-0.08728806674480438,0.7940278053283691,0.5550181865692139,-0.04629090055823326,0.8011696338653564,0.41338634490966797,-0.07462478429079056,0.8033698797225952,0.3275609016418457,-0.09741313010454178,0.8007913827896118,0.25081929564476013,-0.11435863375663757,0.850266695022583,0.5917520523071289,-0.06252164393663406,0.8975026607513428,0.4984573423862457,-0.09298007190227509,0.9271033406257629,0.4324011206626892,-0.1100643202662468,0.9490232467651367,0.36942631006240845,-0.12206130474805832,5
0.7875466346740723,0.897890567779541,6.597094284188643e-07,0.6896547079086304,0.8520342111587524,-0.0335235595703125,0.6025571823120117,0.7634336352348328,-0.0510437935590744,0.5325753688812256,0.7005866169929504,-0.0674276053905487,0.47200798988342285,0.6651522517204285,-0.08397791534662247,0.6716640591621399,0.5733776092529297,-0.024665875360369682,0.6286075115203857,0.4481925964355469,-0.047562431544065475,0.6056975722312927,0.36856913566589355,-0.06778234243392944,0.5900350213050842,0.2999227046966553,-0.08475878089666367,0.7344752550125122,0.5474046468734741,-0.03195665776729584,0.7286540269851685,0.3977217376232147,-0.050534844398498535,0.7278022766113281,0.30669069290161133,-0.06919233500957489,0.7267264127731323,0.2324579656124115,-0.08475236594676971,0.7945950627326965,0.5552200675010681,-0.04544505849480629,0.8013468384742737,0.41403287649154663,-0.07350358366966248,0.8036112189292908,0.32772985100746155,-0.09633417427539825,0.8015041351318359,0.2510211765766144,-0.11335630714893341,0.8509427905082703,0.5923227071762085,-0.06188488006591797,0.8973223567008972,0.49799638986587524,-0.0923527181148529,0.9267550706863403,0.4317978024482727,-0.10974570363759995,0.9484652280807495,0.36882978677749634,-0.12206975370645523,5
0.7879163026809692,0.8980672955513,6.410936634893005e-07,0.6912298798561096,0.8524660468101501,-0.033141687512397766,0.6042457222938538,0.7627537846565247,-0.05051368474960327,0.5339887142181396,0.699624240398407,-0.06691109389066696,0.47271791100502014,0.665153443813324,-0.08365542441606522,0.6722249984741211,0.5745800137519836,-0.02488120086491108,0.6291859149932861,0.4491085410118103,-0.048011042177677155,0.6062787175178528,0.36980265378952026,-0.06834381818771362,0.5902480483055115,0.3017433285713196,-0.08527437597513199,0.7343875169754028,0.548313558101654,-0.03228385001420975,0.7285796403884888,0.39840835332870483,-0.05123395845293999,0.7274837493896484,0.3079601228237152,-0.07015462964773178,0.7258422374725342,0.234154611825943,-0.08569203317165375,0.7941203713417053,0.555448055267334,-0.04570797085762024,0.8012275695800781,0.41308265924453735,-0.07380859553813934,0.80342698097229,0.3266531527042389,-0.09648019075393677,0.8009157776832581,0.2497309148311615,-0.1132974624633789,0.8503276109695435,0.5919661521911621,-0.06200997531414032,0.8972314596176147,0.4981817901134491,-0.09219509363174438,0.9269472360610962,0.43219780921936035,-0.10906073451042175,0.9489143490791321,0.3697267174720764,-0.12092246115207672,5
0.7864817380905151,0.8977078199386597,6.516882535834156e-07,0.6893802881240845,0.8525223731994629,-0.03385119140148163,0.6027918457984924,0.7635133862495422,-0.05111782252788544,0.5334657430648804,0.7002555131912231,-0.06719966977834702,0.47321897745132446,0.6650916337966919,-0.08353126794099808,0.6719107627868652,0.574259877204895,-0.024815700948238373,0.6288803815841675,0.4493865966796875,-0.04750676080584526,0.6062077879905701,0.37033188343048096,-0.06758350878953934,0.5905619859695435,0.3022856116294861,-0.08442278951406479,0.7345924973487854,0.5481877326965332,-0.03176300972700119,0.7288795709609985,0.3985670208930969,-0.05032120645046234,0.7278143763542175,0.30823394656181335,-0.0692644715309143,0.7262628078460693,0.23446738719940186,-0.08497372269630432,0.7943865656852722,0.5553649663925171,-0.044857487082481384,0.8014452457427979,0.4142583906650543,-0.07287180423736572,0.8036230206489563,0.32839956879615784,-0.09600183367729187,0.8012650609016418,0.25212815403938293,-0.11317064613103867,0.8506180047988892,0.5916339755058289,-0.06090039759874344,0.8971679210662842,0.4977140426635742,-0.09117938578128815,0.926769495010376,0.4319237470626831,-0.10854578763246536,0.9486898183822632,0.3695012331008911,-0.12084255367517471,5
0.7868906855583191,0.8969582319259644,6.598442610084021e-07,0.6893637776374817,0.851432204246521,-0.033478885889053345,0.6027891635894775,0.7629677057266235,-0.05094892904162407,0.5329977869987488,0.7001544833183289,-0.06734345108270645,0.47232019901275635,0.6648480296134949,-0.0839371606707573,0.6710658073425293,0.5738217830657959,-0.02438330091536045,0.6285620927810669,0.4485451281070709,-0.04695507511496544,0.6062049865722656,0.36919906735420227,-0.0668337345123291,0.5910442471504211,0.30106139183044434,-0.08351437002420425,0.7341469526290894,0.5480746626853943,-0.03156263753771782,0.7284976243972778,0.39816951751708984,-0.04997221753001213,0.727591872215271,0.30748024582862854,-0.06869509816169739,0.7264328002929688,0.2335689663887024,-0.08429492264986038,0.7944485545158386,0.55556321144104,-0.044894181191921234,0.8013623356819153,0.4142609238624573,-0.07291781902313232,0.8036537170410156,0.3282216489315033,-0.09593810141086578,0.8015792965888977,0.2519954741001129,-0.11305634677410126,0.8510705232620239,0.5918654799461365,-0.061127036809921265,0.8975890874862671,0.49780184030532837,-0.09141261130571365,0.9273594617843628,0.43188321590423584,-0.1087176501750946,0.9494859576225281,0.3694283962249756,-0.12098988890647888,5
0.7863824367523193,0.8977154493331909,6.470495463872794e-07,0.6895973086357117,0.8517180681228638,-0.03273477032780647,0.6036316752433777,0.7626087665557861,-0.04970031976699829,0.5341024398803711,0.6997231841087341,-0.06577702611684799,0.47328031063079834,0.6644645929336548,-0.08211203664541245,0.6714614629745483,0.5736782550811768,-0.023331213742494583,0.6286501288414001,0.4484301805496216,-0.045650020241737366,0.6061816215515137,0.3693826198577881,-0.06543458253145218,0.5907434225082397,0.30140477418899536,-0.08201916515827179,0.7340743541717529,0.5474498867988586,-0.030771026387810707,0.7284933924674988,0.397743821144104,-0.04890032112598419,0.7275598049163818,0.3074136972427368,-0.06747923791408539,0.7261337041854858,0.23394140601158142,-0.08285503089427948,0.7940552234649658,0.5546507835388184,-0.04428516700863838,0.8012092709541321,0.4130258560180664,-0.07193085551261902,0.8035320043563843,0.3271338939666748,-0.09457434713840485,0.8012932538986206,0.25088798999786377,-0.1114019900560379,0.8502969741821289,0.5911166071891785,-0.06066659837961197,0.8972694873809814,0.4976816177368164,-0.09063701331615448,0.9271149039268494,0.4322788119316101,-0.10755479335784912,0.949325442314148,0.3703286349773407,-0.11946380883455276,5
0.787345290184021,0.8980299830436707,6.545604946950334e-07,0.6893499493598938,0.8526250123977661,-0.033429741859436035,0.6027569770812988,0.7634056806564331,-0.05067862570285797,0.532945990562439,0.6997685432434082,-0.0669282004237175,0.47217631340026855,0.6645650267601013,-0.08342938870191574,0.6718887686729431,0.5748188495635986,-0.02394573949277401,0.6289228796958923,0.4494256377220154,-0.04667586088180542,0.6061428785324097,0.369911253452301,-0.0667591392993927,0.5905550718307495,0.3013778030872345,-0.08371000736951828,0.7346317172050476,0.5488810539245605,-0.03127007558941841,0.7286519408226013,0.39919862151145935,-0.050146691501140594,0.7276543974876404,0.3082680106163025,-0.06925943493843079,0.7263494729995728,0.23390662670135498,-0.08515290170907974,0.7945942282676697,0.556144654750824,-0.044799838215112686,0.800970733165741,0.41517874598503113,-0.07331809401512146,0.8030339479446411,0.32905736565589905,-0.09673964977264404,0.8007416725158691,0.2524584233760834,-0.11414901167154312,0.8508654832839966,0.5922464728355408,-0.06122555583715439,0.8972607851028442,0.49862533807754517,-0.09198684245347977,0.9269647002220154,0.43292808532714844,-0.10977030545473099,0.9490482807159424,0.37042033672332764,-0.12246308475732803,5
0.7883444428443909,0.8988444805145264,6.420162321774114e-07,0.691096842288971,0.8527253270149231,-0.033230844885110855,0.6041169166564941,0.764650285243988,-0.05056534335017204,0.5345466136932373,0.7020195722579956,-0.0668310895562172,0.4745185077190399,0.6653417348861694,-0.08326501399278641,0.6727708578109741,0.5752566456794739,-0.024323027580976486,0.6298056840896606,0.44980672001838684,-0.04734168201684952,0.606937825679779,0.370953768491745,-0.06766235828399658,0.590920090675354,0.30304110050201416,-0.08459069579839706,0.7351003885269165,0.5488920211791992,-0.03151645511388779,0.7289548516273499,0.3992445468902588,-0.05023163557052612,0.7277312874794006,0.30865707993507385,-0.06922964006662369,0.7261204719543457,0.2344816029071808,-0.08501117676496506,0.7947811484336853,0.5558997392654419,-0.0448516421020031,0.8016286492347717,0.41473421454429626,-0.0728457123041153,0.8040449023246765,0.3289792239665985,-0.09587731957435608,0.8018806576728821,0.25268077850341797,-0.11303591728210449,0.8509001135826111,0.5921092629432678,-0.06109863147139549,0.89744633436203,0.4986090064048767,-0.09141945838928223,0.9270452260971069,0.43286266922950745,-0.1088162213563919,0.9491250514984131,0.37026113271713257,-0.12112483382225037,5
0.787868320941925,0.8988680243492126,6.535540819641028e-07,0.6903761029243469,0.8523920774459839,-0.03297625854611397,0.6041549444198608,0.7643301486968994,-0.050204548984766006,0.5352579951286316,0.701032280921936,-0.06651733070611954,0.47535061836242676,0.6640002131462097,-0.08296854048967361,0.6722038388252258,0.5746521949768066,-0.022833039984107018,0.6290468573570251,0.44976067543029785,-0.045344021171331406,0.6063089370727539,0.37129291892051697,-0.06552910804748535,0.5906832218170166,0.30310067534446716,-0.08253572136163712,0.7350031733512878,0.5483565926551819,-0.03034144453704357,0.7289112210273743,0.39905276894569397,-0.04870079085230827,0.727866530418396,0.3086172044277191,-0.06784836202859879,0.7265067100524902,0.23391184210777283,-0.08387379348278046,0.7948256134986877,0.5554876923561096,-0.04405800998210907,0.8015401363372803,0.4146018624305725,-0.07197992503643036,0.8038824796676636,0.3287271559238434,-0.09530037641525269,0.8018534183502197,0.2520161271095276,-0.11278559267520905,0.8509219884872437,0.5918391346931458,-0.060684703290462494,0.8972127437591553,0.4988511800765991,-0.09120534360408783,0.9270365238189697,0.43318697810173035,-0.10886099934577942,0.9493880867958069,0.37037721276283264,-0.12142163515090942,5
0.7872182130813599,0.8982066512107849,6.561614327438292e-07,0.6907294988632202,0.8527510166168213,-0.03283499926328659,0.6043882966041565,0.7635867595672607,-0.0499810166656971,0.5351732969284058,0.7005910873413086,-0.06619296222925186,0.47522372007369995,0.6645199060440063,-0.08262550085783005,0.6718923449516296,0.573621928691864,-0.023574531078338623,0.6288295984268188,0.44961386919021606,-0.04622834920883179,0.6058957576751709,0.3710559606552124,-0.06635051220655441,0.5902878642082214,0.3031138479709625,-0.08329574763774872,0.7347765564918518,0.5471402406692505,-0.031230343505740166,0.7287946343421936,0.398013710975647,-0.04966266080737114,0.7277026176452637,0.3075409531593323,-0.06852705031633377,0.7263113856315613,0.2331443727016449,-0.08426558971405029,0.7949498891830444,0.5545323491096497,-0.045015498995780945,0.8015230894088745,0.41390734910964966,-0.07309722900390625,0.8038818836212158,0.3281753659248352,-0.09614745527505875,0.8018157482147217,0.2517950236797333,-0.11337469518184662,0.8510863184928894,0.5916464328765869,-0.06167525425553322,0.8973187804222107,0.4982004761695862,-0.09242939949035645,0.9275172352790833,0.43255746364593506,-0.11001889407634735,0.9500681757926941,0.3700758218765259,-0.12246307730674744,5
0.7877879738807678,0.8972933888435364,6.535691454701009e-07,0.6901121139526367,0.8520176410675049,-0.03296247497200966,0.6040700078010559,0.7627112865447998,-0.04972406104207039,0.5348701477050781,0.699363112449646,-0.06552495807409286,0.4747266173362732,0.6642219424247742,-0.08148562163114548,0.672238826751709,0.5729113817214966,-0.022600557655096054,0.6290284395217896,0.44884052872657776,-0.044578567147254944,0.606042742729187,0.3698755204677582,-0.06426840275526047,0.5903852581977844,0.3016641438007355,-0.08103340119123459,0.735178530216217,0.5463646650314331,-0.02989479899406433,0.7290332317352295,0.39714229106903076,-0.04767881706357002,0.7282309532165527,0.30708467960357666,-0.06582333147525787,0.7272708415985107,0.23345232009887695,-0.08108709007501602,0.7954214215278625,0.5538816452026367,-0.04343385621905327,0.8017545938491821,0.4125399887561798,-0.07100117951631546,0.8037644624710083,0.32707706093788147,-0.0935710072517395,0.8016642928123474,0.2508402466773987,-0.11052802205085754,0.8517237901687622,0.5909672975540161,-0.059920329600572586,0.8980309963226318,0.4975490868091583,-0.09038044512271881,0.9276309013366699,0.43183451890945435,-0.10792618989944458,0.949717104434967,0.3687780499458313,-0.1204187348484993,5
0.789204478263855,0.897850513458252,6.553781304319273e-07,0.6912916898727417,0.8532831072807312,-0.033320218324661255,0.6040943264961243,0.7635706067085266,-0.049913547933101654,0.5345398187637329,0.6997424364089966,-0.06539251655340195,0.47437912225723267,0.6638597249984741,-0.08098339289426804,0.6722196936607361,0.5739481449127197,-0.02300088293850422,0.628546416759491,0.4487144351005554,-0.044851191341876984,0.6056178212165833,0.3689432144165039,-0.0642169937491417,0.5901873111724854,0.3006119132041931,-0.08058911561965942,0.7349251508712769,0.5470697283744812,-0.029893457889556885,0.7286319732666016,0.39697200059890747,-0.04766220971941948,0.7276579737663269,0.30613744258880615,-0.06579628586769104,0.7266544103622437,0.2326470911502838,-0.08088260143995285,0.7949779033660889,0.5539673566818237,-0.04301992803812027,0.8012689352035522,0.41281944513320923,-0.07071192562580109,0.803268551826477,0.3269185721874237,-0.0935991108417511,0.8012602925300598,0.2509766221046448,-0.11060025542974472,0.8512301445007324,0.5901283025741577,-0.05906076729297638,0.8977072834968567,0.4969656467437744,-0.08970199525356293,0.9278947114944458,0.4319067895412445,-0.10739066451787949,0.9506967067718506,0.37017953395843506,-0.11981405317783356,5
0.7875014543533325,0.8969694375991821,6.450026717175206e-07,0.6899015307426453,0.8518949747085571,-0.033119771629571915,0.6035543084144592,0.7633151412010193,-0.04995105788111687,0.5346719026565552,0.7003153562545776,-0.06571482867002487,0.47516027092933655,0.6646453738212585,-0.08171629905700684,0.6726421117782593,0.5742644667625427,-0.023685524240136147,0.6293866038322449,0.44907981157302856,-0.04603537172079086,0.6068108677864075,0.37039777636528015,-0.0658329650759697,0.5914033651351929,0.3024633228778839,-0.08243340998888016,0.7353987693786621,0.5482632517814636,-0.030855495482683182,0.7291682958602905,0.39844948053359985,-0.04932049661874771,0.727992594242096,0.30840662121772766,-0.06825872510671616,0.7265163064002991,0.2346140444278717,-0.08387797325849533,0.794955849647522,0.5554243326187134,-0.044131193310022354,0.8017111420631409,0.41364091634750366,-0.07228779047727585,0.8040848970413208,0.32739946246147156,-0.09555155783891678,0.8019868731498718,0.2504238486289978,-0.11274271458387375,0.8507503867149353,0.5913115739822388,-0.06023572012782097,0.8971816897392273,0.49670204520225525,-0.09087657928466797,0.9271799921989441,0.4308328628540039,-0.10838720947504044,0.9495142698287964,0.36787790060043335,-0.12068462371826172,5
0.7886786460876465,0.8967158794403076,6.586310519196559e-07,0.6911526918411255,0.8518158197402954,-0.03342696279287338,0.604287326335907,0.7632582783699036,-0.05075691640377045,0.5345257520675659,0.6998253464698792,-0.06703449785709381,0.47392481565475464,0.6638931035995483,-0.08346781879663467,0.672528862953186,0.5737214684486389,-0.023774342611432076,0.6290779113769531,0.44889035820961,-0.0459984727203846,0.6063153743743896,0.3698551654815674,-0.06570877134799957,0.5907756686210632,0.3015904724597931,-0.08238418400287628,0.7355201840400696,0.5473225712776184,-0.030908595770597458,0.729058563709259,0.39742010831832886,-0.04894787445664406,0.7283130884170532,0.30728569626808167,-0.06725343316793442,0.7273186445236206,0.23381394147872925,-0.08258738368749619,0.7958675622940063,0.5546631813049316,-0.0442439503967762,0.8015761375427246,0.4132235646247864,-0.07207223027944565,0.8034939765930176,0.32721883058547974,-0.09482081979513168,0.8012681007385254,0.25080451369285583,-0.11184282600879669,0.8524336814880371,0.5911585688591003,-0.06050599366426468,0.8983246088027954,0.49729156494140625,-0.09101300686597824,0.9281690120697021,0.43158799409866333,-0.10844419151544571,0.9505705237388611,0.36894410848617554,-0.12081827968358994,5
0.7873753905296326,0.8970823287963867,6.424947400773817e-07,0.6903720498085022,0.8523250222206116,-0.03247261047363281,0.6038946509361267,0.7627845406532288,-0.04891020059585571,0.5350520610809326,0.7001599669456482,-0.06447826325893402,0.47525492310523987,0.6648226380348206,-0.08034253865480423,0.6726366281509399,0.5732917785644531,-0.023027969524264336,0.6294365525245667,0.44878679513931274,-0.04514334723353386,0.6065791845321655,0.3698548674583435,-0.06477555632591248,0.5907243490219116,0.30171892046928406,-0.08137673139572144,0.7351844906806946,0.5469430685043335,-0.030572300776839256,0.7290130257606506,0.39733847975730896,-0.0485977828502655,0.7280240058898926,0.30728140473365784,-0.0669255405664444,0.7266896367073059,0.23377513885498047,-0.08220715820789337,0.795035183429718,0.5542895793914795,-0.04423816502094269,0.8015104532241821,0.4128127694129944,-0.07199563086032867,0.8035542368888855,0.3269623816013336,-0.09465405344963074,0.8012356758117676,0.25046679377555847,-0.11156221479177475,0.8512147068977356,0.5907131433486938,-0.060766056180000305,0.8976737260818481,0.49671846628189087,-0.09117043763399124,0.9277036190032959,0.4309619069099426,-0.1084633618593216,0.950164794921875,0.3683820366859436,-0.12070049345493317,5
0.7898668050765991,0.8965762853622437,6.52799712952401e-07,0.6906301975250244,0.8526196479797363,-0.03264790400862694,0.6031895279884338,0.7632730007171631,-0.04884260147809982,0.533966064453125,0.7000471353530884,-0.06414368003606796,0.47403684258461,0.6640302538871765,-0.07959648966789246,0.6724432706832886,0.5733610391616821,-0.021509330719709396,0.628825306892395,0.4491886794567108,-0.042877405881881714,0.6059888005256653,0.3700123429298401,-0.062115248292684555,0.5904947519302368,0.30150365829467773,-0.07858621329069138,0.7353335022926331,0.5462459325790405,-0.0288865864276886,0.7288254499435425,0.39697521924972534,-0.0460784025490284,0.7278119921684265,0.30650007724761963,-0.06397805362939835,0.726723313331604,0.23290756344795227,-0.07912921160459518,0.7955336570739746,0.5533322095870972,-0.04255654290318489,0.801372230052948,0.41261520981788635,-0.06978199630975723,0.8030809164047241,0.3270138204097748,-0.09236011654138565,0.800840437412262,0.2509036958217621,-0.10938166826963425,0.8520558476448059,0.5898282527923584,-0.0591757632791996,0.8982323408126831,0.49679356813430786,-0.08958513289690018,0.9281082153320312,0.4311702847480774,-0.10724999755620956,0.9506869316101074,0.3683798909187317,-0.1198309138417244,5
0.7890974283218384,0.8966044187545776,6.437009005821892e-07,0.6915467977523804,0.8513666987419128,-0.032725609838962555,0.6049160361289978,0.7625129222869873,-0.04896776005625725,0.5358676910400391,0.7001625299453735,-0.06428002566099167,0.476046085357666,0.6642797589302063,-0.0798390805721283,0.672817051410675,0.5728825330734253,-0.021751558408141136,0.6296125650405884,0.4482595920562744,-0.04327842593193054,0.6068478226661682,0.36944591999053955,-0.06269975006580353,0.5911122560501099,0.3015129566192627,-0.07913611829280853,0.7351815104484558,0.546081006526947,-0.02886437065899372,0.7286651134490967,0.3969537317752838,-0.046453557908535004,0.7274398803710938,0.3075146973133087,-0.0650557354092598,0.7261368036270142,0.23469528555870056,-0.08047672361135483,0.7948006391525269,0.5529570579528809,-0.04214821383357048,0.8014143705368042,0.41215771436691284,-0.06951455771923065,0.803536057472229,0.32618412375450134,-0.09276938438415527,0.801568329334259,0.24947303533554077,-0.110114686191082,0.8507775664329529,0.588962972164154,-0.05829579010605812,0.8973546028137207,0.4963557720184326,-0.08843962103128433,0.927559494972229,0.4313257932662964,-0.10593888908624649,0.9506046772003174,0.36913177371025085,-0.11829560250043869,5
0.7882612943649292,0.8953330516815186,6.431480983337678e-07,0.6914055943489075,0.8515779972076416,-0.0326109454035759,0.6051343679428101,0.7624890804290771,-0.04889347404241562,0.5360149145126343,0.6998724341392517,-0.06426427513360977,0.4760214686393738,0.6646630764007568,-0.079901322722435,0.6731730699539185,0.572942316532135,-0.022423479706048965,0.6296265125274658,0.44929710030555725,-0.04412050545215607,0.6063901782035828,0.3707081377506256,-0.06342566758394241,0.5905048251152039,0.3027951121330261,-0.07982487976551056,0.7353892922401428,0.5462342500686646,-0.029714999720454216,0.7290560603141785,0.3970602750778198,-0.04739304259419441,0.7277641296386719,0.3071647882461548,-0.06552937626838684,0.7262440323829651,0.23425841331481934,-0.08061850816011429,0.794904887676239,0.5532854795455933,-0.04315326362848282,0.8017077445983887,0.41251105070114136,-0.07057704776525497,0.8042064309120178,0.3265751600265503,-0.09324250370264053,0.8023009896278381,0.25019001960754395,-0.11013966798782349,0.8506582975387573,0.5893920063972473,-0.059475284069776535,0.8970130681991577,0.49641546607017517,-0.08991232514381409,0.9269891977310181,0.4308534860610962,-0.10746555775403976,0.9495032429695129,0.3684845566749573,-0.11981017142534256,5
0.78861004114151,0.8967078924179077,6.404775945156871e-07,0.6910154223442078,0.852617084980011,-0.03262127563357353,0.6041873693466187,0.7635728120803833,-0.04886109381914139,0.5347245931625366,0.7004465460777283,-0.06412174552679062,0.4749366044998169,0.664617657661438,-0.07966393977403641,0.6731933355331421,0.5731340646743774,-0.022369708865880966,0.6297400593757629,0.4493078589439392,-0.04411749541759491,0.6065722107887268,0.3705365061759949,-0.06369297206401825,0.5907464623451233,0.3021547198295593,-0.08038488775491714,0.7358828783035278,0.5468422174453735,-0.029788140207529068,0.7295834422111511,0.39751794934272766,-0.047563884407281876,0.7283493876457214,0.3072526454925537,-0.06596073508262634,0.7267736792564392,0.23407894372940063,-0.08135928213596344,0.795886218547821,0.5542706251144409,-0.043373893946409225,0.8024538159370422,0.41322606801986694,-0.07095977663993835,0.8046523332595825,0.3271142542362213,-0.09379274398088455,0.8024442195892334,0.2506689429283142,-0.1108519658446312,0.8520770072937012,0.5905634760856628,-0.05983772128820419,0.8979493975639343,0.4968297481536865,-0.09043039381504059,0.9275761842727661,0.4311012923717499,-0.10804623365402222,0.9498143196105957,0.3687255382537842,-0.1204938068985939,5
0.7894771099090576,0.8959024548530579,6.534483532050217e-07,0.691945493221283,0.8515302538871765,-0.03363988175988197,0.6048839688301086,0.7631490230560303,-0.050785187631845474,0.5349531173706055,0.7001201510429382,-0.06678324937820435,0.4742562770843506,0.6640352606773376,-0.08291403949260712,0.6733868718147278,0.5719136595726013,-0.023215224966406822,0.6298584938049316,0.44819217920303345,-0.04501807317137718,0.6069672107696533,0.369841992855072,-0.064666748046875,0.5914834141731262,0.30189716815948486,-0.08136356621980667,0.7362854480743408,0.5457205772399902,-0.030182767659425735,0.7296306490898132,0.39638662338256836,-0.04767686128616333,0.7283570766448975,0.3062582314014435,-0.06602948904037476,0.7270253896713257,0.23264098167419434,-0.08151151984930038,0.7965174317359924,0.5535321831703186,-0.043393999338150024,0.8026056289672852,0.41294190287590027,-0.07079508900642395,0.8046545386314392,0.32739564776420593,-0.09362143278121948,0.802466630935669,0.25104010105133057,-0.11076787859201431,0.8529372811317444,0.5904427766799927,-0.05956558138132095,0.8984094858169556,0.49687057733535767,-0.08977161347866058,0.928254246711731,0.4316886365413666,-0.10710771381855011,0.9507309794425964,0.3693665564060211,-0.1194252297282219,5
0.7894768118858337,0.896080732345581,6.488348276434408e-07,0.6915039420127869,0.8509366512298584,-0.03267786279320717,0.6048023104667664,0.7619401812553406,-0.049265239387750626,0.5352106094360352,0.6991769075393677,-0.06505382806062698,0.47431573271751404,0.6646211743354797,-0.08109214901924133,0.6730823516845703,0.5722228288650513,-0.021569877862930298,0.6300086975097656,0.4484913945198059,-0.043195098638534546,0.6071678400039673,0.3700142502784729,-0.06274226307868958,0.5913975238800049,0.3023005425930023,-0.07935082167387009,0.7355412244796753,0.5458367466926575,-0.028982069343328476,0.7290744185447693,0.3966180086135864,-0.04667769372463226,0.727747917175293,0.3068503439426422,-0.06516282260417938,0.7262235879898071,0.2337612509727478,-0.08055227249860764,0.7956401109695435,0.5531198978424072,-0.04262035712599754,0.8015660047531128,0.41226959228515625,-0.07015982270240784,0.8034771084785461,0.3261483311653137,-0.0931476503610611,0.8012610673904419,0.2493596374988556,-0.11029638350009918,0.8520222902297974,0.5895141363143921,-0.05914830043911934,0.8980459570884705,0.4962960481643677,-0.0893474742770195,0.928040623664856,0.43096303939819336,-0.10671653598546982,0.9506936073303223,0.3688865005970001,-0.11901295930147171,5
0.7874948978424072,0.8946707844734192,6.510683192573197e-07,0.6909182667732239,0.8494460582733154,-0.03285108506679535,0.6053286194801331,0.7624099850654602,-0.04996117949485779,0.5363667011260986,0.7004216909408569,-0.06616441160440445,0.4761189818382263,0.6645981073379517,-0.08261823654174805,0.6732643842697144,0.5720121264457703,-0.023165367543697357,0.6302744150161743,0.44815975427627563,-0.04529320448637009,0.6071916818618774,0.36967286467552185,-0.0649765357375145,0.5912073850631714,0.3019676208496094,-0.08151265233755112,0.735750138759613,0.5458148121833801,-0.030570220202207565,0.7295746803283691,0.3964362144470215,-0.04857166111469269,0.7279757857322693,0.30641844868659973,-0.06700022518634796,0.7259789109230042,0.23368391394615173,-0.08222128450870514,0.7956429719924927,0.5532548427581787,-0.044108662754297256,0.8026384115219116,0.41231900453567505,-0.0716746523976326,0.8046373128890991,0.32617565989494324,-0.09439851343631744,0.8020961284637451,0.24974244832992554,-0.11127732694149017,0.8516930937767029,0.5897852182388306,-0.06053285673260689,0.8985471725463867,0.49690645933151245,-0.09074528515338898,0.9283495545387268,0.4314133822917938,-0.1079666018486023,0.9506462812423706,0.36939144134521484,-0.12002665549516678,5
0.7904778122901917,0.8956440687179565,6.483867309725611e-07,0.6933181881904602,0.8527384400367737,-0.03335317596793175,0.6064768433570862,0.7647799849510193,-0.050409626215696335,0.5367920994758606,0.7020403146743774,-0.06622495502233505,0.47651058435440063,0.6659213304519653,-0.08216261118650436,0.673438549041748,0.5726133584976196,-0.02442566491663456,0.6300250291824341,0.4473344087600708,-0.04643099382519722,0.6069707870483398,0.36837053298950195,-0.06585223227739334,0.5912372469902039,0.30023956298828125,-0.08233359456062317,0.7361534833908081,0.5465061664581299,-0.03137415647506714,0.7297895550727844,0.3968527615070343,-0.04939169064164162,0.7293971180915833,0.3070451617240906,-0.06767326593399048,0.7288240194320679,0.2343355119228363,-0.08296745270490646,0.7962639927864075,0.5541349053382874,-0.044424187391996384,0.8026009798049927,0.41318100690841675,-0.07225736975669861,0.8052902817726135,0.32736721634864807,-0.0952119529247284,0.8037552833557129,0.25110143423080444,-0.11237262934446335,0.8527998328208923,0.5907286405563354,-0.060337115079164505,0.8989824056625366,0.4971557557582855,-0.09110254049301147,0.9290242195129395,0.43171462416648865,-0.10886433720588684,0.9516140818595886,0.3694302439689636,-0.12140483409166336,5
0.788009762763977,0.8949853181838989,6.510053935926408e-07,0.6919084191322327,0.8501796126365662,-0.03344306722283363,0.6060464978218079,0.762485146522522,-0.05082131549715996,0.5368586778640747,0.7000616788864136,-0.06701873242855072,0.47623246908187866,0.6654373407363892,-0.08345487713813782,0.6730338931083679,0.5702338814735413,-0.02415827289223671,0.6302703022956848,0.4475911855697632,-0.046561308205127716,0.6073541045188904,0.3694021701812744,-0.06661421060562134,0.5915336608886719,0.30183762311935425,-0.08350628614425659,0.7357834577560425,0.5436872243881226,-0.031347304582595825,0.7300884127616882,0.3952307105064392,-0.04966232553124428,0.7288753390312195,0.3059595823287964,-0.06833600997924805,0.7273262739181519,0.2332509160041809,-0.08378036320209503,0.7959793210029602,0.5517441630363464,-0.04464476555585861,0.803141713142395,0.41162753105163574,-0.07264378666877747,0.8052675127983093,0.3258078992366791,-0.09569807350635529,0.8029823303222656,0.2490587830543518,-0.11279649287462234,0.8522436618804932,0.5898247361183167,-0.060810744762420654,0.8988288640975952,0.49612921476364136,-0.09141319990158081,0.9287182092666626,0.4308042526245117,-0.1086944118142128,0.9510840177536011,0.3685486316680908,-0.12078459560871124,5
0.7901017069816589,0.8950666785240173,6.487245514108508e-07,0.6937240958213806,0.8523296117782593,-0.03321801871061325,0.6068893671035767,0.764581561088562,-0.050149571150541306,0.5375814437866211,0.7020168304443359,-0.06589850783348083,0.47744593024253845,0.6662987470626831,-0.0818338543176651,0.6735548377037048,0.5721599459648132,-0.024305665865540504,0.6304258704185486,0.4478380084037781,-0.0463164746761322,0.6072800159454346,0.36899274587631226,-0.06586223840713501,0.591420590877533,0.3008549213409424,-0.08251500874757767,0.7361512780189514,0.5453001260757446,-0.031445033848285675,0.729800283908844,0.3958175480365753,-0.049296215176582336,0.7294864654541016,0.30571600794792175,-0.06737919896841049,0.7290984392166138,0.23327022790908813,-0.08261075615882874,0.7964974045753479,0.5528560280799866,-0.04471864551305771,0.8026164174079895,0.4119104743003845,-0.07234855741262436,0.8050278425216675,0.326168030500412,-0.09506859630346298,0.8032363057136536,0.25017407536506653,-0.11215610057115555,0.8533694744110107,0.5898776054382324,-0.0608808770775795,0.8992968797683716,0.49595052003860474,-0.09143498539924622,0.929043173789978,0.4305546283721924,-0.10899604111909866,0.9511932730674744,0.36861753463745117,-0.12147606909275055,5
0.7910562753677368,0.8969892263412476,6.463071144935384e-07,0.6934658288955688,0.8520150184631348,-0.032666683197021484,0.6065096855163574,0.7639679908752441,-0.04936112090945244,0.5368834733963013,0.7007484436035156,-0.06501732766628265,0.4767700433731079,0.6646082401275635,-0.0808032676577568,0.6741437911987305,0.5719796419143677,-0.02235514111816883,0.6307224035263062,0.44803982973098755,-0.04419131204485893,0.6076867580413818,0.36932772397994995,-0.06385546922683716,0.5918630361557007,0.3015657067298889,-0.08049662411212921,0.7368478775024414,0.5452858209609985,-0.029760491102933884,0.7302954792976379,0.3959083557128906,-0.04760096222162247,0.728588342666626,0.30546414852142334,-0.06612996011972427,0.7267131209373474,0.23281782865524292,-0.08147077262401581,0.7970755100250244,0.5528000593185425,-0.043313317000865936,0.8031728863716125,0.411727637052536,-0.07085859775543213,0.8049510717391968,0.3252297043800354,-0.09384220093488693,0.8025580048561096,0.24864688515663147,-0.11092787235975266,0.8535001277923584,0.5900046825408936,-0.05970897525548935,0.899566113948822,0.4962976276874542,-0.09021105617284775,0.9288864135742188,0.4304073452949524,-0.10776399075984955,0.9509148597717285,0.3678363561630249,-0.12003344297409058,5
0.7910221219062805,0.8974079489707947,6.530722771458386e-07,0.6934717297554016,0.8520526885986328,-0.032946232706308365,0.6071752905845642,0.7636997699737549,-0.04975659027695656,0.5377951860427856,0.6998475790023804,-0.06554367393255234,0.47721049189567566,0.6637426018714905,-0.08143407106399536,0.674400269985199,0.5719526410102844,-0.021932795643806458,0.6309943199157715,0.44762980937957764,-0.04382148012518883,0.6078515648841858,0.3688221275806427,-0.06358225643634796,0.5919685959815979,0.3010391891002655,-0.08022593706846237,0.7367871403694153,0.5454261302947998,-0.029158301651477814,0.7302016019821167,0.3959040641784668,-0.04685476794838905,0.7288261651992798,0.30538490414619446,-0.06528694927692413,0.7274765968322754,0.2324926257133484,-0.08052543550729752,0.7967783808708191,0.5532268285751343,-0.04261341691017151,0.8032054305076599,0.4123786687850952,-0.07003267109394073,0.8053244352340698,0.3262045085430145,-0.09288858622312546,0.8032644391059875,0.24974504113197327,-0.1098492369055748,0.8530865907669067,0.5905848145484924,-0.05896652489900589,0.8993868231773376,0.49717792868614197,-0.08915230631828308,0.9288597106933594,0.4321115016937256,-0.1063629686832428,0.9510277509689331,0.3701030910015106,-0.11837463825941086,5
0.789378821849823,0.8977419137954712,6.383787649610895e-07,0.692290186882019,0.8510810136795044,-0.031005455181002617,0.6064465641975403,0.7628569602966309,-0.04691528528928757,0.5381958484649658,0.6993020176887512,-0.062090616673231125,0.4787370264530182,0.6642037034034729,-0.07748299092054367,0.6748680472373962,0.571528971195221,-0.020361879840493202,0.632150411605835,0.4477766156196594,-0.04159659147262573,0.6094510555267334,0.3698059022426605,-0.06100078299641609,0.5939368605613708,0.3027990758419037,-0.07745322585105896,0.7374739646911621,0.546002984046936,-0.028400899842381477,0.7306898236274719,0.3971424102783203,-0.04569173604249954,0.7292783856391907,0.30685955286026,-0.06404224038124084,0.7277518510818481,0.23393923044204712,-0.07932564616203308,0.7975799441337585,0.5540798306465149,-0.04248401150107384,0.8037816286087036,0.4129933714866638,-0.06950061768293381,0.8059808015823364,0.3270019292831421,-0.09225767850875854,0.8039067387580872,0.25078263878822327,-0.10928335040807724,0.8537683486938477,0.5915220379829407,-0.059295348823070526,0.8996813297271729,0.4981846511363983,-0.08923663944005966,0.9288880825042725,0.4328731894493103,-0.10643385350704193,0.9507595300674438,0.3707776367664337,-0.11855258047580719,5
0.7899417877197266,0.8963618278503418,6.47557726551895e-07,0.6932418346405029,0.8509864807128906,-0.032919712364673615,0.6074073314666748,0.7640389800071716,-0.050069380551576614,0.5385668277740479,0.7006668448448181,-0.06608981639146805,0.479097843170166,0.6644553542137146,-0.08221643418073654,0.6753253936767578,0.5728356838226318,-0.023633478209376335,0.6326674222946167,0.44851893186569214,-0.045870065689086914,0.6098066568374634,0.36994367837905884,-0.06568099558353424,0.5942535400390625,0.3028133809566498,-0.08236628025770187,0.7383567094802856,0.5472841858863831,-0.030916843563318253,0.7316598296165466,0.3975768983364105,-0.049166787415742874,0.7303003072738647,0.30687764286994934,-0.06789561361074448,0.7288267612457275,0.23407557606697083,-0.08343655616044998,0.7991418838500977,0.5554654002189636,-0.044294003397226334,0.8051776885986328,0.41387176513671875,-0.07208914309740067,0.8074657320976257,0.3275268077850342,-0.09514831751585007,0.8055097460746765,0.2511347234249115,-0.11229211091995239,0.8563486337661743,0.5929169654846191,-0.06049330160021782,0.9021214246749878,0.49879080057144165,-0.09084801375865936,0.931014358997345,0.4330570101737976,-0.10830067098140717,0.9525237083435059,0.3707510828971863,-0.12058345228433609,5
0.7897001504898071,0.8968926668167114,6.390583848769893e-07,0.6928341388702393,0.8507735729217529,-0.03287993744015694,0.6066153645515442,0.7631761431694031,-0.04975719749927521,0.5379798412322998,0.6999501585960388,-0.06542878597974777,0.47844988107681274,0.664271354675293,-0.08118674904108047,0.6747795939445496,0.5714918971061707,-0.023119723424315453,0.6322647929191589,0.44744718074798584,-0.04504216089844704,0.6093372702598572,0.3687611222267151,-0.06451648473739624,0.5935441851615906,0.30192506313323975,-0.08092433959245682,0.7381787896156311,0.5456846952438354,-0.030184948816895485,0.731791079044342,0.39673033356666565,-0.048174574971199036,0.7309269905090332,0.30764785408973694,-0.06649734079837799,0.7299469709396362,0.2364385724067688,-0.08163324743509293,0.7991651296615601,0.5539448261260986,-0.04336118325591087,0.8055891394615173,0.41329556703567505,-0.07107378542423248,0.8081356287002563,0.32835280895233154,-0.0935075506567955,0.8063897490501404,0.25324398279190063,-0.11006346344947815,0.8565702438354492,0.5916529893875122,-0.059373121708631516,0.902823805809021,0.4978298842906952,-0.0895395576953888,0.9319264888763428,0.43244314193725586,-0.10653477907180786,0.9534943103790283,0.37039852142333984,-0.11838027834892273,5
