0.8264713883399963,1.0195260047912598,-3.567256356973303e-08,0.775227427482605,1.0191216468811035,-0.02434411458671093,0.7269437313079834,0.9927711486816406,-0.04992169886827469,0.6783193349838257,0.9676209688186646,-0.07467938959598541,0.6340991854667664,0.9521645307540894,-0.1008470356464386,0.7588545680046082,0.9222579002380371,-0.0460076630115509,0.7419463992118835,0.8618770837783813,-0.07553643733263016,0.7271637916564941,0.8302557468414307,-0.09815990179777145,0.7120059132575989,0.814023494720459,-0.1124393567442894,0.8101083636283875,0.9154786467552185,-0.05054730176925659,0.7998234033584595,0.8593348264694214,-0.06949938088655472,0.7926321029663086,0.8348127603530884,-0.08097077906131744,0.7868258357048035,0.8175525069236755,-0.09088388830423355,0.8588309288024902,0.929078221321106,-0.05718912556767464,0.8655242919921875,0.873893141746521,-0.07621388882398605,0.8675544261932373,0.8468741774559021,-0.07910647243261337,0.868420422077179,0.8243182897567749,-0.08180547505617142,0.901141345500946,0.954990029335022,-0.06547383219003677,0.9204739928245544,0.9230825901031494,-0.0817798525094986,0.9325663447380066,0.9011037945747375,-0.08065573871135712,0.940811276435852,0.8814135193824768,-0.07893207669258118,5
0.8301109671592712,1.0690815448760986,4.0102349885273725e-07,0.7618868947029114,1.0536129474639893,-0.033464252948760986,0.699077844619751,0.9973559975624084,-0.055615562945604324,0.6526341438293457,0.9456352591514587,-0.0733795091509819,0.6138999462127686,0.8967069387435913,-0.09070824831724167,0.7455297708511353,0.8759547472000122,-0.046990782022476196,0.7228115797042847,0.7973901629447937,-0.07099177688360214,0.7064428925514221,0.7493709325790405,-0.08777721226215363,0.6922720670700073,0.7071779370307922,-0.10077309608459473,0.8036140203475952,0.8574082851409912,-0.04846520721912384,0.7983579635620117,0.7798682451248169,-0.07083377987146378,0.7981827855110168,0.7389283776283264,-0.08562789857387543,0.7987280488014221,0.7049389481544495,-0.09614648669958115,0.8603271842002869,0.8675292730331421,-0.05284671112895012,0.8665762543678284,0.7893545627593994,-0.081340491771698,0.8693557977676392,0.740599513053894,-0.09467031806707382,0.8701041340827942,0.693479597568512,-0.10255049169063568,0.9142717719078064,0.8977894186973572,-0.058592043817043304,0.944747805595398,0.8311752080917358,-0.08722557127475739,0.9639478921890259,0.7876756191253662,-0.09643352031707764,0.9785891771316528,0.7469679117202759,-0.10031792521476746,5
0.8283220529556274,1.0900681018829346,5.230379542808805e-07,0.7497471570968628,1.052224040031433,-0.03286402300000191,0.6860601305961609,0.9764100313186646,-0.05168025568127632,0.6395028829574585,0.9022554159164429,-0.06645102053880692,0.5979390144348145,0.8418270349502563,-0.08056049048900604,0.7355720400810242,0.8350276350975037,-0.03863807022571564,0.7086907029151917,0.7320648431777954,-0.05791805312037468,0.6904423832893372,0.6705576777458191,-0.07186481356620789,0.6768374443054199,0.6173807382583618,-0.08341879397630692,0.798586905002594,0.8198682069778442,-0.038967493921518326,0.7901574969291687,0.7133382558822632,-0.05699104070663452,0.7901336550712585,0.6513240933418274,-0.07132846862077713,0.7915090918540955,0.6024379730224609,-0.08272203803062439,0.857255756855011,0.8338176608085632,-0.042857345193624496,0.8618117570877075,0.7262983322143555,-0.07077440619468689,0.8643743991851807,0.6614553332328796,-0.08940917998552322,0.863969087600708,0.6048768758773804,-0.10137023031711578,0.912217378616333,0.8671863079071045,-0.04787047579884529,0.9487099051475525,0.7787717580795288,-0.07860010862350464,0.9719213843345642,0.7226166725158691,-0.09437979757785797,0.9893174171447754,0.6709445118904114,-0.10339175909757614,5
0.8271799087524414,1.0588818788528442,6.364796831803687e-07,0.7462641000747681,1.016167163848877,-0.031078970059752464,0.6833642721176147,0.9395275115966797,-0.04825495555996895,0.6346031427383423,0.857949435710907,-0.062268875539302826,0.5922647714614868,0.7922675609588623,-0.07515957206487656,0.731455385684967,0.790092408657074,-0.024810176342725754,0.704760730266571,0.6822460889816284,-0.041083045303821564,0.6891526579856873,0.6197386384010315,-0.05490652844309807,0.6781360507011414,0.5667603015899658,-0.06611892580986023,0.7936349511146545,0.7738408446311951,-0.0253898948431015,0.7905523180961609,0.6469659805297852,-0.03828461468219757,0.7925394177436829,0.5726898908615112,-0.05202753096818924,0.7958371043205261,0.5159192085266113,-0.06309930235147476,0.8530944585800171,0.7886539101600647,-0.030264612287282944,0.8608430624008179,0.6681856513023376,-0.052538469433784485,0.8660759329795837,0.598072350025177,-0.07028055936098099,0.8690503239631653,0.5385118722915649,-0.08218265324831009,0.9099466800689697,0.8243580460548401,-0.03666973114013672,0.9464741945266724,0.7368898987770081,-0.061983622610569,0.9687947630882263,0.6803733706474304,-0.07535216212272644,0.9863651990890503,0.6290268898010254,-0.08298157155513763,5
0.8280656337738037,1.0323368310928345,6.825800369369972e-07,0.7404302954673767,0.9913356304168701,-0.03230399638414383,0.6741970181465149,0.9118614196777344,-0.04960894584655762,0.6279042959213257,0.8291569352149963,-0.0635935366153717,0.5861581563949585,0.7671477198600769,-0.07687506079673767,0.7341067790985107,0.7598094344139099,-0.029160942882299423,0.7051846981048584,0.6483827829360962,-0.049617938697338104,0.6880062222480774,0.58116614818573,-0.06626508384943008,0.6765300035476685,0.5234110355377197,-0.07902822643518448,0.7954477071762085,0.7437406182289124,-0.031111031770706177,0.7947384119033813,0.6075361967086792,-0.047658197581768036,0.7975764870643616,0.5213195085525513,-0.06356804072856903,0.8033933639526367,0.4549327492713928,-0.07570049166679382,0.8530519604682922,0.7597643136978149,-0.03748545050621033,0.8621225357055664,0.630729615688324,-0.0624379925429821,0.8679181933403015,0.5531138181686401,-0.0816856324672699,0.8722450137138367,0.4870060980319977,-0.09413736313581467,0.9086241126060486,0.7985915541648865,-0.045635879039764404,0.9473364949226379,0.7065637707710266,-0.07232270389795303,0.9698431491851807,0.6469669342041016,-0.08570241928100586,0.9875058531761169,0.5922616720199585,-0.09311884641647339,5
0.8234323263168335,1.0105006694793701,6.873032134535606e-07,0.7345993518829346,0.967981219291687,-0.0319782979786396,0.6677443385124207,0.8851807117462158,-0.0498691089451313,0.6186184883117676,0.804993748664856,-0.06463660299777985,0.5753430128097534,0.7470042109489441,-0.07921171933412552,0.7318648099899292,0.7332714200019836,-0.03358122333884239,0.7003604173660278,0.6163448691368103,-0.056586023420095444,0.6823041439056396,0.5438393354415894,-0.07450620085000992,0.6716423034667969,0.4828105866909027,-0.08793505281209946,0.7948819398880005,0.715888261795044,-0.03661085665225983,0.7936950325965881,0.5735386610031128,-0.054861634969711304,0.7958568930625916,0.4835556745529175,-0.07143665850162506,0.8009760975837708,0.4154629707336426,-0.08400965481996536,0.8536490797996521,0.7301977872848511,-0.04384336620569229,0.8628849983215332,0.5957688093185425,-0.07005313038825989,0.8688970804214478,0.513154923915863,-0.09001816809177399,0.873245120048523,0.44492408633232117,-0.10308869183063507,0.9092825055122375,0.7688604593276978,-0.05281843617558479,0.9494619965553284,0.6751594543457031,-0.08035644143819809,0.9737439155578613,0.6139122247695923,-0.0940755158662796,0.9924681186676025,0.5593494176864624,-0.1018543690443039,5
0.8242157697677612,1.0041946172714233,6.56297515888582e-07,0.7371792793273926,0.9586293697357178,-0.03618462011218071,0.6656790971755981,0.8675589561462402,-0.055901460349559784,0.6129158735275269,0.7881742119789124,-0.07226622104644775,0.5657922029495239,0.7317778468132019,-0.08821035921573639,0.7302876114845276,0.706024169921875,-0.03371759504079819,0.6982095241546631,0.5882933735847473,-0.05829000845551491,0.6793735027313232,0.5137423276901245,-0.07853873074054718,0.6674128770828247,0.45094019174575806,-0.09430982917547226,0.7927929759025574,0.6916500329971313,-0.0373566560447216,0.7929364442825317,0.5515653491020203,-0.05708744004368782,0.7966222167015076,0.4633086025714874,-0.07540703564882278,0.8009410500526428,0.393685519695282,-0.08981505781412125,0.850516140460968,0.709259033203125,-0.04620514437556267,0.860931932926178,0.5757496953010559,-0.07421201467514038,0.8669671416282654,0.4930124282836914,-0.09431832283735275,0.8692097067832947,0.42164167761802673,-0.10812659561634064,0.9049857258796692,0.7510900497436523,-0.057492442429065704,0.9441739916801453,0.654502809047699,-0.08622154593467712,0.9690334796905518,0.5916493535041809,-0.09974409639835358,0.987048864364624,0.5334634184837341,-0.10814123600721359,5
0.8275570273399353,0.9910832047462463,6.818643782935396e-07,0.736831784248352,0.9490403532981873,-0.0330936461687088,0.661134660243988,0.8519577980041504,-0.048606179654598236,0.6068955659866333,0.7713212966918945,-0.06132812052965164,0.5578221082687378,0.7208470106124878,-0.07347717136144638,0.72762531042099,0.6841249465942383,-0.023350656032562256,0.6942527890205383,0.564795970916748,-0.043063536286354065,0.6751213669776917,0.4907471537590027,-0.06066445633769035,0.662277340888977,0.43030545115470886,-0.0748557448387146,0.7909443378448486,0.6691699028015137,-0.02731877565383911,0.7896419167518616,0.5259739756584167,-0.0422137975692749,0.7917494177818298,0.436330646276474,-0.05853567644953728,0.7944771647453308,0.3668932318687439,-0.07153615355491638,0.8495760560035706,0.6865317821502686,-0.03678745776414871,0.8585746884346008,0.5488247871398926,-0.06126390025019646,0.8641303181648254,0.4664287269115448,-0.08130962401628494,0.8659496307373047,0.3954090178012848,-0.09528960287570953,0.9046170115470886,0.728644073009491,-0.04864884167909622,0.9443135261535645,0.6337219476699829,-0.07539446651935577,0.9694811105728149,0.5729188323020935,-0.08906275033950806,0.9882395267486572,0.5159664154052734,-0.09769211709499359,5
0.833128809928894,0.9783852100372314,6.845929760856961e-07,0.7366073131561279,0.9361882209777832,-0.032906729727983475,0.6584185361862183,0.8400844931602478,-0.0474480502307415,0.6018924713134766,0.7600876688957214,-0.05868632346391678,0.5518749952316284,0.7092612385749817,-0.06939452141523361,0.724892258644104,0.6658023595809937,-0.023701179772615433,0.6896227598190308,0.5441005825996399,-0.04171831160783768,0.6711671352386475,0.4679397940635681,-0.05773571878671646,0.6594719886779785,0.40569618344306946,-0.0709235891699791,0.7902727127075195,0.6493088006973267,-0.02687470056116581,0.7891520857810974,0.504142165184021,-0.04029169678688049,0.7905344367027283,0.41419827938079834,-0.05567588284611702,0.7918810248374939,0.3458860218524933,-0.06802519410848618,0.8499516248703003,0.6665120124816895,-0.03536206856369972,0.8599092364311218,0.5293696522712708,-0.0592007040977478,0.864523708820343,0.44448122382164,-0.08024731278419495,0.8653409481048584,0.3716471791267395,-0.09492398798465729,0.904089629650116,0.70856112241745,-0.04601753130555153,0.9433279037475586,0.6142987608909607,-0.07269031554460526,0.9671326875686646,0.553875744342804,-0.08712974935770035,0.9844092726707458,0.49701443314552307,-0.09622231870889664,5
0.830231785774231,0.9649761915206909,6.592344448108634e-07,0.7343353629112244,0.9216019511222839,-0.0330500453710556,0.6553640961647034,0.8275858163833618,-0.047934263944625854,0.5992262959480286,0.7505686283111572,-0.06002403795719147,0.5503190755844116,0.7016691565513611,-0.07172254472970963,0.721673846244812,0.6504166722297668,-0.02345971018075943,0.685620903968811,0.5302065014839172,-0.042817313224077225,0.6663900017738342,0.4539005756378174,-0.05998171493411064,0.654823899269104,0.39104363322257996,-0.07421722263097763,0.7866549491882324,0.6330246329307556,-0.02789626643061638,0.7843649983406067,0.4901266396045685,-0.04303077980875969,0.785672664642334,0.40285125374794006,-0.059607747942209244,0.7880473732948303,0.3341597020626068,-0.07287140935659409,0.8461770415306091,0.6492351293563843,-0.037882085889577866,0.8559185862541199,0.5116169452667236,-0.06336449831724167,0.8612632751464844,0.4270339906215668,-0.0845748633146286,0.8632214069366455,0.35233694314956665,-0.09954521805047989,0.9008759260177612,0.6914294958114624,-0.050199955701828,0.9414041042327881,0.5990928411483765,-0.07875074446201324,0.9660680890083313,0.5376706123352051,-0.0938321202993393,0.9839394688606262,0.47879475355148315,-0.10341345518827438,5
0.8271455764770508,0.9526313543319702,6.660478106823575e-07,0.731538712978363,0.9098284244537354,-0.03325842320919037,0.6522024273872375,0.8185921311378479,-0.048617251217365265,0.5948880910873413,0.7427672743797302,-0.06098492071032524,0.5452904105186462,0.6948217153549194,-0.07287449389696121,0.7190792560577393,0.6393205523490906,-0.02528124675154686,0.682666003704071,0.5171337127685547,-0.04435223713517189,0.6632061004638672,0.44099873304367065,-0.06093135476112366,0.6520063281059265,0.3785923421382904,-0.07452849298715591,0.7842113971710205,0.6218680143356323,-0.02891957387328148,0.7822557687759399,0.4780806303024292,-0.04372850060462952,0.784706711769104,0.39050230383872986,-0.05972917005419731,0.7889558672904968,0.3230437934398651,-0.07255455106496811,0.8437067270278931,0.6376411318778992,-0.037944961339235306,0.8543784618377686,0.5010213851928711,-0.06281282007694244,0.8605766892433167,0.4169357717037201,-0.08384159207344055,0.8635711669921875,0.34350916743278503,-0.09869121015071869,0.8982821106910706,0.6785028576850891,-0.04925791174173355,0.9406254887580872,0.5864831805229187,-0.07731795310974121,0.966080367565155,0.5249384045600891,-0.09245947003364563,0.9850286841392517,0.466328501701355,-0.10200441628694534,5
0.825016975402832,0.9428844451904297,6.613395839849545e-07,0.7302272915840149,0.9013702869415283,-0.0321931391954422,0.6496129631996155,0.8107988834381104,-0.04663753882050514,0.5918588042259216,0.7384748458862305,-0.05859549716114998,0.5415417551994324,0.6950870156288147,-0.07030860334634781,0.7168841361999512,0.6297866702079773,-0.02556098811328411,0.679959774017334,0.5063999891281128,-0.045106980949640274,0.6600750088691711,0.42901086807250977,-0.06151166185736656,0.6484053730964661,0.36571773886680603,-0.07505913823843002,0.7814294695854187,0.6121487617492676,-0.030254749581217766,0.7792097330093384,0.46733957529067993,-0.04576018825173378,0.7810161709785461,0.37892580032348633,-0.06171373277902603,0.783811628818512,0.31045812368392944,-0.0745130181312561,0.8409178256988525,0.6275917291641235,-0.04036816209554672,0.8519724011421204,0.49287599325180054,-0.06595507264137268,0.858587920665741,0.4100172817707062,-0.08698147535324097,0.8612791299819946,0.3380957245826721,-0.10180352628231049,0.8958612680435181,0.668099582195282,-0.05279141291975975,0.9394109845161438,0.5775032043457031,-0.08195072412490845,0.9662867188453674,0.5164564251899719,-0.09778767079114914,0.9862223863601685,0.45895811915397644,-0.10784673690795898,5
0.8217751979827881,0.936427116394043,6.429857535295014e-07,0.7269911170005798,0.8938223719596863,-0.03302362933754921,0.6461160182952881,0.8028035163879395,-0.048082005232572556,0.5876932740211487,0.7318770885467529,-0.060785841196775436,0.5364497303962708,0.6909632086753845,-0.07321114093065262,0.7146778702735901,0.6222705245018005,-0.026469729840755463,0.6778542995452881,0.4997984766960144,-0.04685209318995476,0.6574293375015259,0.42182785272598267,-0.06416256725788116,0.6451030373573303,0.357471227645874,-0.07856843620538712,0.7787402272224426,0.6037581562995911,-0.031032970175147057,0.7762997150421143,0.4629212021827698,-0.0476260781288147,0.7801195383071899,0.37565192580223083,-0.06382186710834503,0.7856597304344177,0.3069705665111542,-0.07680465281009674,0.8383837342262268,0.6184827089309692,-0.041095975786447525,0.8488991856575012,0.4859021008014679,-0.06744952499866486,0.8562659025192261,0.40637651085853577,-0.08779129385948181,0.8604298830032349,0.33654069900512695,-0.10207493603229523,0.8937954306602478,0.6590232253074646,-0.053685516119003296,0.9378979206085205,0.5716294646263123,-0.08357729762792587,0.9654526710510254,0.5119144916534424,-0.09936591237783432,0.9869202375411987,0.4549770653247833,-0.1093212440609932,5
0.8167003393173218,0.9323534965515137,6.572135475835239e-07,0.7227234244346619,0.8898345232009888,-0.03334449976682663,0.6411246657371521,0.8005357980728149,-0.04886799305677414,0.5815821290016174,0.7326620221138,-0.0621955506503582,0.5300661325454712,0.6938271522521973,-0.07556382566690445,0.712047278881073,0.618790328502655,-0.02815992757678032,0.6754112243652344,0.4960259199142456,-0.04973801225423813,0.6544010043144226,0.4177597165107727,-0.06775516271591187,0.641230583190918,0.3533697724342346,-0.0824524536728859,0.7754588723182678,0.6001969575881958,-0.03332273289561272,0.7726286053657532,0.4558272063732147,-0.05046396702528,0.7734460234642029,0.3647015690803528,-0.0670606940984726,0.7760035395622253,0.292705774307251,-0.08044973760843277,0.8346965312957764,0.6144003868103027,-0.04411783069372177,0.8457775712013245,0.4814316928386688,-0.07116147875785828,0.8524254560470581,0.400762140750885,-0.09263090044260025,0.8556540012359619,0.33026161789894104,-0.10768206417560577,0.8897184729576111,0.6542644500732422,-0.05750647559762001,0.9355586767196655,0.5663965344429016,-0.08806129544973373,0.9640474319458008,0.5068596005439758,-0.10475043207406998,0.9863417148590088,0.4505865275859833,-0.11545151472091675,5
0.813337504863739,0.9303811192512512,6.169448170112446e-07,0.7211360931396484,0.8876903653144836,-0.033618275076150894,0.6374794244766235,0.7982167601585388,-0.04878353700041771,0.5763823986053467,0.7322288155555725,-0.061879903078079224,0.524532675743103,0.6955030560493469,-0.07499055564403534,0.7093430161476135,0.6174671649932861,-0.027720894664525986,0.6719538569450378,0.4942067861557007,-0.04939989000558853,0.6502352356910706,0.4159238040447235,-0.06750628352165222,0.6357795596122742,0.35132142901420593,-0.08239848166704178,0.7717700004577637,0.597301721572876,-0.03267323225736618,0.7676351070404053,0.4552391767501831,-0.050033699721097946,0.7691321969032288,0.3662947118282318,-0.06637454032897949,0.7719400525093079,0.29465252161026,-0.07965465635061264,0.8307791948318481,0.6095770001411438,-0.043432291597127914,0.8414836525917053,0.4755972623825073,-0.07053069770336151,0.8492292165756226,0.39639830589294434,-0.0915054902434349,0.8532364368438721,0.3259289264678955,-0.10636229068040848,0.8857190608978271,0.6482763886451721,-0.05699504166841507,0.9327242374420166,0.5629922151565552,-0.08805003017187119,0.9627540111541748,0.5038396120071411,-0.10539828985929489,0.9866464138031006,0.44706791639328003,-0.11665719002485275,5
0.8103575110435486,0.9289157390594482,6.415904181267251e-07,0.7167401909828186,0.8876534104347229,-0.03481217846274376,0.6312298774719238,0.7992808222770691,-0.05102436989545822,0.5678055286407471,0.7347774505615234,-0.06509875506162643,0.5137902498245239,0.7008956074714661,-0.07938481122255325,0.7052981853485107,0.6170420050621033,-0.0306056160479784,0.6673846244812012,0.49351269006729126,-0.053336769342422485,0.6454130411148071,0.41461634635925293,-0.07196985930204391,0.630571186542511,0.34909912943840027,-0.08724404871463776,0.767905056476593,0.596231997013092,-0.03568488359451294,0.7633334994316101,0.45302170515060425,-0.054355017840862274,0.7636080980300903,0.3618282675743103,-0.07130064070224762,0.7652118802070618,0.2873503267765045,-0.08502791076898575,0.826772153377533,0.608812689781189,-0.04658539220690727,0.837348997592926,0.4752405881881714,-0.0754687488079071,0.8445615768432617,0.3945868909358978,-0.09767293930053711,0.8481250405311584,0.3228340744972229,-0.11324267089366913,0.8809950351715088,0.6485298871994019,-0.06028575450181961,0.9295195937156677,0.5633410811424255,-0.09339120239019394,0.9609742760658264,0.5037832856178284,-0.1119362860918045,0.9862127900123596,0.4466978907585144,-0.12392589449882507,5
0.8090916872024536,0.929232120513916,6.376052397172316e-07,0.7146118879318237,0.8889918327331543,-0.03468810394406319,0.6285198926925659,0.8039408326148987,-0.051041532307863235,0.5644267797470093,0.7421703338623047,-0.06554350256919861,0.5094304084777832,0.7093904614448547,-0.08022242784500122,0.702189564704895,0.6179347038269043,-0.02919994667172432,0.6634693741798401,0.49465060234069824,-0.051902491599321365,0.6403369903564453,0.41652584075927734,-0.07075255364179611,0.6240811944007874,0.3510059118270874,-0.0861370638012886,0.7635979652404785,0.5952695608139038,-0.034394990652799606,0.7576091885566711,0.4505326449871063,-0.05291911959648132,0.7573585510253906,0.3581080138683319,-0.06981910765171051,0.7589030861854553,0.2829214930534363,-0.08353406935930252,0.8219082951545715,0.6066162586212158,-0.045524757355451584,0.8321347832679749,0.4732816219329834,-0.07418263703584671,0.8393292427062988,0.393911212682724,-0.09583302587270737,0.8430923223495483,0.32345694303512573,-0.11090455204248428,0.8766431212425232,0.6456094980239868,-0.05959734693169594,0.9252694845199585,0.560400664806366,-0.09235269576311111,0.956662654876709,0.5003798604011536,-0.11052192002534866,0.9822382926940918,0.4430171251296997,-0.12214352190494537,5
0.8078333735466003,0.9296479225158691,6.296713763731532e-07,0.7130176424980164,0.8903305530548096,-0.03464683145284653,0.6254456043243408,0.8049395084381104,-0.05058004707098007,0.5597887635231018,0.7445313930511475,-0.06485329568386078,0.5040684938430786,0.7120887041091919,-0.07933896780014038,0.6966394186019897,0.6185886859893799,-0.027309540659189224,0.6579514741897583,0.49611377716064453,-0.05013038218021393,0.6350337266921997,0.41763031482696533,-0.06926797330379486,0.6181491613388062,0.35235118865966797,-0.08503874391317368,0.758004903793335,0.5952574014663696,-0.03294896334409714,0.7521033883094788,0.45241886377334595,-0.052213024348020554,0.7517396211624146,0.36165058612823486,-0.0699976459145546,0.7523157596588135,0.28735172748565674,-0.08428246527910233,0.8167282938957214,0.605607807636261,-0.04469327628612518,0.8244611024856567,0.47161728143692017,-0.07418568432331085,0.8295648097991943,0.3904585838317871,-0.09673499315977097,0.8312442302703857,0.3175859749317169,-0.11250216513872147,0.8724660873413086,0.6437831521034241,-0.0593855082988739,0.9201590418815613,0.5584499835968018,-0.09254185855388641,0.9507193565368652,0.4980320632457733,-0.11112495511770248,0.9750208854675293,0.44028741121292114,-0.12322749942541122,5
0.8047441244125366,0.9306374788284302,6.439189519369393e-07,0.709003210067749,0.8902769684791565,-0.03453807532787323,0.6220788955688477,0.8066405057907104,-0.0504782572388649,0.5558130741119385,0.7474155426025391,-0.06488890200853348,0.4995969533920288,0.7155346274375916,-0.07955214381217957,0.6928005814552307,0.618804931640625,-0.0252422783523798,0.6541644334793091,0.4969569444656372,-0.04756854847073555,0.6313728094100952,0.4188508689403534,-0.06674618273973465,0.6145102977752686,0.3544086813926697,-0.08251727372407913,0.7540881633758545,0.5954816341400146,-0.030963096767663956,0.7476286292076111,0.45234769582748413,-0.04991708695888519,0.7463521957397461,0.36117392778396606,-0.06812930852174759,0.7459678053855896,0.2868347465991974,-0.08271639049053192,0.8126338720321655,0.6052459478378296,-0.04295772314071655,0.8196576833724976,0.4705820679664612,-0.07256238907575607,0.8233537077903748,0.38788557052612305,-0.09619545191526413,0.8234173059463501,0.3137369453907013,-0.11272260546684265,0.8681959509849548,0.6426549553871155,-0.057816702872514725,0.9159626960754395,0.5564588308334351,-0.09096692502498627,0.9464141726493835,0.49589502811431885,-0.10983649641275406,0.9703273773193359,0.43798476457595825,-0.12220843881368637,5
0.8030681014060974,0.9312976598739624,6.620857675443403e-07,0.706601083278656,0.8911280035972595,-0.03311171010136604,0.6195423007011414,0.8090065717697144,-0.04929928854107857,0.5539448261260986,0.7516492605209351,-0.0643514096736908,0.4981486201286316,0.7204723358154297,-0.07983167469501495,0.6894773244857788,0.618920087814331,-0.02567153051495552,0.6510428190231323,0.49632811546325684,-0.04828295111656189,0.6286004781723022,0.4174949526786804,-0.06768848747015,0.6122411489486694,0.3519600033760071,-0.08368434756994247,0.7506957054138184,0.596581220626831,-0.03237168863415718,0.7443720102310181,0.4523630142211914,-0.05173570290207863,0.7444371581077576,0.3602057993412018,-0.0704074501991272,0.7456034421920776,0.284601092338562,-0.08547463268041611,0.8099198341369629,0.6066478490829468,-0.045091819018125534,0.8166789412498474,0.47116029262542725,-0.07442852109670639,0.8200119733810425,0.38859984278678894,-0.09804762899875641,0.819952130317688,0.31482598185539246,-0.11473114788532257,0.8668080568313599,0.644162654876709,-0.06056350842118263,0.913614809513092,0.5554572343826294,-0.0925896018743515,0.9430585503578186,0.4933153986930847,-0.11081396788358688,0.9661194682121277,0.43399345874786377,-0.12302838265895844,5
0.801246702671051,0.9298747181892395,6.657690505562641e-07,0.7037301659584045,0.8908306360244751,-0.03216412663459778,0.6173970103263855,0.8092477917671204,-0.047650258988142014,0.5523311495780945,0.7520220875740051,-0.06216782331466675,0.4966543912887573,0.7218549251556396,-0.0772790014743805,0.6881678104400635,0.6189716458320618,-0.024628348648548126,0.6489014029502869,0.49687594175338745,-0.04690532386302948,0.6266143918037415,0.41852957010269165,-0.06614136695861816,0.6108047962188721,0.3529761731624603,-0.08193796873092651,0.7496861219406128,0.5959755778312683,-0.03145968168973923,0.7431612610816956,0.4510844051837921,-0.04997630417346954,0.7439478039741516,0.35842758417129517,-0.06808189302682877,0.7461344003677368,0.2826637923717499,-0.08283993601799011,0.8093044757843018,0.60556560754776,-0.044248078018426895,0.8155935406684875,0.47024935483932495,-0.07283924520015717,0.8181961178779602,0.3881566822528839,-0.09595479816198349,0.8177134990692139,0.31557875871658325,-0.11238237470388412,0.8666753172874451,0.6430729031562805,-0.059735946357250214,0.9137791395187378,0.5553881525993347,-0.0911104753613472,0.9432262778282166,0.4932604432106018,-0.10883092880249023,0.9663436412811279,0.4342280328273773,-0.12073194980621338,5
0.8010663390159607,0.9303770065307617,6.541982315866335e-07,0.7033774852752686,0.8923193216323853,-0.033482953906059265,0.6171925067901611,0.8095658421516418,-0.04926236718893051,0.5515196919441223,0.7506973743438721,-0.06393252313137054,0.4944867491722107,0.7200155854225159,-0.0791253075003624,0.6874309182167053,0.6188478469848633,-0.024381691589951515,0.6476724147796631,0.49690645933151245,-0.046692341566085815,0.6248869895935059,0.41810035705566406,-0.0662187710404396,0.6086541414260864,0.35187387466430664,-0.08237817138433456,0.7491801977157593,0.5954506397247314,-0.03065625950694084,0.742351233959198,0.45116937160491943,-0.049174461513757706,0.7433395385742188,0.35918930172920227,-0.06750275194644928,0.745826244354248,0.2838427722454071,-0.0825173631310463,0.8089122772216797,0.6047632694244385,-0.043092478066682816,0.8152366876602173,0.46962860226631165,-0.07172603160142899,0.8180073499679565,0.3870026469230652,-0.0949348658323288,0.8176401853561401,0.31327569484710693,-0.1115415096282959,0.8665986061096191,0.6418954133987427,-0.05840858444571495,0.9133198857307434,0.5544551014900208,-0.08989822119474411,0.9427152872085571,0.4921897053718567,-0.10784353315830231,0.9658903479576111,0.4324601888656616,-0.11998450756072998,5
0.799949586391449,0.9302098751068115,6.777630687793135e-07,0.7029788494110107,0.8911638259887695,-0.03393600881099701,0.6172760725021362,0.8095579147338867,-0.0508883073925972,0.5522544980049133,0.7497426271438599,-0.06672174483537674,0.4951978921890259,0.7176548838615417,-0.08315663784742355,0.6870455145835876,0.619246244430542,-0.02707563526928425,0.6474947929382324,0.4969942569732666,-0.050844863057136536,0.6245479583740234,0.41855043172836304,-0.07117900997400284,0.6080905795097351,0.3525558114051819,-0.08765628933906555,0.749198317527771,0.5948739051818848,-0.0336030088365078,0.7425243258476257,0.44764983654022217,-0.053111732006073,0.742990255355835,0.35325679183006287,-0.0719575434923172,0.7450256943702698,0.2762894034385681,-0.08725113421678543,0.8096593022346497,0.6038603782653809,-0.046182893216609955,0.816193163394928,0.467182993888855,-0.07529063522815704,0.8187617659568787,0.3840874433517456,-0.09858763962984085,0.8180164098739624,0.3107626438140869,-0.1152358427643776,0.868121862411499,0.6416469812393188,-0.06164072826504707,0.915717601776123,0.5536366105079651,-0.09294858574867249,0.9455139636993408,0.4913465976715088,-0.11043050140142441,0.968816876411438,0.43241018056869507,-0.12225694209337234,5
0.8008339405059814,0.92997145652771,6.398793743755959e-07,0.704373836517334,0.8905324935913086,-0.03495030477643013,0.6176981925964355,0.807424783706665,-0.052593812346458435,0.5518303513526917,0.7474277019500732,-0.06884382665157318,0.4947870671749115,0.7145746946334839,-0.08569151163101196,0.6878736019134521,0.6215363144874573,-0.031033296138048172,0.6477518677711487,0.49817395210266113,-0.05645627900958061,0.6243003606796265,0.41963714361190796,-0.07706978172063828,0.6073921322822571,0.3537497818470001,-0.09345736354589462,0.7513194680213928,0.5965728759765625,-0.037446778267621994,0.7418461441993713,0.4513845443725586,-0.05904911085963249,0.740077793598175,0.3579200208187103,-0.07873751223087311,0.7401278614997864,0.2808615565299988,-0.09435687959194183,0.8126564621925354,0.6054800152778625,-0.04971221834421158,0.81954425573349,0.46845346689224243,-0.08132205158472061,0.8222306370735168,0.38424965739250183,-0.10550051182508469,0.8215023875236511,0.30934032797813416,-0.12235337495803833,0.8713235855102539,0.6437069177627563,-0.06473502516746521,0.9220492243766785,0.5551462173461914,-0.09891664981842041,0.9545333385467529,0.4917105436325073,-0.11793389171361923,0.9801895022392273,0.4312676191329956,-0.1303732991218567,5
0.802865207195282,0.9331381320953369,6.485540779976873e-07,0.7073867917060852,0.8949914574623108,-0.035922806710004807,0.6196292042732239,0.8092970848083496,-0.05342218279838562,0.5525190830230713,0.748399019241333,-0.06939710676670074,0.4945906400680542,0.7158828377723694,-0.0859430730342865,0.6861924529075623,0.6204171776771545,-0.030911751091480255,0.6460414528846741,0.4957037568092346,-0.055851832032203674,0.6223630309104919,0.41666463017463684,-0.07625170797109604,0.6053226590156555,0.34994202852249146,-0.09271195530891418,0.750400722026825,0.5949458479881287,-0.037241023033857346,0.7408289909362793,0.44737523794174194,-0.05840911343693733,0.7373318672180176,0.35212042927742004,-0.07823597639799118,0.7358548641204834,0.27283236384391785,-0.09424770623445511,0.8121498823165894,0.6045562028884888,-0.04959714412689209,0.8197796940803528,0.4659993052482605,-0.0816594734787941,0.8223045468330383,0.38183489441871643,-0.10687454044818878,0.8209986686706543,0.3062177300453186,-0.1246459111571312,0.8709925413131714,0.6438480615615845,-0.06475623697042465,0.922391951084137,0.5552053451538086,-0.10041552037000656,0.9557399749755859,0.4929121732711792,-0.12049106508493423,0.981830358505249,0.4332648813724518,-0.13372935354709625,5
0.8019546270370483,0.9316057562828064,6.737161584169371e-07,0.7069565057754517,0.8938983678817749,-0.03644351661205292,0.619594931602478,0.8093968033790588,-0.054131243377923965,0.552462100982666,0.7494521737098694,-0.07022588700056076,0.4947846531867981,0.7177361845970154,-0.08698961138725281,0.6861823797225952,0.6218557953834534,-0.032173626124858856,0.6451347470283508,0.49653133749961853,-0.057480718940496445,0.6213136315345764,0.416735976934433,-0.07794278860092163,0.6047629117965698,0.3498699963092804,-0.0942481979727745,0.7502619624137878,0.595230758190155,-0.03833388537168503,0.7391871809959412,0.44491642713546753,-0.05959033966064453,0.735366702079773,0.3468518555164337,-0.07943535596132278,0.7346334457397461,0.26652222871780396,-0.09537433087825775,0.8119144439697266,0.6038237810134888,-0.050543028861284256,0.8187761902809143,0.4647953510284424,-0.08266538381576538,0.8212704062461853,0.3792774975299835,-0.10843667387962341,0.8207305073738098,0.3036438226699829,-0.12656466662883759,0.8707932233810425,0.6423009037971497,-0.06557422131299973,0.9223016500473022,0.554551899433136,-0.10122501105070114,0.9561370611190796,0.49295932054519653,-0.12149249762296677,0.9829854369163513,0.43451863527297974,-0.1348520964384079,5
0.8020715713500977,0.930290699005127,6.469779805229336e-07,0.7071661353111267,0.8933517932891846,-0.036112330853939056,0.6202157139778137,0.8108457922935486,-0.05481443554162979,0.552897036075592,0.7519130110740662,-0.07214539498090744,0.4954093098640442,0.7197074890136719,-0.09031710773706436,0.6858587265014648,0.6207489967346191,-0.03264804556965828,0.6448636651039124,0.49620524048805237,-0.058764856308698654,0.6212239265441895,0.41780024766921997,-0.08017399162054062,0.6046779155731201,0.3516230285167694,-0.09718307107686996,0.7491872310638428,0.5939901471138,-0.0393703430891037,0.7361012101173401,0.4454357624053955,-0.06143547594547272,0.7308817505836487,0.34875547885894775,-0.08247628062963486,0.7289972901344299,0.26851028203964233,-0.09946782141923904,0.8107292652130127,0.6024867296218872,-0.05202829837799072,0.8163285851478577,0.46441084146499634,-0.08448749780654907,0.818400502204895,0.37885960936546326,-0.11118573695421219,0.8178837299346924,0.302813857793808,-0.13022582232952118,0.8700529336929321,0.64098060131073,-0.06744068115949631,0.9210485219955444,0.5532380938529968,-0.10299146175384521,0.9548370242118835,0.4913259744644165,-0.12354389578104019,0.9819628000259399,0.4328250586986542,-0.13735274970531464,5
0.8032243251800537,0.9296556711196899,6.311381639534375e-07,0.7075461745262146,0.8934149146080017,-0.03513440862298012,0.620847761631012,0.8122319579124451,-0.05317511409521103,0.5542393326759338,0.7543942928314209,-0.06997804343700409,0.49708855152130127,0.7225363254547119,-0.08763861656188965,0.686259388923645,0.6196821331977844,-0.030874375253915787,0.643855631351471,0.4962996244430542,-0.05626280978322029,0.6194177269935608,0.4188545346260071,-0.07735826820135117,0.6019638180732727,0.3530149757862091,-0.09412037581205368,0.7490094900131226,0.5930390954017639,-0.03774939477443695,0.7342262268066406,0.4448786973953247,-0.058806054294109344,0.7270160913467407,0.348927766084671,-0.07932295650243759,0.7228960990905762,0.2694607079029083,-0.09593342244625092,0.8099780082702637,0.601389467716217,-0.0505254827439785,0.81484454870224,0.46430253982543945,-0.08190538734197617,0.8159669041633606,0.3791552484035492,-0.1079118475317955,0.8142340183258057,0.3036486506462097,-0.1264932006597519,0.8686413764953613,0.6393888592720032,-0.06607898324728012,0.9189940094947815,0.551851749420166,-0.10063941776752472,0.9520934820175171,0.48985862731933594,-0.12057482451200485,0.9784891605377197,0.4314430356025696,-0.13394756615161896,5
0.8028572797775269,0.9312620162963867,6.255481821426656e-07,0.7067667245864868,0.8946182727813721,-0.03453357145190239,0.6199243068695068,0.8131705522537231,-0.051867641508579254,0.5540703535079956,0.7558082938194275,-0.06798910349607468,0.4971849024295807,0.7236753106117249,-0.08509092777967453,0.6857524514198303,0.6201411485671997,-0.029897276312112808,0.6420695185661316,0.4975104331970215,-0.05485935136675835,0.6172291040420532,0.4197777509689331,-0.07583174854516983,0.5996464490890503,0.3536089062690735,-0.09250141680240631,0.748526394367218,0.5935270190238953,-0.03683539107441902,0.7332021594047546,0.44575735926628113,-0.057470932602882385,0.7251297235488892,0.3498741090297699,-0.078063003718853,0.7201095223426819,0.2700818181037903,-0.09461104869842529,0.809379518032074,0.6015788912773132,-0.04960773512721062,0.8137748837471008,0.46440261602401733,-0.08041822910308838,0.8140748739242554,0.3785038888454437,-0.10659030079841614,0.8115321397781372,0.30210769176483154,-0.12530815601348877,0.8678690195083618,0.6389293074607849,-0.06509954482316971,0.9174951314926147,0.5515285730361938,-0.09919346123933792,0.9501885175704956,0.49006974697113037,-0.11899331212043762,0.9761309623718262,0.43180787563323975,-0.13222527503967285,5
0.801821768283844,0.93133944272995,6.300816153270716e-07,0.7057669162750244,0.8953961730003357,-0.03388199582695961,0.6180888414382935,0.8142222166061401,-0.05086705461144447,0.5516337156295776,0.758721113204956,-0.0666528046131134,0.4944755434989929,0.727931022644043,-0.08332286030054092,0.6841399669647217,0.6198026537895203,-0.029342753812670708,0.6395896673202515,0.49726808071136475,-0.053470779210329056,0.6139621138572693,0.4197691082954407,-0.0735393837094307,0.595460832118988,0.3545485734939575,-0.08951742202043533,0.747073233127594,0.5936354398727417,-0.03638560697436333,0.7317735552787781,0.44637560844421387,-0.05611313134431839,0.7236184477806091,0.35128945112228394,-0.07572411000728607,0.7181136608123779,0.27286243438720703,-0.0915035530924797,0.808009147644043,0.6019139885902405,-0.04923204332590103,0.8118057250976562,0.46508723497390747,-0.07951106131076813,0.8119444251060486,0.3797004520893097,-0.10510248690843582,0.8091162443161011,0.3036646246910095,-0.1233062893152237,0.8663312196731567,0.6393266916275024,-0.06472893059253693,0.9159607291221619,0.5517327189445496,-0.0986345037817955,0.9487234354019165,0.4900016188621521,-0.1182800903916359,0.9746497869491577,0.431446373462677,-0.13128122687339783,5
0.8028343915939331,0.9325863122940063,6.193999411152618e-07,0.7050783038139343,0.8970436453819275,-0.034126583486795425,0.6173220872879028,0.8147896528244019,-0.05085168033838272,0.5507726669311523,0.7588244080543518,-0.06632696837186813,0.49331700801849365,0.7292262315750122,-0.08264563977718353,0.6819182634353638,0.6195544600486755,-0.027927447110414505,0.6362967491149902,0.4975053668022156,-0.05165792629122734,0.6105639338493347,0.42058756947517395,-0.07178350538015366,0.5917221307754517,0.35568609833717346,-0.08788681030273438,0.7461031079292297,0.5933477878570557,-0.03476764261722565,0.7315014004707336,0.4477447271347046,-0.054078903049230576,0.7242822647094727,0.35435357689857483,-0.0739414170384407,0.7193655371665955,0.2765362858772278,-0.08998242020606995,0.8076276779174805,0.6019434928894043,-0.04751346632838249,0.8118163347244263,0.4649159908294678,-0.07772015035152435,0.8129637837409973,0.38050714135169983,-0.1034817025065422,0.8106808066368103,0.3044927418231964,-0.12181081622838974,0.8660681247711182,0.6397242546081543,-0.06293358653783798,0.9150125980377197,0.5521148443222046,-0.09711265563964844,0.9476125240325928,0.4909544587135315,-0.11683738976716995,0.9731931686401367,0.4321054220199585,-0.12985387444496155,5
0.8025507926940918,0.9315181970596313,6.533737177960575e-07,0.7052415609359741,0.8967127799987793,-0.0355176106095314,0.6169404983520508,0.8156372904777527,-0.05325883626937866,0.55013108253479,0.7602159976959229,-0.06947792321443558,0.4928404986858368,0.7315623164176941,-0.0865427553653717,0.6811985969543457,0.6235986351966858,-0.03224192187190056,0.6345704793930054,0.5011890530586243,-0.05767711251974106,0.6078503131866455,0.42326390743255615,-0.07821737229824066,0.5884952545166016,0.3570103645324707,-0.09446243941783905,0.745800793170929,0.595826268196106,-0.03866524621844292,0.7323002219200134,0.4481983482837677,-0.05924241617321968,0.7267164587974548,0.3528199791908264,-0.07880111038684845,0.7237046360969543,0.27341678738594055,-0.09459736198186874,0.8073410987854004,0.6035606861114502,-0.050992101430892944,0.8114373683929443,0.4656379222869873,-0.08237287402153015,0.8126233220100403,0.3810387849807739,-0.10789506882429123,0.8107175827026367,0.30526331067085266,-0.1259462833404541,0.8659251928329468,0.6409984827041626,-0.06606080383062363,0.9151938557624817,0.553365170955658,-0.1013486459851265,0.9481328129768372,0.49157214164733887,-0.12141487747430801,0.9738920331001282,0.4320487380027771,-0.13459964096546173,5
0.8017789721488953,0.9311815500259399,6.77380626257218e-07,0.7057304382324219,0.8968902826309204,-0.03635837882757187,0.6169902682304382,0.8156850934028625,-0.05474649369716644,0.5495654940605164,0.7599493861198425,-0.07158783823251724,0.49195918440818787,0.7302771806716919,-0.0891055017709732,0.6796575784683228,0.6243157982826233,-0.03338542953133583,0.6315457224845886,0.5017505288124084,-0.05915718898177147,0.6043880581855774,0.423545777797699,-0.07941669225692749,0.585509181022644,0.3574017584323883,-0.09528489410877228,0.744299590587616,0.5963001847267151,-0.039606329053640366,0.7311277985572815,0.4479544162750244,-0.060439445078372955,0.7269766926765442,0.35200005769729614,-0.07940637320280075,0.7258511185646057,0.2728498876094818,-0.09453614056110382,0.8060889840126038,0.6040034890174866,-0.05185764655470848,0.8105284571647644,0.4660101532936096,-0.08388715982437134,0.8127092719078064,0.38210418820381165,-0.10894424468278885,0.8121395707130432,0.3071971535682678,-0.12632355093955994,0.865061342716217,0.6414953470230103,-0.06689858436584473,0.9147895574569702,0.5536292791366577,-0.10281307995319366,0.9485795497894287,0.4925137758255005,-0.12263038754463196,0.9751472473144531,0.43414056301116943,-0.135320782661438,5
0.8021336197853088,0.9299725294113159,6.804657459724694e-07,0.7055192589759827,0.896669328212738,-0.035657647997140884,0.6166553497314453,0.8159048557281494,-0.053048912435770035,0.5499307513237,0.7597393989562988,-0.0692116916179657,0.4925357699394226,0.7298750281333923,-0.0859842374920845,0.6791624426841736,0.6234818696975708,-0.02996888943016529,0.6292454600334167,0.5023850202560425,-0.05453096330165863,0.6014684438705444,0.42436981201171875,-0.07417012006044388,0.5820502042770386,0.35856595635414124,-0.08970770239830017,0.7437223196029663,0.5944718718528748,-0.03638710081577301,0.7304021716117859,0.44680994749069214,-0.05630854517221451,0.7271649837493896,0.3504183292388916,-0.07500193268060684,0.7270624041557312,0.27168869972229004,-0.08986012637615204,0.8053297996520996,0.6018050312995911,-0.04897954687476158,0.8093419671058655,0.4649847745895386,-0.08044318854808807,0.8116575479507446,0.38133129477500916,-0.10546154528856277,0.8114874362945557,0.306682288646698,-0.12275050580501556,0.8644137382507324,0.6391911506652832,-0.06438719481229782,0.9143820405006409,0.5523324608802795,-0.09989628940820694,0.948205828666687,0.49137458205223083,-0.11969214677810669,0.9750565886497498,0.43297022581100464,-0.13233159482479095,5
0.8017056584358215,0.9295448660850525,6.699074788230064e-07,0.7044846415519714,0.8960999846458435,-0.035121817141771317,0.6154876947402954,0.8148889541625977,-0.05217888578772545,0.5488427877426147,0.7592735886573792,-0.06803542375564575,0.49164968729019165,0.7308706045150757,-0.0845830962061882,0.6785464286804199,0.6239446401596069,-0.030042773112654686,0.6285730600357056,0.5028616189956665,-0.05440902337431908,0.6007589101791382,0.4254641830921173,-0.07368528842926025,0.5809192061424255,0.3605441451072693,-0.08892571181058884,0.7438240051269531,0.5953474640846252,-0.036737240850925446,0.7306733727455139,0.4482613205909729,-0.05683852732181549,0.7274471521377563,0.35234299302101135,-0.07552672922611237,0.726981520652771,0.27381250262260437,-0.09026934206485748,0.8056144118309021,0.6028603315353394,-0.04948631674051285,0.809980034828186,0.46616971492767334,-0.0811605378985405,0.8121786713600159,0.38249045610427856,-0.10613469779491425,0.8116005659103394,0.30708110332489014,-0.12329746037721634,0.8644269108772278,0.6400899291038513,-0.06493484973907471,0.9143174290657043,0.5528563261032104,-0.1006341204047203,0.9480176568031311,0.492210328578949,-0.12028857320547104,0.9744964241981506,0.43374502658843994,-0.13273316621780396,5
0.8013774156570435,0.9304822683334351,6.671002097391465e-07,0.704398512840271,0.8960132002830505,-0.03479327633976936,0.6150238513946533,0.8144646883010864,-0.051419563591480255,0.5481329560279846,0.7589033842086792,-0.06695255637168884,0.49099016189575195,0.7294060587882996,-0.08307554572820663,0.678723931312561,0.6242293119430542,-0.028822457417845726,0.6285202503204346,0.5039678812026978,-0.05270904675126076,0.6002305746078491,0.4268805682659149,-0.07167882472276688,0.5798746347427368,0.36236128211021423,-0.08673837035894394,0.7432368993759155,0.5950421094894409,-0.035495854914188385,0.7304266691207886,0.44766610860824585,-0.054930344223976135,0.7273480296134949,0.3517657518386841,-0.07297739386558533,0.7268199920654297,0.27404582500457764,-0.08724473416805267,0.8048145771026611,0.6019611358642578,-0.04832053929567337,0.809198796749115,0.46498504281044006,-0.07929625362157822,0.8112444281578064,0.3808865547180176,-0.1038527712225914,0.8103712797164917,0.30539268255233765,-0.12081480026245117,0.86380934715271,0.6389297246932983,-0.0639050304889679,0.9143364429473877,0.5520121455192566,-0.09904411435127258,0.9480106830596924,0.4908033311367035,-0.1185850128531456,0.9743467569351196,0.43218541145324707,-0.13101013004779816,5
0.8012239336967468,0.9288569688796997,6.655614583905844e-07,0.7044811248779297,0.8945269584655762,-0.03496132045984268,0.6154170036315918,0.8143003582954407,-0.05147583782672882,0.5487657785415649,0.7591656446456909,-0.06693170964717865,0.4916917681694031,0.7291914820671082,-0.0829930230975151,0.6784782409667969,0.6249039173126221,-0.028365187346935272,0.6278685927391052,0.5055438280105591,-0.05207113176584244,0.5989328026771545,0.42849719524383545,-0.07096008956432343,0.5779860019683838,0.36377403140068054,-0.08598849922418594,0.7429022192955017,0.595309853553772,-0.03479677438735962,0.7304394841194153,0.4478103518486023,-0.053990285843610764,0.7274709343910217,0.35198771953582764,-0.07198654115200043,0.7269473671913147,0.2741678059101105,-0.08623925596475601,0.8042705059051514,0.6018703579902649,-0.047406405210494995,0.8091310858726501,0.46532976627349854,-0.07812192291021347,0.8112677335739136,0.381384938955307,-0.10260811448097229,0.8103857636451721,0.3058631122112274,-0.11953102797269821,0.8633345365524292,0.6383533477783203,-0.06281476467847824,0.9138080477714539,0.5520926713943481,-0.09755054116249084,0.9474220275878906,0.4912680983543396,-0.11685879528522491,0.9737918972969055,0.43296951055526733,-0.12915588915348053,5
0.8006192445755005,0.9306864738464355,6.822348268542555e-07,0.7039797306060791,0.8966751098632812,-0.035816408693790436,0.6153185963630676,0.8157323598861694,-0.052956465631723404,0.5488321781158447,0.7597342133522034,-0.06878650188446045,0.4915916919708252,0.7292482852935791,-0.08522813022136688,0.6783391237258911,0.6267282366752625,-0.03055044449865818,0.6279816031455994,0.5063110589981079,-0.055065665394067764,0.5990254282951355,0.42891889810562134,-0.07441075891256332,0.578019380569458,0.3635839521884918,-0.08974111825227737,0.7430005073547363,0.5964382886886597,-0.03681565821170807,0.7304076552391052,0.44691938161849976,-0.05688467621803284,0.7275876402854919,0.34903016686439514,-0.07544877380132675,0.7272963523864746,0.2697157561779022,-0.09011261910200119,0.8045741319656372,0.602957010269165,-0.049221064895391464,0.8089781999588013,0.46544063091278076,-0.08079475164413452,0.8114070296287537,0.3812442421913147,-0.10580459237098694,0.8108256459236145,0.305830717086792,-0.12299502640962601,0.8637744784355164,0.6396214962005615,-0.06440822035074234,0.9137730598449707,0.5519877672195435,-0.09985236078500748,0.9475870132446289,0.4911176264286041,-0.1194644644856453,0.9740163087844849,0.433186411857605,-0.13193917274475098,5
0.8008419871330261,0.9311031103134155,6.628501978411805e-07,0.7044059038162231,0.8968700170516968,-0.03555620461702347,0.6158535480499268,0.8157723546028137,-0.05287956818938255,0.5492327213287354,0.7594799995422363,-0.06892073154449463,0.49212825298309326,0.7284175753593445,-0.08558927476406097,0.6786433458328247,0.6260823011398315,-0.030533866956830025,0.628006637096405,0.5060670375823975,-0.05529288575053215,0.5987278819084167,0.42898374795913696,-0.0749559998512268,0.5771101713180542,0.3639903962612152,-0.09051129966974258,0.7430000305175781,0.596119225025177,-0.03704766184091568,0.7307560443878174,0.4478086829185486,-0.05721653252840042,0.7276982069015503,0.3520413339138031,-0.07576274126768112,0.7267985939979553,0.2745027542114258,-0.09038472175598145,0.8043143153190613,0.6027900576591492,-0.049660515040159225,0.8090406060218811,0.46478450298309326,-0.08124963939189911,0.8112670183181763,0.38041961193084717,-0.1060618981719017,0.8103084564208984,0.30454984307289124,-0.12320230901241302,0.8630357384681702,0.63983154296875,-0.06505977362394333,0.9136834144592285,0.5525267124176025,-0.10073383152484894,0.9475889801979065,0.49148786067962646,-0.1203533336520195,0.9739759564399719,0.43312859535217285,-0.13280442357063293,5
0.8019039034843445,0.9314595460891724,6.643948609053041e-07,0.7055685520172119,0.8976798057556152,-0.035716861486434937,0.6161787509918213,0.8160696625709534,-0.05285777524113655,0.5493777990341187,0.758575439453125,-0.06855947524309158,0.4921894967556,0.727886974811554,-0.08479061722755432,0.6792778968811035,0.6271132230758667,-0.030797045677900314,0.6281628012657166,0.5066618919372559,-0.05541086941957474,0.5990143418312073,0.42927688360214233,-0.07491207867860794,0.577730655670166,0.36415961384773254,-0.09038365632295609,0.7436580061912537,0.5967320799827576,-0.03696049749851227,0.730941653251648,0.448199987411499,-0.05703622102737427,0.7280570268630981,0.35217219591140747,-0.07539565861225128,0.7274904251098633,0.2744881510734558,-0.08991891145706177,0.8050525188446045,0.6029165983200073,-0.049206122756004333,0.8094338178634644,0.46559903025627136,-0.08052915334701538,0.8119014501571655,0.3813769221305847,-0.10516093671321869,0.8113968372344971,0.3059256672859192,-0.12222207337617874,0.8639352321624756,0.6394683718681335,-0.06426491588354111,0.9139328002929688,0.5524790287017822,-0.09961061924695969,0.9475564956665039,0.49122944474220276,-0.11915659159421921,0.9737918376922607,0.4326302111148834,-0.13163770735263824,5
0.8011062741279602,0.934003472328186,6.7189972696724e-07,0.7039926052093506,0.8984642624855042,-0.03569676727056503,0.6156548261642456,0.815881609916687,-0.053048353642225266,0.5494121313095093,0.7572587132453918,-0.06901641190052032,0.4927102029323578,0.7245462536811829,-0.08536779880523682,0.6789576411247253,0.6266761422157288,-0.029881775379180908,0.6277778148651123,0.5056056380271912,-0.05436306819319725,0.598709225654602,0.4281332790851593,-0.07376795262098312,0.5777734518051147,0.36302444338798523,-0.08906351029872894,0.7435941696166992,0.596855878829956,-0.03604188561439514,0.7310665845870972,0.44775691628456116,-0.05590767413377762,0.7281562089920044,0.35215848684310913,-0.07414568960666656,0.7277190685272217,0.2752329111099243,-0.0884646475315094,0.8050373196601868,0.6031614542007446,-0.0483664870262146,0.8094534873962402,0.46506214141845703,-0.07947393506765366,0.8119766116142273,0.38075941801071167,-0.10394228994846344,0.8115490674972534,0.30548885464668274,-0.12080895155668259,0.8637467622756958,0.6394110321998596,-0.06352312862873077,0.914077877998352,0.55190509557724,-0.09854023903608322,0.9477294087409973,0.49060553312301636,-0.11790824681520462,0.974027156829834,0.43201160430908203,-0.13017039000988007,5
0.8008546829223633,0.9325287342071533,6.728865855620825e-07,0.7045554518699646,0.8977336883544922,-0.03611765056848526,0.6163437366485596,0.8145352602005005,-0.05365705117583275,0.5500661134719849,0.7547896504402161,-0.06975478678941727,0.49303507804870605,0.7229003310203552,-0.08627394586801529,0.6791731119155884,0.6255394220352173,-0.030081989243626595,0.6278249025344849,0.5050041675567627,-0.05467672646045685,0.5983380675315857,0.4272708296775818,-0.07424578815698624,0.5773152112960815,0.3621174097061157,-0.08968128263950348,0.743239164352417,0.595481276512146,-0.03596985712647438,0.731099545955658,0.446040540933609,-0.055637892335653305,0.7285780906677246,0.3508363962173462,-0.07353033870458603,0.72860187292099,0.2740665376186371,-0.08756052702665329,0.8043493628501892,0.6017950177192688,-0.048071619123220444,0.8092390298843384,0.4625462591648102,-0.0789976716041565,0.8123608827590942,0.3778891861438751,-0.10317562520503998,0.8124762773513794,0.30248716473579407,-0.11988046765327454,0.8628592491149902,0.6384472250938416,-0.06307274848222733,0.9132572412490845,0.5509938597679138,-0.09805662930011749,0.9472540020942688,0.49036145210266113,-0.11723357439041138,0.9738685488700867,0.43275684118270874,-0.12934578955173492,5
0.8005480170249939,0.9339210987091064,6.847255349384795e-07,0.7048693895339966,0.8984033465385437,-0.035752423107624054,0.615972101688385,0.8133257627487183,-0.05316760018467903,0.5496814250946045,0.7520133256912231,-0.06918074190616608,0.4923240542411804,0.71928870677948,-0.08559591323137283,0.6787930727005005,0.6253494620323181,-0.03052239678800106,0.6277098059654236,0.5039294958114624,-0.05555940419435501,0.5985244512557983,0.42582884430885315,-0.07526679337024689,0.5777923464775085,0.3602558374404907,-0.09079603850841522,0.7434433102607727,0.5953702926635742,-0.03687671944499016,0.7310479879379272,0.4447351098060608,-0.057163532823324203,0.7288451194763184,0.3475087285041809,-0.07544704526662827,0.7293807864189148,0.2693624794483185,-0.08972661942243576,0.8053447008132935,0.6020292639732361,-0.04937799647450447,0.8099563121795654,0.46302324533462524,-0.08069440722465515,0.8132563233375549,0.37821853160858154,-0.10493656992912292,0.8136558532714844,0.3030156195163727,-0.12160568684339523,0.8646349310874939,0.6391392946243286,-0.06472723931074142,0.914191722869873,0.5510092377662659,-0.09971821308135986,0.9477328658103943,0.48980385065078735,-0.11874686926603317,0.9740094542503357,0.4318336248397827,-0.13078060746192932,5
0.8009303212165833,0.9328507781028748,6.644870609306963e-07,0.7052680253982544,0.898046612739563,-0.03622917830944061,0.6165621280670166,0.8125903606414795,-0.053687434643507004,0.5503355860710144,0.7505208253860474,-0.06958672404289246,0.49281030893325806,0.7172445058822632,-0.08588708192110062,0.6784189343452454,0.6239814758300781,-0.030751381069421768,0.6282453536987305,0.5030956268310547,-0.055585216730833054,0.5990436673164368,0.42533931136131287,-0.07517953217029572,0.5779862403869629,0.36023324728012085,-0.0906200259923935,0.7431692481040955,0.5941234827041626,-0.03667338937520981,0.7318218350410461,0.4452266991138458,-0.0566459558904171,0.7295858263969421,0.3504675030708313,-0.07461129873991013,0.7294849753379822,0.2740682065486908,-0.08866627514362335,0.8050743937492371,0.6007162928581238,-0.048770781606435776,0.8104722499847412,0.462009072303772,-0.08012045174837112,0.813448965549469,0.3769878149032593,-0.10435986518859863,0.8132103085517883,0.3012375831604004,-0.12102683633565903,0.8639940619468689,0.6376584768295288,-0.06372040510177612,0.9141044020652771,0.5497351884841919,-0.09902078658342361,0.9476887583732605,0.4883378744125366,-0.11825169622898102,0.9738309383392334,0.430020809173584,-0.1303689330816269,5
0.8001748323440552,0.933043360710144,6.659473115178116e-07,0.7047243714332581,0.8981454372406006,-0.03602209687232971,0.6161819696426392,0.8116283416748047,-0.05316002294421196,0.5504646301269531,0.7490797638893127,-0.06878697127103806,0.49320316314697266,0.7154881954193115,-0.08489030599594116,0.6784036159515381,0.6234356760978699,-0.03068913333117962,0.6278972625732422,0.5027896761894226,-0.05551472678780556,0.5987116694450378,0.4249316453933716,-0.07502277195453644,0.5778916478157043,0.3597748875617981,-0.0904817134141922,0.7430011630058289,0.5938642621040344,-0.0368410162627697,0.7315117120742798,0.444820761680603,-0.056878961622714996,0.7294458746910095,0.3502281904220581,-0.07487844675779343,0.7296203970909119,0.27362024784088135,-0.08896204829216003,0.8047957420349121,0.6005315184593201,-0.04917429760098457,0.8104120492935181,0.4612634778022766,-0.08074718713760376,0.8138404488563538,0.3759843111038208,-0.10528285801410675,0.8140407800674438,0.29950687289237976,-0.12221303582191467,0.8634658455848694,0.6377862691879272,-0.06432580947875977,0.9139225482940674,0.5502104163169861,-0.10004539042711258,0.9480155110359192,0.48952198028564453,-0.1196085661649704,0.9745531678199768,0.4316706359386444,-0.13199134171009064,5
0.8000514507293701,0.9345849752426147,6.731648340974061e-07,0.7043521404266357,0.8993104100227356,-0.03656217083334923,0.616081953048706,0.8117161393165588,-0.05400222912430763,0.5505169034004211,0.7482931017875671,-0.06978359818458557,0.4929885268211365,0.7145049571990967,-0.0859767273068428,0.678318202495575,0.6226946115493774,-0.031070061028003693,0.6283982992172241,0.5019882917404175,-0.056110929697752,0.5994069576263428,0.4243541955947876,-0.07586127519607544,0.5786923170089722,0.3592836856842041,-0.09142318367958069,0.7434026598930359,0.593562126159668,-0.03713354095816612,0.7321583032608032,0.44410261511802673,-0.05745594948530197,0.7303823828697205,0.34810948371887207,-0.07570429891347885,0.7309935092926025,0.2702540457248688,-0.089891716837883,0.8054078817367554,0.6011631488800049,-0.04944495111703873,0.8110274076461792,0.4624864161014557,-0.08121463656425476,0.8140295743942261,0.37679412961006165,-0.10593050718307495,0.813798189163208,0.30011269450187683,-0.12288206070661545,0.8642791509628296,0.6390482783317566,-0.06459581106901169,0.9141162633895874,0.5504453182220459,-0.10025522857904434,0.9477627873420715,0.4891294240951538,-0.11972374469041824,0.9738182425498962,0.43045592308044434,-0.13200163841247559,5
0.7999578714370728,0.9343113899230957,6.672267431895307e-07,0.7041287422180176,0.8997776508331299,-0.03589954972267151,0.6157483458518982,0.8119759559631348,-0.05287601798772812,0.5502698421478271,0.7480923533439636,-0.06833131611347198,0.4929693937301636,0.7147173881530762,-0.08428779244422913,0.6784325838088989,0.623201847076416,-0.03040344826877117,0.6287808418273926,0.5025510787963867,-0.0550810769200325,0.5998884439468384,0.4249315559864044,-0.0746857151389122,0.5793154835700989,0.3597375452518463,-0.09020368754863739,0.7433518767356873,0.5941973924636841,-0.036674171686172485,0.7323750853538513,0.44415998458862305,-0.056540679186582565,0.7300485968589783,0.34786057472229004,-0.0746871829032898,0.729921281337738,0.26962921023368835,-0.08895950764417648,0.8053277134895325,0.6014518737792969,-0.04912322759628296,0.8116353154182434,0.46206170320510864,-0.0803755670785904,0.8143036365509033,0.376192182302475,-0.10504159331321716,0.8134781122207642,0.2994665801525116,-0.12212879210710526,0.8640943169593811,0.639033317565918,-0.06438320875167847,0.9142419695854187,0.5500425696372986,-0.09948957711458206,0.9477518200874329,0.48841923475265503,-0.11880702525377274,0.9734950661659241,0.4296402633190155,-0.13117553293704987,5
0.7994358539581299,0.9335088729858398,6.641378718086344e-07,0.7037968635559082,0.8990868330001831,-0.03660073131322861,0.615405261516571,0.8114274740219116,-0.05391301214694977,0.5495949983596802,0.7474015355110168,-0.06948582082986832,0.49188464879989624,0.7144347429275513,-0.08558669686317444,0.678290843963623,0.623216986656189,-0.03152851015329361,0.6290932893753052,0.502198338508606,-0.056449875235557556,0.6002737283706665,0.4248305559158325,-0.07623496651649475,0.5794177055358887,0.35980090498924255,-0.09192413091659546,0.74321448802948,0.5945476293563843,-0.03748392313718796,0.7322972416877747,0.4446415305137634,-0.05773363262414932,0.7300817966461182,0.34885266423225403,-0.07624689489603043,0.7299950122833252,0.27081793546676636,-0.09084346890449524,0.8049755096435547,0.6022692918777466,-0.04958971217274666,0.8116524815559387,0.46265169978141785,-0.08128323405981064,0.8148403167724609,0.37663376331329346,-0.10631394386291504,0.8144911527633667,0.29955118894577026,-0.12367843836545944,0.8636155724525452,0.6401527523994446,-0.06450077891349792,0.9140270948410034,0.5512967109680176,-0.10007641464471817,0.9477831125259399,0.48968374729156494,-0.11967580765485764,0.973810076713562,0.43076035380363464,-0.1322484165430069,5
0.7982130646705627,0.9349333047866821,6.589242502741399e-07,0.7027769684791565,0.8996306657791138,-0.03670379891991615,0.6152563095092773,0.8116865158081055,-0.05420063063502312,0.5498811602592468,0.7476240396499634,-0.06998670846223831,0.4922327399253845,0.7138693928718567,-0.08625295758247375,0.6786872148513794,0.6228201389312744,-0.03145391494035721,0.6299091577529907,0.5019548535346985,-0.05668305233120918,0.6012479066848755,0.42437073588371277,-0.07669515162706375,0.5803288817405701,0.35920238494873047,-0.09255824983119965,0.7437097430229187,0.5942257642745972,-0.037516381591558456,0.7332172393798828,0.4453660249710083,-0.05804351344704628,0.7312725782394409,0.35039055347442627,-0.07650305330753326,0.7311547994613647,0.27326780557632446,-0.0910043716430664,0.8057560920715332,0.6021299362182617,-0.049792367964982986,0.8125064969062805,0.4630196690559387,-0.0816691443324089,0.8156893849372864,0.3773609399795532,-0.10620296746492386,0.8151727318763733,0.30039769411087036,-0.12315823137760162,0.864701509475708,0.6404987573623657,-0.06495355069637299,0.9153381586074829,0.551249086856842,-0.10059337317943573,0.9487983584403992,0.48885655403137207,-0.12005027383565903,0.974443793296814,0.42892956733703613,-0.13248062133789062,5
0.7991160750389099,0.9344040155410767,6.646608312621538e-07,0.7033977508544922,0.8992054462432861,-0.03605181723833084,0.6158116459846497,0.8119696378707886,-0.053569626063108444,0.5498117804527283,0.7483417391777039,-0.06951655447483063,0.491773396730423,0.7147740125656128,-0.08603885024785995,0.6791695356369019,0.624934732913971,-0.03097977675497532,0.6302916407585144,0.5026107430458069,-0.05565499886870384,0.6019678711891174,0.4245157241821289,-0.07532866299152374,0.5817774534225464,0.3587765395641327,-0.09097760170698166,0.744569718837738,0.5967198014259338,-0.037193771451711655,0.7341712713241577,0.446120023727417,-0.05742891877889633,0.731825053691864,0.34993699193000793,-0.07618561387062073,0.7312943935394287,0.27111750841140747,-0.09100987762212753,0.8066990971565247,0.6041247248649597,-0.04948888719081879,0.8128820061683655,0.4629684388637543,-0.08085683733224869,0.8156060576438904,0.37594401836395264,-0.10596952587366104,0.8146413564682007,0.2976909875869751,-0.12347833067178726,0.8656236529350281,0.6410906314849854,-0.06452099978923798,0.9150679111480713,0.5506484508514404,-0.09929239004850388,0.948253333568573,0.48787063360214233,-0.11860980838537216,0.9738031029701233,0.4278564453125,-0.13119228184223175,5
0.798790454864502,0.9358770847320557,6.668446985713672e-07,0.7024723291397095,0.9003599882125854,-0.037797246128320694,0.615348219871521,0.8125757575035095,-0.05612548068165779,0.5498571395874023,0.7478693723678589,-0.07254236191511154,0.4916594922542572,0.7130162119865417,-0.08940604329109192,0.6794033646583557,0.6241723895072937,-0.03236665204167366,0.6314724087715149,0.5014194846153259,-0.05787000060081482,0.6033924221992493,0.4232769012451172,-0.07830288261175156,0.5832027792930603,0.35730865597724915,-0.09444468468427658,0.7446449398994446,0.59624183177948,-0.03795945271849632,0.73427814245224,0.4462127089500427,-0.05857449024915695,0.731985867023468,0.35091376304626465,-0.07744298130273819,0.7316027879714966,0.2727445662021637,-0.09235532581806183,0.8066874146461487,0.604275107383728,-0.04982365667819977,0.8132005929946899,0.46312767267227173,-0.08164870738983154,0.8162605166435242,0.3767315745353699,-0.10643798857927322,0.8155665397644043,0.29927417635917664,-0.12366064637899399,0.8655562996864319,0.6423362493515015,-0.06464198231697083,0.915372908115387,0.5520921945571899,-0.1001734808087349,0.948731005191803,0.4897286295890808,-0.11957614123821259,0.9743218421936035,0.4302341938018799,-0.13203859329223633,5
0.7994711399078369,0.9369946718215942,6.655326956206409e-07,0.7029056549072266,0.9002847075462341,-0.03747362270951271,0.6164034605026245,0.8124605417251587,-0.055745914578437805,0.550355851650238,0.7473548650741577,-0.0722784474492073,0.4917200803756714,0.7124865651130676,-0.08922770619392395,0.6803880929946899,0.6246173977851868,-0.03095712885260582,0.6323599815368652,0.5017006397247314,-0.05627031251788139,0.604118287563324,0.4227544367313385,-0.07664958387613297,0.5839434266090393,0.3562439978122711,-0.09278839081525803,0.7458125352859497,0.5964506268501282,-0.0366620272397995,0.7351446747779846,0.4467852711677551,-0.0571725107729435,0.7324039936065674,0.35112127661705017,-0.07614047825336456,0.7315713167190552,0.27225157618522644,-0.09112956374883652,0.807922899723053,0.6044503450393677,-0.04869614914059639,0.8139780163764954,0.4635700583457947,-0.08037590235471725,0.8164371848106384,0.3769127428531647,-0.10528767853975296,0.8151493072509766,0.2991403639316559,-0.12261030822992325,0.8667543530464172,0.6426363587379456,-0.0636674016714096,0.9166078567504883,0.5522845387458801,-0.09889969974756241,0.9495241045951843,0.489591509103775,-0.11834118515253067,0.9747249484062195,0.4293542504310608,-0.1308961808681488,5
0.7991222143173218,0.9366722106933594,6.580691547242168e-07,0.7030543684959412,0.9000735282897949,-0.03720613196492195,0.6165924668312073,0.8115938305854797,-0.05473285913467407,0.5510061979293823,0.7469620108604431,-0.0704803541302681,0.49303537607192993,0.7127990126609802,-0.08671924471855164,0.6808826923370361,0.6226524710655212,-0.030238263309001923,0.6330301761627197,0.5009968876838684,-0.05484285578131676,0.604799747467041,0.42235875129699707,-0.07486486434936523,0.5847995281219482,0.35586997866630554,-0.09090226888656616,0.7458969354629517,0.594542384147644,-0.03582746163010597,0.7353944182395935,0.44577261805534363,-0.055577754974365234,0.7328047752380371,0.350663423538208,-0.07395867258310318,0.7321963906288147,0.27187424898147583,-0.08861686289310455,0.8077449798583984,0.6031055450439453,-0.047769173979759216,0.8146983981132507,0.4629139304161072,-0.07886717468500137,0.8171908259391785,0.3768472671508789,-0.1035037487745285,0.8158954381942749,0.29898563027381897,-0.1207517459988594,0.8664189577102661,0.6420691609382629,-0.06267353892326355,0.9167083501815796,0.5521520376205444,-0.09768012166023254,0.9495956897735596,0.48970529437065125,-0.11714249104261398,0.9746711254119873,0.4291400611400604,-0.12977883219718933,5
0.7995747327804565,0.9372835755348206,6.661010729658301e-07,0.7043476700782776,0.9000066518783569,-0.03668827563524246,0.6173528432846069,0.8113670349121094,-0.05453808978199959,0.5512085556983948,0.7457387447357178,-0.07067922502756119,0.492392361164093,0.7111571431159973,-0.08729596436023712,0.6817333698272705,0.6229687929153442,-0.030833015218377113,0.6344418525695801,0.5002715587615967,-0.055879805237054825,0.6063379049301147,0.4215945601463318,-0.07618334889411926,0.5862833261489868,0.3550417721271515,-0.09237370640039444,0.7464961409568787,0.5950253009796143,-0.03683068975806236,0.7362669110298157,0.4449504017829895,-0.057224687188863754,0.7339978814125061,0.34871968626976013,-0.07624848932027817,0.733709454536438,0.26990270614624023,-0.09135075658559799,0.8085451722145081,0.6035349369049072,-0.04901532456278801,0.8153560757637024,0.4635804295539856,-0.0805177167057991,0.8178176879882812,0.37655794620513916,-0.10573916137218475,0.8165691494941711,0.29893940687179565,-0.12336167693138123,0.8677486181259155,0.6424826383590698,-0.06403344869613647,0.9180156588554382,0.5520476698875427,-0.09878765046596527,0.9510314464569092,0.4893612563610077,-0.11815588176250458,0.9761985540390015,0.4297518730163574,-0.13081330060958862,5
0.7998392581939697,0.9379655122756958,6.642476932938735e-07,0.7043485641479492,0.8994524478912354,-0.0369647741317749,0.6181578040122986,0.810879111289978,-0.05526574328541756,0.5520235300064087,0.7457060217857361,-0.07176771014928818,0.4933134615421295,0.7104207277297974,-0.08865787088871002,0.6828955411911011,0.6209966540336609,-0.03100138157606125,0.6353108882904053,0.4979791045188904,-0.05605841055512428,0.6069637537002563,0.41975367069244385,-0.07646006345748901,0.5865300297737122,0.35329344868659973,-0.09273376315832138,0.7475268244743347,0.5935781002044678,-0.03689567372202873,0.737196683883667,0.4438170790672302,-0.05735281854867935,0.734642744064331,0.34839051961898804,-0.07645334303379059,0.7337341904640198,0.2697565257549286,-0.09161659330129623,0.8093135952949524,0.6022403240203857,-0.049011681228876114,0.8160005807876587,0.4619954228401184,-0.08069086819887161,0.8185439705848694,0.3751033842563629,-0.10594765096902847,0.8171541690826416,0.2973656952381134,-0.12358646839857101,0.8680592179298401,0.641309380531311,-0.06398898363113403,0.9187915921211243,0.5506165027618408,-0.0989236831665039,0.9520595073699951,0.4877665042877197,-0.1183900535106659,0.9772472977638245,0.42767295241355896,-0.13111169636249542,5
0.8027632832527161,0.9346851110458374,6.706485464746947e-07,0.7073054909706116,0.8980191946029663,-0.037841204553842545,0.6198986172676086,0.8100838661193848,-0.05681122839450836,0.5529419183731079,0.7448545098304749,-0.07376287877559662,0.4937504827976227,0.7087711691856384,-0.09107581526041031,0.6831099987030029,0.6183654069900513,-0.03279635310173035,0.6359856128692627,0.4957019090652466,-0.05830315873026848,0.6080363988876343,0.4171598553657532,-0.0789526104927063,0.5880517363548279,0.3508627712726593,-0.095411017537117,0.7478955984115601,0.5908358097076416,-0.0383923202753067,0.7378594279289246,0.4414949417114258,-0.059148360043764114,0.7353010177612305,0.3467875123023987,-0.07832200825214386,0.7345076203346252,0.2690032720565796,-0.09359337389469147,0.8101542592048645,0.5998966693878174,-0.05020904168486595,0.817637026309967,0.4600521922111511,-0.08218273520469666,0.8205909729003906,0.37328287959098816,-0.10765659064054489,0.819689929485321,0.29548344016075134,-0.12554529309272766,0.8691990971565247,0.6397542953491211,-0.06490796059370041,0.91997891664505,0.5498512983322144,-0.10033050179481506,0.9534912705421448,0.48741546273231506,-0.12003344297409058,0.9789180755615234,0.427545964717865,-0.13292863965034485,5
0.80241459608078,0.9325966238975525,6.662107239208126e-07,0.7057380080223083,0.894444465637207,-0.037338338792324066,0.6193180084228516,0.8060293793678284,-0.05553532764315605,0.553662896156311,0.7407214045524597,-0.07184518128633499,0.4949251413345337,0.7069799900054932,-0.08858748525381088,0.6842177510261536,0.6158318519592285,-0.03210238367319107,0.6366177797317505,0.49330705404281616,-0.05758224055171013,0.6084527373313904,0.41393864154815674,-0.07823913544416428,0.5888534784317017,0.3465232849121094,-0.09481129795312881,0.7490386962890625,0.5872957706451416,-0.0378258042037487,0.7380947470664978,0.4385048449039459,-0.05852125957608223,0.7355242371559143,0.3437020778656006,-0.0776609480381012,0.7354682683944702,0.26519909501075745,-0.09294519573450089,0.8113499879837036,0.5955961346626282,-0.04971911385655403,0.8180253505706787,0.4557679295539856,-0.08149303495883942,0.8205608129501343,0.3696155846118927,-0.10655573755502701,0.8195937275886536,0.2920970618724823,-0.12420755624771118,0.8707423210144043,0.6350260972976685,-0.06454875320196152,0.9214540719985962,0.5457215309143066,-0.0998791828751564,0.9544672966003418,0.48308247327804565,-0.11954863369464874,0.9797888994216919,0.4228651821613312,-0.13241636753082275,5
0.804612398147583,0.9308186769485474,6.756157517884276e-07,0.7087195515632629,0.8929781913757324,-0.037368789315223694,0.6213623285293579,0.8036191463470459,-0.055498428642749786,0.5546685457229614,0.738457202911377,-0.071738600730896,0.4951174259185791,0.7033681869506836,-0.08827804774045944,0.6856416463851929,0.611426830291748,-0.031238405033946037,0.6382544636726379,0.48952993750572205,-0.056451231241226196,0.6097234487533569,0.41054844856262207,-0.07706818729639053,0.5893959999084473,0.3439289629459381,-0.09348580241203308,0.7498534321784973,0.5821845531463623,-0.036780036985874176,0.7395524382591248,0.4327521324157715,-0.05691150203347206,0.7370854020118713,0.33728447556495667,-0.07528645545244217,0.73701411485672,0.25967347621917725,-0.08977250009775162,0.8120982050895691,0.5905925631523132,-0.04862857609987259,0.8191909790039062,0.4511503577232361,-0.07988076657056808,0.821889340877533,0.36530420184135437,-0.1044163703918457,0.8210692405700684,0.28892290592193604,-0.12153778225183487,0.8714885115623474,0.6306898593902588,-0.06346744298934937,0.9227810502052307,0.5419514179229736,-0.09848357737064362,0.9562768340110779,0.4805031418800354,-0.1177315041422844,0.9819614291191101,0.42197030782699585,-0.13009072840213776,5
0.8046722412109375,0.9267202615737915,6.612500556002487e-07,0.7093294858932495,0.8887566924095154,-0.037257589399814606,0.6223276853561401,0.8008027076721191,-0.055816370993852615,0.5563104748725891,0.7351988554000854,-0.0722842589020729,0.49716147780418396,0.6996724009513855,-0.08903174102306366,0.686536431312561,0.6091060042381287,-0.03326570242643356,0.6395062208175659,0.48611512780189514,-0.05881940573453903,0.6110695600509644,0.4071597158908844,-0.07927089929580688,0.5906899571418762,0.3412982225418091,-0.09545924514532089,0.7511007189750671,0.5801185369491577,-0.038785189390182495,0.7406247854232788,0.42963001132011414,-0.05927031487226486,0.7380486726760864,0.33513033390045166,-0.07747782766819,0.7376569509506226,0.2593904137611389,-0.09181541949510574,0.8135434985160828,0.588597297668457,-0.05040998011827469,0.8201541304588318,0.44708091020584106,-0.08197613060474396,0.8230370879173279,0.36126062273979187,-0.10611438751220703,0.8222352266311646,0.28535449504852295,-0.12300499528646469,0.8729300498962402,0.6286468505859375,-0.0648990347981453,0.9240487813949585,0.5393236875534058,-0.10023871064186096,0.9572184085845947,0.47778892517089844,-0.11933378875255585,0.9823513031005859,0.41934019327163696,-0.13155734539031982,5
0.806227445602417,0.9207431077957153,6.4319988268835e-07,0.7100192308425903,0.8832253217697144,-0.036033935844898224,0.6228532791137695,0.796027421951294,-0.053613241761922836,0.5572372674942017,0.731320858001709,-0.06923078000545502,0.49850714206695557,0.6963623762130737,-0.08515888452529907,0.6891112923622131,0.60383540391922,-0.03184354305267334,0.6426260471343994,0.4820457100868225,-0.05644533410668373,0.6145421862602234,0.4034443497657776,-0.07649940252304077,0.5946078896522522,0.33787083625793457,-0.0925288051366806,0.7527927756309509,0.5748465657234192,-0.037403762340545654,0.7427733540534973,0.4253352880477905,-0.056774985045194626,0.7398920655250549,0.33162930607795715,-0.07454167306423187,0.7391718029975891,0.2568163275718689,-0.08877791464328766,0.814662754535675,0.5829611420631409,-0.04892965778708458,0.822873592376709,0.44225049018859863,-0.07906599342823029,0.8265816569328308,0.35640570521354675,-0.1027524471282959,0.8262754082679749,0.2810349464416504,-0.11959590762853622,0.8738014101982117,0.6227960586547852,-0.06327930837869644,0.9256802201271057,0.5336174964904785,-0.09727020561695099,0.9585198163986206,0.4715557098388672,-0.11592880636453629,0.9833146929740906,0.41323214769363403,-0.12806162238121033,5
0.807574987411499,0.9150943756103516,6.292420948739164e-07,0.7102963328361511,0.8773595690727234,-0.035371363162994385,0.6223163604736328,0.7883428335189819,-0.051836661994457245,0.556862473487854,0.7215218544006348,-0.0665055438876152,0.4976333975791931,0.6876096129417419,-0.08158507943153381,0.6907035112380981,0.5978204011917114,-0.029304513707756996,0.6446301341056824,0.4768270254135132,-0.05243783816695213,0.6167076230049133,0.39814817905426025,-0.07162635773420334,0.5968046188354492,0.3332371115684509,-0.08734475076198578,0.7545381784439087,0.5693331360816956,-0.034978851675987244,0.7443819046020508,0.42005813121795654,-0.05319923907518387,0.7414025068283081,0.3273303806781769,-0.07048779726028442,0.7408575415611267,0.25376152992248535,-0.08455844223499298,0.8162633776664734,0.5778223872184753,-0.04667894169688225,0.8237587809562683,0.43628787994384766,-0.07610083371400833,0.8266893625259399,0.3502926230430603,-0.09990782290697098,0.8259554505348206,0.27410414814949036,-0.11713593453168869,0.8753663301467896,0.6177275776863098,-0.061151839792728424,0.9272572994232178,0.5295659303665161,-0.09475651383399963,0.9598820209503174,0.4677990674972534,-0.1137041300535202,0.9845876693725586,0.40907177329063416,-0.12632791697978973,5
0.8102337121963501,0.9128125905990601,6.148743523226585e-07,0.7135103940963745,0.871915876865387,-0.03427261859178543,0.6251740455627441,0.7808218002319336,-0.049952778965234756,0.5581637024879456,0.714515209197998,-0.06419743597507477,0.4978135824203491,0.6817902326583862,-0.07874836027622223,0.6945585608482361,0.5898414254188538,-0.025825880467891693,0.6469096541404724,0.4686785340309143,-0.04820418357849121,0.6182321906089783,0.38920626044273376,-0.06707759201526642,0.5975867509841919,0.324362576007843,-0.08255068212747574,0.7573378682136536,0.5619289875030518,-0.031801577657461166,0.7468327283859253,0.4135637879371643,-0.04900563508272171,0.743960440158844,0.322627454996109,-0.0652947649359703,0.7429906129837036,0.2520813047885895,-0.07825097441673279,0.8186342716217041,0.5708104968070984,-0.043911758810281754,0.8265730738639832,0.4266793727874756,-0.0721215158700943,0.8297358751296997,0.3404995799064636,-0.09422028809785843,0.8288001418113708,0.2648315131664276,-0.11002901196479797,0.8776490092277527,0.6113181114196777,-0.05887310206890106,0.929640531539917,0.5235118865966797,-0.09158489108085632,0.9615809321403503,0.4621548056602478,-0.10943083465099335,0.9856904745101929,0.4047582149505615,-0.12093090265989304,5
0.8139656186103821,0.9071718454360962,6.216306474016164e-07,0.7154626846313477,0.8656303882598877,-0.03346581012010574,0.6263700127601624,0.7742329835891724,-0.0481124073266983,0.558663010597229,0.7083647847175598,-0.06140252575278282,0.49846476316452026,0.6764010787010193,-0.07493112236261368,0.6961181163787842,0.5823350548744202,-0.02239292301237583,0.6484233140945435,0.45983535051345825,-0.042762890458106995,0.6212121248245239,0.3800148367881775,-0.06042449176311493,0.6022614240646362,0.31545811891555786,-0.07525923103094101,0.7596845626831055,0.5541779398918152,-0.02836463414132595,0.7488692998886108,0.4051346778869629,-0.04447678476572037,0.7461585998535156,0.3145183324813843,-0.060843326151371,0.7452421188354492,0.2458810806274414,-0.07385800033807755,0.8214634656906128,0.5628268718719482,-0.040532730519771576,0.8294717073440552,0.41793328523635864,-0.06787677109241486,0.8326415419578552,0.3315141201019287,-0.09086751937866211,0.8318085074424744,0.25620582699775696,-0.10746923834085464,0.8805420398712158,0.6032637357711792,-0.05544983223080635,0.9324666261672974,0.5162298679351807,-0.0878303200006485,0.963809609413147,0.4545290470123291,-0.10658949613571167,0.9871757626533508,0.3966121971607208,-0.11895725876092911,5
0.8163747787475586,0.9048866033554077,6.053280685591744e-07,0.7173019647598267,0.8611128926277161,-0.03244610130786896,0.6270608901977539,0.7669622302055359,-0.0466090627014637,0.5588286519050598,0.7004410028457642,-0.0596594512462616,0.496875524520874,0.6702324151992798,-0.07290688157081604,0.6976494789123535,0.5752339959144592,-0.021067554131150246,0.6502441167831421,0.4520286023616791,-0.04156827926635742,0.6229172945022583,0.3715091943740845,-0.05959879234433174,0.6033830642700195,0.306236207485199,-0.07478712499141693,0.7617875933647156,0.5475828647613525,-0.027828579768538475,0.751246452331543,0.39996784925460815,-0.044122494757175446,0.7497324347496033,0.3108680546283722,-0.060631345957517624,0.7497159242630005,0.2430667281150818,-0.07364120334386826,0.824189305305481,0.5572006702423096,-0.04066206514835358,0.8327878713607788,0.4134800434112549,-0.0674164667725563,0.8373799324035645,0.32795852422714233,-0.08870521932840347,0.8376774191856384,0.25305646657943726,-0.1041085422039032,0.8836831450462341,0.5988154411315918,-0.05631410330533981,0.9347365498542786,0.5109867453575134,-0.0874897912144661,0.9657973647117615,0.449024498462677,-0.10428785532712936,0.9890715479850769,0.3908851444721222,-0.1152280941605568,5
0.8172080516815186,0.9024153351783752,6.185817369441793e-07,0.7174763679504395,0.8590819239616394,-0.03236765414476395,0.6272637844085693,0.7625739574432373,-0.04616517946124077,0.558970034122467,0.6946190595626831,-0.05899238586425781,0.49644437432289124,0.664756715297699,-0.07195400446653366,0.6976041197776794,0.5707699656486511,-0.02005523443222046,0.6505089998245239,0.4469928741455078,-0.04027743265032768,0.6232174634933472,0.36629050970077515,-0.05797072872519493,0.6039944887161255,0.30081620812416077,-0.07294070720672607,0.7622207999229431,0.5434079170227051,-0.02691366896033287,0.7524703145027161,0.3943559527397156,-0.04313913360238075,0.7521316409111023,0.3041631877422333,-0.059388574212789536,0.7536306977272034,0.2354709506034851,-0.07216858863830566,0.8250100612640381,0.5529754757881165,-0.03994341939687729,0.8346244096755981,0.40814924240112305,-0.06697478145360947,0.8402178287506104,0.32341501116752625,-0.08799167722463608,0.8413498401641846,0.24965953826904297,-0.10303139686584473,0.8849940299987793,0.594088077545166,-0.055823616683483124,0.9364732503890991,0.5054165124893188,-0.08714225143194199,0.967862606048584,0.4434840679168701,-0.10379272699356079,0.9912601709365845,0.3859257698059082,-0.11458303034305573,5
0.8174006342887878,0.9007647037506104,6.235739533622109e-07,0.7168801426887512,0.8576301336288452,-0.033111073076725006,0.6267483830451965,0.7608547210693359,-0.0470082126557827,0.5596268177032471,0.6931653022766113,-0.059899426996707916,0.49820849299430847,0.6610514521598816,-0.07292703539133072,0.6979236602783203,0.5667242407798767,-0.02065165713429451,0.6505967974662781,0.443273663520813,-0.041651125997304916,0.6235391497612,0.36193111538887024,-0.05984664335846901,0.6046944856643677,0.2957474887371063,-0.07502741366624832,0.7632908821105957,0.5390639305114746,-0.027459172531962395,0.7532852292060852,0.3895483911037445,-0.044187165796756744,0.7532024383544922,0.2985425591468811,-0.06070077046751976,0.7552789449691772,0.22892582416534424,-0.07365281134843826,0.8266960382461548,0.5488206148147583,-0.040600650012493134,0.8362637758255005,0.4050227999687195,-0.06813913583755493,0.8414306640625,0.32112786173820496,-0.08921243995428085,0.8420537710189819,0.2481096088886261,-0.10416360199451447,0.8870229125022888,0.5906981825828552,-0.05672529712319374,0.9383989572525024,0.5011657476425171,-0.0883839949965477,0.9699393510818481,0.43861764669418335,-0.10514901578426361,0.9933576583862305,0.38023555278778076,-0.11594488471746445,5
0.8125396966934204,0.8994417786598206,6.100556220189901e-07,0.7132243514060974,0.8557723164558411,-0.03385954722762108,0.6250806450843811,0.7606163024902344,-0.04874829947948456,0.5589253902435303,0.6931823492050171,-0.06271330267190933,0.49850550293922424,0.6600809097290039,-0.07691100984811783,0.6982290148735046,0.5668174624443054,-0.02195434831082821,0.6525983810424805,0.4436560571193695,-0.044366996735334396,0.6260288953781128,0.36295515298843384,-0.0637480840086937,0.6075190305709839,0.2964068651199341,-0.07972919195890427,0.7638201713562012,0.5392255187034607,-0.02874521166086197,0.7545243501663208,0.38981443643569946,-0.046871643513441086,0.754912793636322,0.298673152923584,-0.06408021599054337,0.757531464099884,0.22863265872001648,-0.07766899466514587,0.8270446062088013,0.548617422580719,-0.04200548306107521,0.8370035886764526,0.4054841995239258,-0.07050836831331253,0.8424376249313354,0.32220539450645447,-0.0915917381644249,0.8435786962509155,0.24993613362312317,-0.10648484528064728,0.8872728943824768,0.5899133682250977,-0.05840320512652397,0.9386775493621826,0.49929678440093994,-0.09026280790567398,0.9702779650688171,0.43613529205322266,-0.1070386990904808,0.9939148426055908,0.3774814307689667,-0.11797440052032471,5
0.8167213797569275,0.9041458964347839,5.831765292896307e-07,0.7157871127128601,0.8577494025230408,-0.031884659081697464,0.6263720393180847,0.7605569362640381,-0.045698583126068115,0.5589998364448547,0.6938580870628357,-0.05885838344693184,0.49775105714797974,0.6598936915397644,-0.0722697526216507,0.699022650718689,0.5675479173660278,-0.01925443485379219,0.653562605381012,0.4427472651004791,-0.04072295501828194,0.6273148655891418,0.36166828870773315,-0.059726618230342865,0.6084312200546265,0.2949634790420532,-0.07540573924779892,0.7647849917411804,0.5402554273605347,-0.026595735922455788,0.7556058764457703,0.3907163143157959,-0.04344998300075531,0.7552907466888428,0.2996913492679596,-0.060130033642053604,0.7559762001037598,0.22925224900245667,-0.07340258359909058,0.8284258842468262,0.5497718453407288,-0.040309689939022064,0.8382192850112915,0.40552636981010437,-0.06771037727594376,0.8433286547660828,0.3212774097919464,-0.0886172503232956,0.8433487415313721,0.24818319082260132,-0.10344091802835464,0.8889606595039368,0.5909168124198914,-0.05696122720837593,0.9401053190231323,0.49823904037475586,-0.08807767182588577,0.97237229347229,0.4348737597465515,-0.10449277609586716,0.9964771866798401,0.37617552280426025,-0.1151304617524147,5
0.8161054253578186,0.9044945240020752,6.021599574523862e-07,0.7159973978996277,0.8606083393096924,-0.03289906308054924,0.6261655688285828,0.7633886933326721,-0.046970199793577194,0.5594609975814819,0.6947847008705139,-0.060069505125284195,0.4987252652645111,0.660775363445282,-0.07337363809347153,0.6984219551086426,0.5687299966812134,-0.020999493077397346,0.6534168124198914,0.44347190856933594,-0.04230194911360741,0.6273840665817261,0.3623064160346985,-0.060933224856853485,0.6090534925460815,0.2957095503807068,-0.07637912034988403,0.7645747065544128,0.5407590270042419,-0.027921263128519058,0.7556139826774597,0.38947829604148865,-0.04497038945555687,0.7550667524337769,0.29702627658843994,-0.06189759820699692,0.7562126517295837,0.22611600160598755,-0.07542811334133148,0.8282734155654907,0.5498020648956299,-0.04117710888385773,0.8389129638671875,0.4057294428348541,-0.06872642785310745,0.8437346816062927,0.3208341896533966,-0.0903361365199089,0.8437908291816711,0.24763718247413635,-0.10580340772867203,0.888817310333252,0.5903501510620117,-0.057396050542593,0.9401726126670837,0.49755167961120605,-0.0885721892118454,0.9720929861068726,0.433826208114624,-0.10547348856925964,0.9959126114845276,0.3749246299266815,-0.11663762480020523,5
0.8159794807434082,0.9086934328079224,6.026630217093043e-07,0.7156876921653748,0.8612844347953796,-0.03130247816443443,0.6259657144546509,0.7630471587181091,-0.04519948363304138,0.5593641996383667,0.6949126124382019,-0.05861454829573631,0.49896714091300964,0.6594877243041992,-0.07246389985084534,0.6995643377304077,0.5711367726325989,-0.020721357315778732,0.6542152762413025,0.4447811245918274,-0.04302685335278511,0.6277280449867249,0.3626600205898285,-0.06218837946653366,0.6090333461761475,0.2954833209514618,-0.07784980535507202,0.7658805251121521,0.5435599088668823,-0.02886221930384636,0.7571088075637817,0.39179956912994385,-0.04692201316356659,0.7567007541656494,0.297945111989975,-0.06440048664808273,0.7577536106109619,0.22577527165412903,-0.0781669095158577,0.8301568031311035,0.5522339940071106,-0.04323544725775719,0.8402320146560669,0.4075676500797272,-0.07157418131828308,0.8450770974159241,0.32125455141067505,-0.09349572658538818,0.8452932834625244,0.24658414721488953,-0.10907603055238724,0.8911615610122681,0.5923460721969604,-0.06042429432272911,0.9431300163269043,0.4988996386528015,-0.0921868085861206,0.9762911796569824,0.4349197745323181,-0.10922504961490631,1.0013595819473267,0.3762717843055725,-0.12038606405258179,5
0.8202717304229736,0.9117249250411987,5.908052571612643e-07,0.7192217111587524,0.86319500207901,-0.031368378549814224,0.6300680637359619,0.7652552723884583,-0.04562829062342644,0.5648620128631592,0.6944979429244995,-0.059460170567035675,0.5050934553146362,0.6565224528312683,-0.0738239660859108,0.7032879590988159,0.5716100931167603,-0.02084122970700264,0.6585421562194824,0.4444693922996521,-0.04396354779601097,0.6322396993637085,0.3615536093711853,-0.06433197110891342,0.6142997741699219,0.2933472990989685,-0.08085212111473083,0.7717610597610474,0.5456314086914062,-0.02914450876414776,0.7629846930503845,0.3938552737236023,-0.04701894894242287,0.763236403465271,0.299089640378952,-0.06513065844774246,0.7649158835411072,0.225240558385849,-0.07977276295423508,0.83836829662323,0.5566274523735046,-0.043627139180898666,0.8500450253486633,0.40951845049858093,-0.07065048068761826,0.8562344312667847,0.3225356638431549,-0.09133541584014893,0.8568671345710754,0.24772179126739502,-0.10648296028375626,0.9020237922668457,0.5987116098403931,-0.0610380619764328,0.952160120010376,0.5021849870681763,-0.09058718383312225,0.9835339784622192,0.43695181608200073,-0.10542204976081848,1.0067607164382935,0.3777390122413635,-0.11530570685863495,5
0.8205990195274353,0.9108080863952637,5.973881229692779e-07,0.7200380563735962,0.8617304563522339,-0.03259562700986862,0.6306555867195129,0.7642499208450317,-0.04757152870297432,0.5643095970153809,0.6946620345115662,-0.0619925856590271,0.5045706629753113,0.6578517556190491,-0.07675417512655258,0.7049933075904846,0.570521354675293,-0.021019347012043,0.6591256260871887,0.4440414309501648,-0.044351592659950256,0.6321691870689392,0.3618665337562561,-0.06486938148736954,0.6129657030105591,0.2946663796901703,-0.08150770515203476,0.773222029209137,0.5447515249252319,-0.028716089203953743,0.7648946642875671,0.39293134212493896,-0.047347985208034515,0.7634600400924683,0.29991233348846436,-0.06580863893032074,0.7626187205314636,0.22742530703544617,-0.08057425916194916,0.8393292427062988,0.5552718043327332,-0.04281465336680412,0.8496725559234619,0.40750670433044434,-0.07076302915811539,0.8535628318786621,0.3220692574977875,-0.09176140278577805,0.8520951867103577,0.248092383146286,-0.10688118636608124,0.9021327495574951,0.5970813035964966,-0.059945523738861084,0.9528113603591919,0.5009018778800964,-0.09006344527006149,0.9837789535522461,0.434467077255249,-0.10565520823001862,1.0065457820892334,0.3735337257385254,-0.11612018197774887,5
0.8243086934089661,0.9103772640228271,5.953556865279097e-07,0.7226616740226746,0.861901581287384,-0.03214442357420921,0.6322762966156006,0.7640924453735352,-0.04697588458657265,0.566083550453186,0.6939117908477783,-0.06117011606693268,0.5063683986663818,0.6560541391372681,-0.07587399333715439,0.7066062092781067,0.5696977376937866,-0.02182757668197155,0.6616588234901428,0.44266170263290405,-0.044991634786129,0.6350006461143494,0.36009758710861206,-0.06542565673589706,0.6157181262969971,0.29212459921836853,-0.08212960511445999,0.7752840518951416,0.5444225072860718,-0.029946424067020416,0.7683465480804443,0.3923130929470062,-0.04772195592522621,0.767694890499115,0.29798004031181335,-0.06553928554058075,0.7672846913337708,0.2236710786819458,-0.0802077203989029,0.8416667580604553,0.5566351413726807,-0.044380560517311096,0.8532078266143799,0.4084916114807129,-0.07179337739944458,0.8585004210472107,0.32214120030403137,-0.09240119159221649,0.8581055998802185,0.2467890977859497,-0.10756435990333557,0.9045761227607727,0.6004011034965515,-0.061793629080057144,0.9553195238113403,0.5039510130882263,-0.09210871160030365,0.9868012070655823,0.43761157989501953,-0.10756249725818634,1.009796142578125,0.3761206269264221,-0.11800222098827362,5
0.8252911567687988,0.9137293100357056,5.998358574288432e-07,0.7227293252944946,0.8625746965408325,-0.03198114410042763,0.6329851746559143,0.7638565897941589,-0.04622494429349899,0.5671016573905945,0.6924641132354736,-0.05985399708151817,0.508113443851471,0.653403639793396,-0.07397651672363281,0.7088919878005981,0.5706363320350647,-0.020606564357876778,0.66411292552948,0.44334232807159424,-0.04357268288731575,0.6373915076255798,0.35966670513153076,-0.06401928514242172,0.618618369102478,0.2907961905002594,-0.08073624968528748,0.7775943875312805,0.5458930730819702,-0.028587009757757187,0.7707143425941467,0.39372020959854126,-0.045958392322063446,0.7704166769981384,0.29790809750556946,-0.0638749822974205,0.7709915637969971,0.22284796833992004,-0.07869495451450348,0.8438845276832581,0.5584025979042053,-0.04293323680758476,0.8553984761238098,0.4116470217704773,-0.07027323544025421,0.8607539534568787,0.3241806626319885,-0.0914858803153038,0.8609061241149902,0.2487419843673706,-0.10711514204740524,0.9069907665252686,0.6021914482116699,-0.060219310224056244,0.9581087827682495,0.5070560574531555,-0.09066350013017654,0.9902690649032593,0.4429386258125305,-0.1062890887260437,1.0140161514282227,0.38448089361190796,-0.116786427795887,5
0.8295584917068481,0.9125869274139404,5.948110128883854e-07,0.726791262626648,0.8622860312461853,-0.03190445527434349,0.6353082060813904,0.7631861567497253,-0.045744188129901886,0.5682899355888367,0.6909981966018677,-0.05884953960776329,0.5090697407722473,0.6514593362808228,-0.07244306057691574,0.7110189199447632,0.5696386098861694,-0.01996472477912903,0.6666401028633118,0.44298696517944336,-0.042486969381570816,0.6401726007461548,0.35992616415023804,-0.0628030076622963,0.6216377019882202,0.29162105917930603,-0.07955849170684814,0.7794529795646667,0.5444416403770447,-0.027840249240398407,0.7728836536407471,0.3925071358680725,-0.04488787800073624,0.7720036506652832,0.2962800860404968,-0.06283813714981079,0.771959662437439,0.22067877650260925,-0.0778350681066513,0.8453294038772583,0.5570764541625977,-0.04213203862309456,0.8574811220169067,0.41029101610183716,-0.0694308951497078,0.8631365895271301,0.3225720524787903,-0.09109777212142944,0.8633162379264832,0.24726712703704834,-0.1071353480219841,0.9078630208969116,0.6012011766433716,-0.059302426874637604,0.9585618376731873,0.5057553052902222,-0.09001344442367554,0.9906045198440552,0.4420742988586426,-0.10595270246267319,1.0138964653015137,0.3843725323677063,-0.11674347519874573,5
0.830255925655365,0.9146431684494019,5.950557238065812e-07,0.7269382476806641,0.8629380464553833,-0.030567090958356857,0.636127233505249,0.762122392654419,-0.043249744921922684,0.5700323581695557,0.6890696287155151,-0.055429842323064804,0.5108787417411804,0.6495674252510071,-0.06819558888673782,0.712103545665741,0.5691797137260437,-0.017628027126193047,0.6676481366157532,0.44183939695358276,-0.039603013545274734,0.6411881446838379,0.3582960367202759,-0.059781186282634735,0.6225131154060364,0.2894233763217926,-0.07642131298780441,0.7809018492698669,0.544025719165802,-0.025902166962623596,0.7755186557769775,0.391793817281723,-0.04230745509266853,0.7750986814498901,0.29544597864151,-0.060313139110803604,0.774922788143158,0.2199326753616333,-0.07527011632919312,0.8466391563415527,0.556564211845398,-0.04048013314604759,0.8594727516174316,0.4100433588027954,-0.06724875420331955,0.865805983543396,0.3229794204235077,-0.0887463316321373,0.8661086559295654,0.2483879029750824,-0.1045754924416542,0.908507764339447,0.6009194254875183,-0.057836007326841354,0.9595171213150024,0.5059592723846436,-0.08833125233650208,0.9916874170303345,0.4439105987548828,-0.10382042080163956,1.014805555343628,0.38792234659194946,-0.11408897489309311,5
0.8303000926971436,0.9121289253234863,6.282700155679777e-07,0.7271957397460938,0.8614454865455627,-0.03172643482685089,0.6365777850151062,0.7630470395088196,-0.04554073512554169,0.5702993273735046,0.6900169253349304,-0.05865301936864853,0.5113652944564819,0.6497834324836731,-0.07230021804571152,0.7126365900039673,0.568110466003418,-0.018857328221201897,0.6675819158554077,0.44089972972869873,-0.040649786591529846,0.6410280466079712,0.35730451345443726,-0.060615263879299164,0.622737467288971,0.2887559235095978,-0.07709352672100067,0.7814063429832458,0.5437886118888855,-0.02680729143321514,0.7761694192886353,0.39019447565078735,-0.04331675544381142,0.7756414413452148,0.2924403250217438,-0.06158812716603279,0.7759508490562439,0.2155245840549469,-0.07677503675222397,0.8467395901679993,0.5567616820335388,-0.04113129898905754,0.8588647842407227,0.410015344619751,-0.06851699948310852,0.8651944398880005,0.3219129741191864,-0.09114169329404831,0.8663596510887146,0.2467823326587677,-0.10770444571971893,0.908196210861206,0.6012539267539978,-0.05822667479515076,0.9594570398330688,0.506034255027771,-0.08940862864255905,0.9928266406059265,0.44390368461608887,-0.10570035874843597,1.0174403190612793,0.38794732093811035,-0.11653012037277222,5
0.8322591781616211,0.9123817682266235,6.171283075673273e-07,0.728699803352356,0.8625231385231018,-0.032694146037101746,0.6378814578056335,0.7640718221664429,-0.04713130742311478,0.5708180665969849,0.6908109188079834,-0.06076155975461006,0.5112352967262268,0.649157702922821,-0.07489558309316635,0.7137879133224487,0.5701836943626404,-0.020173627883195877,0.6684845089912415,0.44158774614334106,-0.04258262366056442,0.6420437693595886,0.3575863838195801,-0.0629362091422081,0.6238669753074646,0.28826311230659485,-0.07968928664922714,0.7822799682617188,0.5452651977539062,-0.027869541198015213,0.7767579555511475,0.39152616262435913,-0.04467325285077095,0.7764862775802612,0.29363882541656494,-0.06297735869884491,0.7768033742904663,0.21609601378440857,-0.07822508364915848,0.8473068475723267,0.5576145052909851,-0.042010240256786346,0.8600646257400513,0.40982627868652344,-0.06945240497589111,0.8672232031822205,0.32173141837120056,-0.09176118671894073,0.8686058521270752,0.24553734064102173,-0.10820329934358597,0.9088525772094727,0.6013840436935425,-0.05904660373926163,0.9602562189102173,0.5066409707069397,-0.09030017256736755,0.9929744601249695,0.44524210691452026,-0.10640403628349304,1.0165886878967285,0.38908830285072327,-0.11714757978916168,5
0.8305882215499878,0.9136793613433838,6.244702603908081e-07,0.7274430990219116,0.862225353717804,-0.03233788534998894,0.6366838216781616,0.7633360028266907,-0.046388640999794006,0.5699551701545715,0.6905288696289062,-0.05964719131588936,0.5110472440719604,0.6485385298728943,-0.07328451424837112,0.7129897475242615,0.5687645673751831,-0.019306626170873642,0.6677532196044922,0.4402754306793213,-0.04147417098283768,0.6414169073104858,0.35609152913093567,-0.061560459434986115,0.6232869029045105,0.2866917848587036,-0.07809101045131683,0.781836748123169,0.5441709756851196,-0.027063962072134018,0.776317834854126,0.39127224683761597,-0.04376469552516937,0.7762085795402527,0.29365843534469604,-0.06194999814033508,0.7767828106880188,0.21619004011154175,-0.07702653110027313,0.8470675349235535,0.5565308928489685,-0.04131055250763893,0.8593826293945312,0.410426527261734,-0.06887343525886536,0.8664505481719971,0.32267722487449646,-0.09119816869497299,0.8677641153335571,0.24691277742385864,-0.10751023888587952,0.9084194898605347,0.6002095341682434,-0.05843474343419075,0.9597750902175903,0.5059038400650024,-0.08978454768657684,0.9924675226211548,0.4443354606628418,-0.10602276027202606,1.0159056186676025,0.38802796602249146,-0.1167873665690422,5
0.8320388197898865,0.9105731248855591,6.351096430989855e-07,0.7281844615936279,0.8611364364624023,-0.03315780684351921,0.6368295550346375,0.7633007168769836,-0.0480852872133255,0.5701440572738647,0.6891993284225464,-0.06199900805950165,0.5111082792282104,0.6464684009552002,-0.07626432925462723,0.7122922539710999,0.5681619644165039,-0.021651702001690865,0.6675032377243042,0.4394623637199402,-0.044292498379945755,0.6418004035949707,0.3549515902996063,-0.06449875235557556,0.6246458888053894,0.2853320837020874,-0.08109048008918762,0.781532883644104,0.5431074500083923,-0.029181089252233505,0.7762299180030823,0.3893323540687561,-0.04621539264917374,0.7762006521224976,0.29152774810791016,-0.06428834795951843,0.7771981954574585,0.2139585018157959,-0.0793529525399208,0.8472656011581421,0.5555258989334106,-0.0431382991373539,0.8591647744178772,0.4079734683036804,-0.07106471061706543,0.8659176230430603,0.3198367953300476,-0.09318140149116516,0.8674123883247375,0.2440597414970398,-0.10933904349803925,0.909098744392395,0.5995041131973267,-0.05998285859823227,0.9601901769638062,0.5038293600082397,-0.09166593104600906,0.9930057525634766,0.4412161707878113,-0.10785512626171112,1.0167990922927856,0.38422834873199463,-0.11854130774736404,5
0.8303705453872681,0.911872148513794,6.327294954644458e-07,0.7272971272468567,0.8617944717407227,-0.033267561346292496,0.6369388699531555,0.7628426551818848,-0.04762512817978859,0.570344090461731,0.6889598965644836,-0.061019882559776306,0.5112937092781067,0.6459605693817139,-0.0747138261795044,0.7128291726112366,0.5677288770675659,-0.019913513213396072,0.6677038669586182,0.4389667510986328,-0.04204558581113815,0.6414577960968018,0.35452017188072205,-0.06191834434866905,0.623561441898346,0.2854762673377991,-0.07819761335849762,0.7817134261131287,0.5430977940559387,-0.027195299044251442,0.7763147950172424,0.38911932706832886,-0.04381975531578064,0.775749921798706,0.29126548767089844,-0.06171641871333122,0.7758382558822632,0.21466603875160217,-0.07643838971853256,0.8467893600463867,0.5557433366775513,-0.04104338213801384,0.8590075373649597,0.40783947706222534,-0.06861976534128189,0.8657859563827515,0.3195981979370117,-0.09049738198518753,0.8667727708816528,0.24392348527908325,-0.10639142990112305,0.9080121517181396,0.5997146368026733,-0.05783325433731079,0.9598091840744019,0.504941999912262,-0.08914682269096375,0.9923783540725708,0.442671000957489,-0.10509897023439407,1.0156335830688477,0.3859829306602478,-0.11557631939649582,5
0.8286515474319458,0.9114333391189575,6.309164746198803e-07,0.7265963554382324,0.8608085513114929,-0.03279895707964897,0.6367308497428894,0.761796236038208,-0.04706445336341858,0.5701999664306641,0.6888389587402344,-0.060425952076911926,0.5112243890762329,0.646379292011261,-0.07405784726142883,0.7116667032241821,0.566480815410614,-0.0193735770881176,0.6671741604804993,0.43860042095184326,-0.04123900830745697,0.6411862373352051,0.35447433590888977,-0.06095680221915245,0.6238095164299011,0.28570979833602905,-0.07708887755870819,0.7805134057998657,0.5416922569274902,-0.026846926659345627,0.775574803352356,0.388691246509552,-0.04292707517743111,0.7751975655555725,0.2911912798881531,-0.06030413508415222,0.7756041884422302,0.21488165855407715,-0.07467063516378403,0.845820426940918,0.5544427633285522,-0.0408763624727726,0.8587003946304321,0.4067575931549072,-0.06799832731485367,0.8653802871704102,0.31926703453063965,-0.08930308371782303,0.8663254976272583,0.24440723657608032,-0.10476557910442352,0.9073843359947205,0.5988338589668274,-0.057836972177028656,0.9591740965843201,0.5033984184265137,-0.0886935293674469,0.9918666481971741,0.44128888845443726,-0.10408265888690948,1.015235185623169,0.3849170207977295,-0.11410995572805405,5
0.8290282487869263,0.9106327295303345,6.245567760743143e-07,0.7264448404312134,0.8609170913696289,-0.033921919763088226,0.6363304853439331,0.7614888548851013,-0.04851284623146057,0.5694776177406311,0.6878953576087952,-0.06189670041203499,0.5100266337394714,0.6456570625305176,-0.0754672959446907,0.7119293212890625,0.5673066973686218,-0.020709708333015442,0.6671031713485718,0.43908441066741943,-0.04261426255106926,0.6411670446395874,0.3548673689365387,-0.06222027540206909,0.6240012645721436,0.28603583574295044,-0.07829581201076508,0.780530571937561,0.5422583818435669,-0.02752373181283474,0.7742387652397156,0.3890293836593628,-0.043808989226818085,0.7739318609237671,0.2916675806045532,-0.06088663637638092,0.7746583223342896,0.21548709273338318,-0.07508179545402527,0.8457367420196533,0.5544337630271912,-0.04101952537894249,0.8574341535568237,0.4064558744430542,-0.06862194091081619,0.8637893795967102,0.3186531066894531,-0.09020821005105972,0.8644727468490601,0.24323448538780212,-0.10586011409759521,0.9073276519775391,0.5976760387420654,-0.057514939457178116,0.9589054584503174,0.5008269548416138,-0.08893391489982605,0.991879940032959,0.4376702606678009,-0.10501889884471893,1.0155246257781982,0.37987422943115234,-0.11563041061162949,5
0.8288267254829407,0.9104067087173462,6.267016487981891e-07,0.7262912392616272,0.860731303691864,-0.03422442451119423,0.636221170425415,0.7615253925323486,-0.04899810999631882,0.5694664120674133,0.6878209114074707,-0.06259005516767502,0.5100311040878296,0.6454272270202637,-0.0763404592871666,0.7119181752204895,0.5666548013687134,-0.021031012758612633,0.6667134165763855,0.4382726848125458,-0.043161842972040176,0.640465259552002,0.35382506251335144,-0.06275415420532227,0.6229616403579712,0.2848881483078003,-0.07878061383962631,0.7805008292198181,0.5416218042373657,-0.027781609445810318,0.7738814353942871,0.3885250687599182,-0.04429376870393753,0.7736831307411194,0.2914964556694031,-0.06131388992071152,0.7747329473495483,0.21578827500343323,-0.07536228746175766,0.8457529544830322,0.5539562106132507,-0.041253067553043365,0.8572237491607666,0.4060176610946655,-0.06918131560087204,0.8636693954467773,0.3181890547275543,-0.09071952104568481,0.8645761013031006,0.2427159547805786,-0.10624650120735168,0.9074820280075073,0.5975164175033569,-0.05775336176156998,0.9594723582267761,0.501349925994873,-0.08957918733358383,0.9926894903182983,0.4383777678012848,-0.10581675171852112,1.016598105430603,0.38073062896728516,-0.11642187088727951,5
0.8282085061073303,0.9115563631057739,6.292302714427933e-07,0.7261125445365906,0.8612797260284424,-0.03408694267272949,0.6362956762313843,0.7612546682357788,-0.048685405403375626,0.5696479678153992,0.6873040795326233,-0.062100477516651154,0.5100108981132507,0.645241379737854,-0.07572066783905029,0.7114279866218567,0.5663960576057434,-0.02075725980103016,0.6667385101318359,0.43800199031829834,-0.0425901785492897,0.6406769156455994,0.35379940271377563,-0.062009360641241074,0.6232244968414307,0.2849451005458832,-0.07796700298786163,0.7804919481277466,0.5419996976852417,-0.027621645480394363,0.7741824984550476,0.3887653946876526,-0.044089220464229584,0.7736374735832214,0.2911038398742676,-0.06149636209011078,0.7740772366523743,0.21431192755699158,-0.07592878490686417,0.8457695245742798,0.5548276901245117,-0.041167426854372025,0.8575231432914734,0.4070671498775482,-0.06919816881418228,0.8638020157814026,0.31862199306488037,-0.09136476367712021,0.8643044233322144,0.24235329031944275,-0.10738886147737503,0.9073323011398315,0.5984341502189636,-0.05766830965876579,0.9596078991889954,0.5014330148696899,-0.08947262167930603,0.9933897256851196,0.4382793605327606,-0.10595521330833435,1.0177077054977417,0.3803578019142151,-0.11685223877429962,5
0.8279317617416382,0.9106573462486267,6.20562104813871e-07,0.725502610206604,0.8606775403022766,-0.033136527985334396,0.6359025239944458,0.7607829570770264,-0.047298919409513474,0.5694259405136108,0.6869522929191589,-0.060517288744449615,0.5100010633468628,0.6450865268707275,-0.07407579571008682,0.7113832235336304,0.5662781596183777,-0.01923232339322567,0.6669549345970154,0.43878990411758423,-0.040945425629615784,0.6409876942634583,0.35492584109306335,-0.06059310585260391,0.623551607131958,0.2862083315849304,-0.07681309431791306,0.7801395654678345,0.5417234301567078,-0.026634985581040382,0.7739337086677551,0.38864028453826904,-0.04297293350100517,0.7730873227119446,0.2912501394748688,-0.06053144112229347,0.7730880975723267,0.21447914838790894,-0.0751175731420517,0.8455022573471069,0.5543885231018066,-0.04070306941866875,0.8567284941673279,0.40647515654563904,-0.06862091273069382,0.8627467751502991,0.31796514987945557,-0.09087523818016052,0.8633095026016235,0.24145108461380005,-0.10701406002044678,0.9071739315986633,0.5981929898262024,-0.057672325521707535,0.9586467742919922,0.5019251108169556,-0.0895216315984726,0.9921207427978516,0.4389401078224182,-0.10603164881467819,1.0165374279022217,0.38099634647369385,-0.1169821172952652,5
0.8283389210700989,0.9111325740814209,6.329496500256937e-07,0.7267791032791138,0.8623992204666138,-0.03385382890701294,0.636776864528656,0.7618499994277954,-0.04855852946639061,0.5696666240692139,0.6874696016311646,-0.062115628272295,0.5096007585525513,0.6459036469459534,-0.07595017552375793,0.7105352282524109,0.5666402578353882,-0.02087150700390339,0.6660472750663757,0.43886274099349976,-0.042780935764312744,0.6400512456893921,0.35476720333099365,-0.06223313882946968,0.622838020324707,0.2861572802066803,-0.07817735522985458,0.7792961001396179,0.5419525504112244,-0.027826573699712753,0.7736800909042358,0.38859257102012634,-0.044239696115255356,0.773313581943512,0.29118612408638,-0.06127458065748215,0.7737105488777161,0.21489420533180237,-0.07542093843221664,0.8445248603820801,0.5541725158691406,-0.04145975783467293,0.8571217656135559,0.40645912289619446,-0.06944319605827332,0.8632895350456238,0.31802138686180115,-0.09146184474229813,0.8637703657150269,0.2423279881477356,-0.1073690876364708,0.9059130549430847,0.5971755981445312,-0.05803189054131508,0.9588054418563843,0.49968940019607544,-0.08992253988981247,0.9933711290359497,0.4361551105976105,-0.10650993138551712,1.018310546875,0.3782869577407837,-0.11747019737958908,5
0.8275490403175354,0.911341667175293,6.340247296066082e-07,0.7248846888542175,0.8612949252128601,-0.0342269241809845,0.6354586482048035,0.7617297172546387,-0.04892463982105255,0.5692290663719177,0.687908411026001,-0.06242735683917999,0.5098724365234375,0.6445014476776123,-0.07612941414117813,0.7109622955322266,0.5651903748512268,-0.01996610127389431,0.6657619476318359,0.43749362230300903,-0.04187285155057907,0.6393566727638245,0.35333067178726196,-0.06153961643576622,0.6218210458755493,0.28427982330322266,-0.0776139348745346,0.7798431515693665,0.5406164526939392,-0.026821326464414597,0.7738538384437561,0.3873082399368286,-0.042923204600811005,0.7733597159385681,0.28989866375923157,-0.06003621965646744,0.7738098502159119,0.21373945474624634,-0.07415077835321426,0.8449159264564514,0.5537827610969543,-0.04046978801488876,0.8576783537864685,0.40631285309791565,-0.06806860119104385,0.8638421893119812,0.31818318367004395,-0.0895041972398758,0.8639597296714783,0.2423502504825592,-0.10493148863315582,0.9062359929084778,0.5983454585075378,-0.05716785416007042,0.9580842852592468,0.5015777945518494,-0.08848659694194794,0.9906297326087952,0.43882352113723755,-0.1041455864906311,1.0134799480438232,0.38123762607574463,-0.11435069888830185,5
0.8276787400245667,0.9110909700393677,6.362342332977278e-07,0.7253066897392273,0.861493706703186,-0.03418231010437012,0.6355271339416504,0.7620892524719238,-0.049185194075107574,0.5686980485916138,0.6875900030136108,-0.06301333755254745,0.508624792098999,0.6461890935897827,-0.07705587893724442,0.7104046940803528,0.5667943358421326,-0.02096588723361492,0.6659055948257446,0.4380963444709778,-0.04313594475388527,0.6399550437927246,0.3538329005241394,-0.06280764192342758,0.6228069067001343,0.28489920496940613,-0.07888798415660858,0.7791486978530884,0.5422079563140869,-0.027771763503551483,0.7731187343597412,0.38769015669822693,-0.04441162198781967,0.7724692225456238,0.2898564338684082,-0.061692506074905396,0.7727141976356506,0.21296745538711548,-0.07597292214632034,0.8445721864700317,0.5544981956481934,-0.04127965494990349,0.8570908308029175,0.4060501456260681,-0.06918823719024658,0.8630914688110352,0.31733420491218567,-0.09115424752235413,0.8635218739509583,0.24151349067687988,-0.10702026635408401,0.9062559008598328,0.5978556871414185,-0.057805661112070084,0.9589725136756897,0.5008728504180908,-0.0895170345902443,0.9926160573959351,0.43679141998291016,-0.1061062440276146,1.0170037746429443,0.37835371494293213,-0.1170661449432373,5
0.8286100625991821,0.9116693735122681,6.435297450479993e-07,0.7260395884513855,0.8626000881195068,-0.03473753109574318,0.6365393996238708,0.7630572319030762,-0.04975677281618118,0.5699033737182617,0.6887522339820862,-0.06365415453910828,0.5104312300682068,0.6442511677742004,-0.0776437446475029,0.7106448411941528,0.5672405362129211,-0.02045408822596073,0.6657918691635132,0.4381861090660095,-0.04243612661957741,0.6397351622581482,0.3533534109592438,-0.06182333454489708,0.6225724816322327,0.2840332090854645,-0.07764385640621185,0.7796068787574768,0.5420275330543518,-0.027156289666891098,0.7731437683105469,0.3877096474170685,-0.043431151658296585,0.7724168300628662,0.2894749641418457,-0.060437340289354324,0.7727273106575012,0.21252396702766418,-0.07454197853803635,0.8451490998268127,0.5540668368339539,-0.040751054883003235,0.8569182753562927,0.4057930111885071,-0.06871175020933151,0.8630968928337097,0.31727859377861023,-0.0906074047088623,0.863555908203125,0.24126753211021423,-0.10640531033277512,0.9070911407470703,0.596968948841095,-0.05743405967950821,0.9597933292388916,0.49937981367111206,-0.08946505188941956,0.9943585395812988,0.4357548952102661,-0.10605557262897491,1.0196130275726318,0.37748950719833374,-0.11693745851516724,5
0.8284047842025757,0.9124624729156494,6.363251827679051e-07,0.725409746170044,0.8629109859466553,-0.035122014582157135,0.6358643770217896,0.7628679275512695,-0.050321586430072784,0.5691837668418884,0.6884959936141968,-0.06422821432352066,0.5097140073776245,0.6443974375724792,-0.07823075354099274,0.7108646035194397,0.5678303837776184,-0.020496975630521774,0.6664918661117554,0.4385067820549011,-0.042928505688905716,0.6401787400245667,0.35375094413757324,-0.06306582689285278,0.6226015686988831,0.2842475473880768,-0.07946248352527618,0.7794486880302429,0.5433825254440308,-0.02700931578874588,0.7731124758720398,0.3882410228252411,-0.04365186020731926,0.7722793221473694,0.28985580801963806,-0.061217501759529114,0.7723578810691833,0.21207702159881592,-0.07570687681436539,0.8445620536804199,0.555749237537384,-0.040401313453912735,0.8560922741889954,0.40567755699157715,-0.06820426881313324,0.8634017109870911,0.31662747263908386,-0.08968646824359894,0.8649096488952637,0.24005165696144104,-0.10518037527799606,0.9060845375061035,0.5987604856491089,-0.056961558759212494,0.9564268589019775,0.49998950958251953,-0.08823395520448685,0.9891834259033203,0.4364352226257324,-0.10382833331823349,1.0126597881317139,0.37859058380126953,-0.1140742301940918,5
0.826228141784668,0.9106634855270386,6.622540240641683e-07,0.7243683934211731,0.8619510531425476,-0.03465620055794716,0.6354490518569946,0.7629112601280212,-0.05009915679693222,0.5691206455230713,0.6886914372444153,-0.06430056691169739,0.5103342533111572,0.6433031558990479,-0.07861718535423279,0.7095797061920166,0.5656928420066833,-0.021970834583044052,0.6643930673599243,0.4370717406272888,-0.04443031921982765,0.6384164094924927,0.35260966420173645,-0.06422074884176254,0.6214856505393982,0.2835848927497864,-0.08037567138671875,0.7782734036445618,0.540722668170929,-0.0288735032081604,0.7724165320396423,0.3851774334907532,-0.04578530415892601,0.7725595831871033,0.28696221113204956,-0.06312507390975952,0.7736279964447021,0.2107679545879364,-0.07732770591974258,0.8441229462623596,0.5531113743782043,-0.04255612567067146,0.855347216129303,0.403791606426239,-0.07129274308681488,0.8615968823432922,0.31545761227607727,-0.09380307793617249,0.862322986125946,0.23951435089111328,-0.1099194809794426,0.9065418243408203,0.5968974828720093,-0.059206679463386536,0.9595080614089966,0.49890217185020447,-0.09212635457515717,0.9941673874855042,0.4352377653121948,-0.10932137072086334,1.0195286273956299,0.3767632842063904,-0.1205376535654068,5
0.8262598514556885,0.912835955619812,6.175002909003524e-07,0.7230861783027649,0.8618857860565186,-0.03395405411720276,0.6338578462600708,0.7609484195709229,-0.048822689801454544,0.566756010055542,0.6874828338623047,-0.06272196769714355,0.5062976479530334,0.6456628441810608,-0.07690127193927765,0.7105918526649475,0.5660569071769714,-0.018725229427218437,0.6664645075798035,0.4375295042991638,-0.04126901179552078,0.6404638290405273,0.353076308965683,-0.0617775097489357,0.6230223774909973,0.28372064232826233,-0.07853416353464127,0.7786913514137268,0.5424624681472778,-0.025971386581659317,0.772452712059021,0.3887069821357727,-0.04280872642993927,0.7717706561088562,0.2915080189704895,-0.06044923514127731,0.7719590067863464,0.21393096446990967,-0.07491647452116013,0.8435849547386169,0.5558514595031738,-0.04010207578539848,0.854546844959259,0.4052172601222992,-0.06819095462560654,0.8612872958183289,0.3164883852005005,-0.08952946960926056,0.8625963926315308,0.23905381560325623,-0.1048869639635086,0.9049279689788818,0.6003621220588684,-0.05733437463641167,0.955642819404602,0.5030645728111267,-0.08932926505804062,0.9881784319877625,0.43923819065093994,-0.1053294762969017,1.0116865634918213,0.3800109028816223,-0.11578082293272018,5
0.8266980648040771,0.911447286605835,6.579741125278815e-07,0.725101113319397,0.863219141960144,-0.03442186862230301,0.6350659132003784,0.7638409733772278,-0.04971441626548767,0.5682262778282166,0.6893793344497681,-0.06371904164552689,0.5097601413726807,0.645141065120697,-0.07777499407529831,0.7087854146957397,0.5662676095962524,-0.022225888445973396,0.6641802787780762,0.43710851669311523,-0.04472271725535393,0.6385973691940308,0.35274800658226013,-0.06441200524568558,0.6217881441116333,0.28364256024360657,-0.08047361671924591,0.7770304083824158,0.5416752099990845,-0.02899252064526081,0.7721113562583923,0.38596487045288086,-0.04592515155673027,0.7727683186531067,0.28807753324508667,-0.06289409846067429,0.773916482925415,0.2115616500377655,-0.0767972394824028,0.842552661895752,0.554355800151825,-0.042499203234910965,0.8549160361289978,0.40519073605537415,-0.07084809243679047,0.861265242099762,0.316468745470047,-0.09296561777591705,0.8619174957275391,0.23998859524726868,-0.1088172197341919,0.9048289060592651,0.5980862975120544,-0.059012509882450104,0.9582618474960327,0.5006587505340576,-0.0912342369556427,0.9922661781311035,0.43614429235458374,-0.1083042323589325,1.0170180797576904,0.3763886094093323,-0.11953825503587723,5
0.8251891732215881,0.9115793704986572,6.460000463448523e-07,0.7233267426490784,0.8620390892028809,-0.03516396880149841,0.6340296268463135,0.761580228805542,-0.0504097156226635,0.5678995847702026,0.6875943541526794,-0.06426457315683365,0.5095072388648987,0.6425264477729797,-0.07816450297832489,0.708457350730896,0.5656285881996155,-0.02146027982234955,0.6643355488777161,0.43651002645492554,-0.04387689381837845,0.6385947465896606,0.35198894143104553,-0.06370870769023895,0.6214317679405212,0.28316646814346313,-0.07988545298576355,0.7768661379814148,0.5418232679367065,-0.028084758669137955,0.7707664370536804,0.38688862323760986,-0.04504740238189697,0.7709147334098816,0.28864508867263794,-0.06244448944926262,0.7720600366592407,0.21175828576087952,-0.07665717601776123,0.8422736525535583,0.5552413463592529,-0.04157640039920807,0.8528087139129639,0.4053376317024231,-0.07031997293233871,0.8598423600196838,0.3157173991203308,-0.09261267632246017,0.8616873025894165,0.2383195161819458,-0.108514204621315,0.9044167399406433,0.5996478199958801,-0.05810751020908356,0.9554612040519714,0.5016220211982727,-0.09110618382692337,0.9891905784606934,0.4376900792121887,-0.10803071409463882,1.01402747631073,0.3789593577384949,-0.1189742386341095,5
0.8257139325141907,0.9100056290626526,6.675464874206227e-07,0.7227160930633545,0.8605376482009888,-0.0342663936316967,0.6333782076835632,0.7615899443626404,-0.04935219883918762,0.5670371651649475,0.6876800060272217,-0.06329400837421417,0.507332444190979,0.644916296005249,-0.07722105085849762,0.7077197432518005,0.5651041865348816,-0.019675474613904953,0.6631695032119751,0.4363301992416382,-0.041121456772089005,0.6376438140869141,0.35183200240135193,-0.06017641723155975,0.6208556890487671,0.28291988372802734,-0.07577168196439743,0.776259183883667,0.5407042503356934,-0.026480764150619507,0.7710045576095581,0.38543930649757385,-0.04244370013475418,0.7713150382041931,0.28750255703926086,-0.05889584496617317,0.7721178531646729,0.21114477515220642,-0.0723431333899498,0.841580331325531,0.553240180015564,-0.04018586874008179,0.853568971157074,0.4044148325920105,-0.06788171827793121,0.8598359227180481,0.31527218222618103,-0.08930528908967972,0.8603419065475464,0.2386658787727356,-0.10451553761959076,0.9032107591629028,0.5963696837425232,-0.05695532634854317,0.9557178020477295,0.49797752499580383,-0.08847583830356598,0.9890008568763733,0.43253135681152344,-0.10484208911657333,1.01310133934021,0.37211108207702637,-0.11550792306661606,5
0.8257875442504883,0.911719799041748,6.492034003713343e-07,0.7225890755653381,0.8613221645355225,-0.034237612038850784,0.6332587003707886,0.7616693377494812,-0.04936063662171364,0.5669993758201599,0.6879397034645081,-0.06341224163770676,0.508109450340271,0.6432645320892334,-0.077500119805336,0.7082881331443787,0.5659696459770203,-0.020070567727088928,0.6635160446166992,0.4367264211177826,-0.04251010715961456,0.6375235319137573,0.35196635127067566,-0.06243047118186951,0.6201722025871277,0.28266042470932007,-0.07858529686927795,0.7769356369972229,0.5413999557495117,-0.02712811715900898,0.7709148526191711,0.38616275787353516,-0.04402710124850273,0.7712520956993103,0.2877838909626007,-0.061293475329875946,0.7722815871238708,0.21048831939697266,-0.07529880851507187,0.8423057198524475,0.5542555451393127,-0.04106045141816139,0.8534725904464722,0.4041587710380554,-0.06936907023191452,0.8604442477226257,0.31495335698127747,-0.0908496230840683,0.8614619970321655,0.23792237043380737,-0.10605151951313019,0.9042938947677612,0.5978729128837585,-0.05803453549742699,0.9561194181442261,0.4982067942619324,-0.08989855647087097,0.9892672300338745,0.43249720335006714,-0.1059989258646965,1.0132068395614624,0.3717344403266907,-0.11641234904527664,5
0.8231605291366577,0.9096279144287109,6.422268938877096e-07,0.7212520241737366,0.8597304224967957,-0.033230628818273544,0.6323517560958862,0.7599648237228394,-0.047944750636816025,0.566775381565094,0.6869722604751587,-0.06176029518246651,0.508500337600708,0.64287930727005,-0.0756751149892807,0.7072292566299438,0.564207136631012,-0.019991936162114143,0.662615180015564,0.4351080656051636,-0.041833166033029556,0.6368730664253235,0.35116538405418396,-0.06105148792266846,0.6198288798332214,0.2826913297176361,-0.07675859332084656,0.7754656076431274,0.5403088927268982,-0.027396908029913902,0.7694849371910095,0.3852173089981079,-0.04406474903225899,0.7698736786842346,0.28845757246017456,-0.06101200357079506,0.7708408236503601,0.21231406927108765,-0.0748051181435585,0.8410235643386841,0.5530118346214294,-0.04150824248790741,0.8525360226631165,0.40270739793777466,-0.0697883665561676,0.8596067428588867,0.3133337199687958,-0.09153465926647186,0.8610011339187622,0.23576700687408447,-0.10701774805784225,0.9033690690994263,0.5964754223823547,-0.05852773040533066,0.9561400413513184,0.4973418116569519,-0.0904449000954628,0.9900419116020203,0.4312896430492401,-0.10693909227848053,1.0148236751556396,0.37019622325897217,-0.11774050444364548,5
0.825097382068634,0.9088606834411621,6.320504439827346e-07,0.7218613624572754,0.8602411150932312,-0.03372565656900406,0.6316807270050049,0.7593351006507874,-0.0485578291118145,0.564583957195282,0.6859018802642822,-0.062447793781757355,0.5049039125442505,0.6444957256317139,-0.07657332718372345,0.707981288433075,0.5663176774978638,-0.021200310438871384,0.663863480091095,0.43577736616134644,-0.043614547699689865,0.6384137868881226,0.35161063075065613,-0.0632593110203743,0.6211084127426147,0.28261980414390564,-0.07942201942205429,0.7759886980056763,0.5419741272926331,-0.02857864275574684,0.7689231634140015,0.3875367045402527,-0.04631580412387848,0.7690105438232422,0.2901073098182678,-0.06410997360944748,0.7699176669120789,0.21256089210510254,-0.07867621630430222,0.84152752161026,0.5539836287498474,-0.042650170624256134,0.8518375158309937,0.403566837310791,-0.07210630923509598,0.8580559492111206,0.31415167450904846,-0.0949312299489975,0.8590304851531982,0.23600256443023682,-0.11123574525117874,0.903844952583313,0.5963711738586426,-0.05959848687052727,0.9567779898643494,0.49771857261657715,-0.09270565211772919,0.9909828901290894,0.4314556121826172,-0.11035223305225372,1.0162099599838257,0.3698326349258423,-0.12213262915611267,5
0.8253626227378845,0.9103789329528809,6.349114869408368e-07,0.7235085368156433,0.8601672053337097,-0.03296118229627609,0.6327151656150818,0.7600614428520203,-0.04740454629063606,0.5666189789772034,0.6865120530128479,-0.060985781252384186,0.5084534883499146,0.643062949180603,-0.0747814029455185,0.7074408531188965,0.5652090907096863,-0.020808901637792587,0.6632964015007019,0.4364446997642517,-0.04300938546657562,0.6379201412200928,0.3526584506034851,-0.062395427376031876,0.6207425594329834,0.2836027145385742,-0.07835013419389725,0.7763485908508301,0.5409343242645264,-0.028520973399281502,0.7700917720794678,0.3870384395122528,-0.046132367104291916,0.7706646919250488,0.28965768218040466,-0.06369825452566147,0.7717962861061096,0.21264687180519104,-0.07808937132358551,0.842099666595459,0.553202748298645,-0.04287360608577728,0.8523035049438477,0.40602922439575195,-0.07225047796964645,0.8584898114204407,0.31681200861930847,-0.09485666453838348,0.8592787384986877,0.23940688371658325,-0.11089100688695908,0.9045148491859436,0.5957816243171692,-0.06005045399069786,0.9568135142326355,0.4966195523738861,-0.09278672933578491,0.9915764331817627,0.4305167496204376,-0.11004610359668732,1.0172322988510132,0.36953386664390564,-0.121486596763134,5
0.8253450989723206,0.9097943305969238,6.381177968250995e-07,0.7238408327102661,0.8599138259887695,-0.033348485827445984,0.6336362361907959,0.759580135345459,-0.048277273774147034,0.5669136047363281,0.6861830949783325,-0.06215716153383255,0.5078915953636169,0.6430991888046265,-0.0763234868645668,0.7076704502105713,0.5655045509338379,-0.022448722273111343,0.6634343862533569,0.4359949231147766,-0.044967759400606155,0.638023853302002,0.35192012786865234,-0.06451957672834396,0.6213605403900146,0.28291305899620056,-0.08058927953243256,0.7763332724571228,0.5408101081848145,-0.030004000291228294,0.769286572933197,0.3861176669597626,-0.04765915870666504,0.7694751024246216,0.288945734500885,-0.06527654826641083,0.770836353302002,0.2125159204006195,-0.07985000312328339,0.8424932956695557,0.5530975461006165,-0.04409266263246536,0.8520499467849731,0.40386074781417847,-0.07366844266653061,0.8576178550720215,0.31458473205566406,-0.09658602625131607,0.8584780693054199,0.23755905032157898,-0.1130330041050911,0.9052401781082153,0.5962356328964233,-0.06092960014939308,0.9577480554580688,0.4959011673927307,-0.09438668191432953,0.9928641319274902,0.4295276999473572,-0.1120653823018074,1.0190989971160889,0.3687114715576172,-0.12382092326879501,5
0.8276660442352295,0.9102292060852051,6.333211786113679e-07,0.7251496911048889,0.8610871434211731,-0.03399272635579109,0.6345847249031067,0.7606996297836304,-0.04910264164209366,0.5672076344490051,0.6869621276855469,-0.06318169087171555,0.5073429346084595,0.6431139707565308,-0.07747634500265121,0.7092047929763794,0.5652796030044556,-0.02121816575527191,0.6645011901855469,0.43605637550354004,-0.04373213276267052,0.6388478875160217,0.35150638222694397,-0.06358829885721207,0.6220607161521912,0.28192970156669617,-0.07987123727798462,0.7770280241966248,0.5403379201889038,-0.028403975069522858,0.7697078585624695,0.386407732963562,-0.04570494219660759,0.7696317434310913,0.28946733474731445,-0.06306802481412888,0.7708253264427185,0.21280968189239502,-0.07745812088251114,0.8425342440605164,0.5519924163818359,-0.042348649352788925,0.8525129556655884,0.4031027853488922,-0.07138211280107498,0.8588135242462158,0.31412839889526367,-0.09360220283269882,0.8602280020713806,0.23727771639823914,-0.1095721498131752,0.9049962759017944,0.5943487286567688,-0.05926172062754631,0.9566993713378906,0.494792103767395,-0.09211352467536926,0.9914177656173706,0.42925965785980225,-0.10921742767095566,1.0172598361968994,0.36927086114883423,-0.12053675204515457,5
0.8260833621025085,0.9094452857971191,6.501604161712748e-07,0.7239772081375122,0.860445499420166,-0.03425555303692818,0.6337766051292419,0.7598799467086792,-0.04933823272585869,0.567255973815918,0.6858493089675903,-0.06326313316822052,0.5083504915237427,0.6420916318893433,-0.07739807665348053,0.7077450156211853,0.5645298361778259,-0.022427873685956,0.663366436958313,0.43528246879577637,-0.04528941959142685,0.6378140449523926,0.3505687117576599,-0.06516396999359131,0.6208665370941162,0.28082120418548584,-0.08136070519685745,0.776914119720459,0.5399700403213501,-0.029586106538772583,0.7713954448699951,0.3848423361778259,-0.04737594723701477,0.7715069651603699,0.28703898191452026,-0.0650191679596901,0.7722410559654236,0.20964616537094116,-0.07942985743284225,0.8430171608924866,0.5522013902664185,-0.043394267559051514,0.8540971279144287,0.40311580896377563,-0.07253016531467438,0.860398530960083,0.3141435980796814,-0.09448600560426712,0.8612836003303528,0.23722189664840698,-0.11008691787719727,0.9052700996398926,0.5951226353645325,-0.06017220765352249,0.9566452503204346,0.4945460557937622,-0.09278954565525055,0.9908496737480164,0.4279533624649048,-0.10941256582736969,1.0160901546478271,0.3667437434196472,-0.12027572840452194,5
0.824937105178833,0.9091469049453735,6.439248636525008e-07,0.7225337028503418,0.8589268922805786,-0.03321768715977669,0.6332634091377258,0.7589192390441895,-0.04778347164392471,0.5663274526596069,0.6856574416160583,-0.06162213534116745,0.5067815780639648,0.6428736448287964,-0.07565545290708542,0.7089395523071289,0.5649067163467407,-0.019242968410253525,0.6640940308570862,0.4354811906814575,-0.04134729877114296,0.6382855176925659,0.35056114196777344,-0.060884829610586166,0.6214524507522583,0.2805514931678772,-0.07691684365272522,0.7766885757446289,0.5398504137992859,-0.02671172097325325,0.7703402042388916,0.38542982935905457,-0.04356175661087036,0.7705518007278442,0.28778550028800964,-0.0606565959751606,0.7719045877456665,0.21056455373764038,-0.07475819438695908,0.8419339656829834,0.551394522190094,-0.04098040610551834,0.8529586791992188,0.4025344252586365,-0.06927971541881561,0.8595784306526184,0.31352725625038147,-0.09099970012903214,0.8610655069351196,0.2368130087852478,-0.10659781098365784,0.904017448425293,0.5936511754989624,-0.0582631416618824,0.9564803838729858,0.49499964714050293,-0.09032444655895233,0.9905669093132019,0.42876869440078735,-0.10711480677127838,1.0159568786621094,0.3678660988807678,-0.1182371973991394,5
0.8244523406028748,0.9075638055801392,6.41122483102663e-07,0.7226212024688721,0.8585195541381836,-0.034294359385967255,0.6327579021453857,0.7578436136245728,-0.04964306950569153,0.565168559551239,0.6845479607582092,-0.06402820348739624,0.5050967931747437,0.6427791118621826,-0.07868516445159912,0.7085127234458923,0.564431369304657,-0.022005479782819748,0.6637627482414246,0.43506503105163574,-0.04489820450544357,0.6382406949996948,0.35054588317871094,-0.06476560235023499,0.621641993522644,0.28097593784332275,-0.08102894574403763,0.7764394283294678,0.540091335773468,-0.029225317761301994,0.7697809934616089,0.38566988706588745,-0.04696984216570854,0.769611656665802,0.2884700894355774,-0.06448791921138763,0.7705472707748413,0.21117347478866577,-0.0788956955075264,0.8418639898300171,0.5522425770759583,-0.043203204870224,0.852874755859375,0.4033172130584717,-0.072396419942379,0.8589252829551697,0.3140852451324463,-0.09484844654798508,0.8600109219551086,0.23654207587242126,-0.11096935719251633,0.9039366245269775,0.595041036605835,-0.06017892807722092,0.9568517208099365,0.4969409704208374,-0.09302393347024918,0.9913099408149719,0.4306628704071045,-0.11045750975608826,1.0169973373413086,0.3691633641719818,-0.12209843099117279,5
0.8258851766586304,0.9090238213539124,6.390480393747566e-07,0.7227315902709961,0.8594070672988892,-0.03367060422897339,0.6322841644287109,0.7589302062988281,-0.048754896968603134,0.5648699998855591,0.6846084594726562,-0.06313171982765198,0.5038683414459229,0.6422751545906067,-0.07764306664466858,0.7082705497741699,0.5642873644828796,-0.019419338554143906,0.6635639667510986,0.4348865747451782,-0.041766706854104996,0.6384059190750122,0.3508412539958954,-0.061578307300806046,0.6216860413551331,0.28164729475975037,-0.07789129763841629,0.7763492465019226,0.539949357509613,-0.027054181322455406,0.7692404985427856,0.3855641782283783,-0.04492545127868652,0.7695410847663879,0.28858208656311035,-0.06283721327781677,0.770750880241394,0.21190667152404785,-0.07740321755409241,0.8418111801147461,0.5518506765365601,-0.04155360907316208,0.8521468639373779,0.40245139598846436,-0.07103151828050613,0.8586598634719849,0.31337493658065796,-0.09346489608287811,0.8599787950515747,0.23637545108795166,-0.10932960361242294,0.9039945602416992,0.5943640470504761,-0.059023674577474594,0.9560096263885498,0.4947129786014557,-0.09165752679109573,0.9898617267608643,0.4282968044281006,-0.10872708261013031,1.0148239135742188,0.367231547832489,-0.12005329877138138,5
